anio,geocodigoFundar,geonombreFundar,industry_gdp,prop_industry_gdp
1970,ABW,Aruba,2517232.37295248,8.9577454536e-7
1971,ABW,Aruba,2746007.10715572,9.4733019869e-7
1972,ABW,Aruba,2995583.23147431,9.7175652901e-7
1973,ABW,Aruba,3267835.6880905,9.7245413831e-7
1974,ABW,Aruba,3564812.60881807,1.04708966238e-6
1975,ABW,Aruba,3888843.2845879,1.17676803875e-6
1976,ABW,Aruba,4242255.3621255,1.19945377348e-6
1977,ABW,Aruba,4627710.80991352,1.2591554372e-6
1978,ABW,Aruba,5048607.10430029,1.32789971503e-6
1979,ABW,Aruba,5507138.71137692,1.39166589937e-6
1980,ABW,Aruba,6007231.44548173,1.5160325841e-6
1981,ABW,Aruba,6555226.45863121,1.63382576481e-6
1982,ABW,Aruba,7148077.03828781,1.81340526777e-6
1983,ABW,Aruba,7796854.16722882,1.94140415275e-6
1984,ABW,Aruba,8517802.59444037,2.01175047624e-6
1985,ABW,Aruba,9268153.7980894,2.10124816068e-6
1986,ABW,Aruba,10118357.5934314,2.24697840698e-6
1987,ABW,Aruba,11817325.408286,2.50884419538e-6
1988,ABW,Aruba,13817503.9726777,2.77798390116e-6
1989,ABW,Aruba,15662376.3791681,3.06075961019e-6
1990,ABW,Aruba,16643782.8298589,3.21863176931e-6
1991,ABW,Aruba,16621221.0438682,3.22115193217e-6
1992,ABW,Aruba,19215415.9295189,3.74371899067e-6
1993,ABW,Aruba,21744810.4895413,4.26504843866e-6
1994,ABW,Aruba,15463007.7098131,2.92298851001e-6
1995,ABW,Aruba,28642394.4849864,5.15442773622e-6
1996,ABW,Aruba,28209516.8661197,4.95286962972e-6
1997,ABW,Aruba,30048255.8385378,5.03627717866e-6
1998,ABW,Aruba,35985079.670035,5.94813002029e-6
1999,ABW,Aruba,47069995.4435926,7.52346956311e-6
2000,ABW,Aruba,53591418.1360981,8.048879559e-6
2001,ABW,Aruba,58205183.3441914,8.8087364608e-6
2002,ABW,Aruba,64375443.2320959,9.61428517233e-6
2003,ABW,Aruba,75047419.0210181,1.08228320742e-5
2004,ABW,Aruba,99881661.7918781,1.19252696757e-5
2005,ABW,Aruba,118957831.613413,1.360641575729e-5
2006,ABW,Aruba,136875328.819527,1.466714337687e-5
2007,ABW,Aruba,158061023.438913,1.596897256961e-5
2008,ABW,Aruba,180521344.420462,1.799706875482e-5
2009,ABW,Aruba,101757812.465057,1.079285377125e-5
2010,ABW,Aruba,65748448.4298791,6.37886506335e-6
2011,ABW,Aruba,110482554.198412,1.027002087861e-5
2012,ABW,Aruba,52273749.217874,4.74684810721e-6
2013,ABW,Aruba,87312785.4580966,7.67283107046e-6
2014,ABW,Aruba,96120536.5434063,8.09847929926e-6
2015,ABW,Aruba,106229050.27933,8.62860250762e-6
2016,ABW,Aruba,109557702.931522,8.66435308168e-6
2017,ABW,Aruba,116142138.698427,8.87242747011e-6
2018,ABW,Aruba,102706737.090734,7.53884011263e-6
2019,ABW,Aruba,79725862.3354745,5.7634986479e-6
2020,ABW,Aruba,75064033.7162109,5.54330860055e-6
2021,ABW,Aruba,90175779.4210328,6.09775089759e-6
2022,ABW,Aruba,96961619.9315999,6.41783118209e-6
2023,ABW,Aruba,105097770.125257,6.8485603696e-6
1970,AFG,Afganistán,1043274933.54122,3.7125659884548e-4
1971,AFG,Afganistán,1093553243.55007,3.77259042338e-4
1972,AFG,Afganistán,1143831553.60216,3.7105488127523e-4
1973,AFG,Afganistán,1194109863.66867,3.5534744992031e-4
1974,AFG,Afganistán,1315032530.8743,3.8626349260752e-4
1975,AFG,Afganistán,1440993828.2386,4.360462371509e-4
1976,AFG,Afganistán,1476262596.23704,4.1739796183017e-4
1977,AFG,Afganistán,1531684724.06228,4.1675662711098e-4
1978,AFG,Afganistán,1672761068.96532,4.3997461099941e-4
1979,AFG,Afganistán,1546801594.78462,3.9088011858296e-4
1980,AFG,Afganistán,1451072354.3886,3.6620413098971e-4
1981,AFG,Afganistán,1420838268.51082,3.5412997329274e-4
1982,AFG,Afganistán,1486335398.29476,3.7707042418745e-4
1983,AFG,Afganistán,1637492599.09219,4.0773302460082e-4
1984,AFG,Afganistán,1672770475.52843,3.9507804548015e-4
1985,AFG,Afganistán,1823924570.93683,4.1351473372271e-4
1986,AFG,Afganistán,1909543398.2857,4.2405130907081e-4
1987,AFG,Afganistán,1879316707.08284,3.9898307349163e-4
1988,AFG,Afganistán,1652630362.74125,3.322583117291e-4
1989,AFG,Afganistán,1516617966.27914,2.9637922770468e-4
1990,AFG,Afganistán,1943632928.54557,3.7586639742062e-4
1991,AFG,Afganistán,1704466478.81787,3.3032142927895e-4
1992,AFG,Afganistán,1034179536.34592,2.0148809602602e-4
1993,AFG,Afganistán,670405801.85193,1.3149405095238e-4
1994,AFG,Afganistán,408703131.683907,7.725758017708e-5
1995,AFG,Afganistán,405837869.669119,7.303376723372e-5
1996,AFG,Afganistán,483690675.913565,8.492371103991e-5
1997,AFG,Afganistán,578251540.492924,9.691860494545e-5
1998,AFG,Afganistán,695093249.00071,1.1489498034172e-4
1999,AFG,Afganistán,831869843.547249,1.3296256754272e-4
2000,AFG,Afganistán,988160123.726596,1.4841148261254e-4
2001,AFG,Afganistán,1067807329.04247,1.6160130098425e-4
2002,AFG,Afganistán,1545257608.91804,2.3077972858839e-4
2003,AFG,Afganistán,1478982857.12381,2.1328892201864e-4
2004,AFG,Afganistán,1421611126.61282,1.697318181806e-4
2005,AFG,Afganistán,1355048277.17753,1.5499063811448e-4
2006,AFG,Afganistán,1290527682.94367,1.3828901614924e-4
2007,AFG,Afganistán,1245070251.56568,1.2578997821166e-4
2008,AFG,Afganistán,1176032397.868,1.1724450640602e-4
2009,AFG,Afganistán,1142853023.64641,1.2121571078864e-4
2010,AFG,Afganistán,1095228036.58068,1.0625820115594e-4
2011,AFG,Afganistán,1041695622.70166,9.683190139773e-5
2012,AFG,Afganistán,1031726843.90509,9.368852797877e-5
2013,AFG,Afganistán,964468232.940143,8.475507665174e-5
2014,AFG,Afganistán,867944953.277162,7.312728881659e-5
2015,AFG,Afganistán,809348330.76595,6.574044499151e-5
2016,AFG,Afganistán,754349423.205029,5.965760119762e-5
2017,AFG,Afganistán,900192888.873811,6.876828862594e-5
2018,AFG,Afganistán,1067987660.47614,7.839201636286e-5
2019,AFG,Afganistán,1583563310.70769,1.1447809697859e-4
2020,AFG,Afganistán,1469165649.92938,1.084945503153e-4
2021,AFG,Afganistán,1317755749.7377,8.910758917044e-5
2022,AFG,Afganistán,1186214120.41202,7.851479766931e-5
2023,AFG,Afganistán,1206135558.88819,7.859626497424e-5
1970,AGO,Angola,2917623771.49363,0.00103825659305238
1971,AGO,Angola,3094977179.70686,0.00106771950406705
1972,AGO,Angola,3102242840.94179,0.00100635652636749
1973,AGO,Angola,3352407939.60099,9.9762144897611e-4
1974,AGO,Angola,3448740231.27488,0.00101299581231093
1975,AGO,Angola,3277274728.98122,9.917067552113e-4
1976,AGO,Angola,3124275925.43757,8.8335666486217e-4
1977,AGO,Angola,3144162140.6555,8.5549616591747e-4
1978,AGO,Angola,2966430201.70661,7.8023932901552e-4
1979,AGO,Angola,2941012688.90925,7.4320028662429e-4
1980,AGO,Angola,3050533635.7348,7.6985686878436e-4
1981,AGO,Angola,3009955568.41081,7.5020184117849e-4
1982,AGO,Angola,2899823190.51103,7.3566004131308e-4
1983,AGO,Angola,2978274680.01059,7.4158560719357e-4
1984,AGO,Angola,2994481446.42577,7.0724220351076e-4
1985,AGO,Angola,3546627321.5254,8.0408075851569e-4
1986,AGO,Angola,3387003489.9544,7.5215010302044e-4
1987,AGO,Angola,2527693926.74407,5.3663498437362e-4
1988,AGO,Angola,2809539937.27012,5.6485286567315e-4
1989,AGO,Angola,2306724150.58469,4.5078268718874e-4
1990,AGO,Angola,1925034855.92237,3.7226983839284e-4
1991,AGO,Angola,1887269061.80211,3.6574812216945e-4
1992,AGO,Angola,1466408062.5719,2.8569871878222e-4
1993,AGO,Angola,1381356391.18271,2.7094059625351e-4
1994,AGO,Angola,1520873382.60479,2.8749228519898e-4
1995,AGO,Angola,1347493818.64067,2.4249227894804e-4
1996,AGO,Angola,1382528656.987,2.4273667039086e-4
1997,AGO,Angola,1511103824.82857,2.5327053085804e-4
1998,AGO,Angola,1585147910.07554,2.6201597876067e-4
1999,AGO,Angola,1697693414.02364,2.7135215560453e-4
2000,AGO,Angola,1848788127.80357,2.7766895313387e-4
2001,AGO,Angola,1991302115.11346,3.0136243093928e-4
2002,AGO,Angola,2164442355.43292,3.232531692122e-4
2003,AGO,Angola,2240382028.95012,3.2309276984724e-4
2004,AGO,Angola,2620663971.55267,3.1289151611514e-4
2005,AGO,Angola,2842586384.26939,3.2513548411067e-4
2006,AGO,Angola,4156829579.97283,4.4543319799488e-4
2007,AGO,Angola,4419764666.83929,4.4653070816145e-4
2008,AGO,Angola,4536223495.49571,4.5223863359631e-4
2009,AGO,Angola,4711443641.92692,4.9971516728776e-4
2010,AGO,Angola,5186034256.26935,5.0314514676295e-4
2011,AGO,Angola,5658692146.28393,5.2600962124425e-4
2012,AGO,Angola,6181974256.18137,5.613695829335e-4
2013,AGO,Angola,6563618184.23676,5.7679448976965e-4
2014,AGO,Angola,5898013530.12876,4.9692752660569e-4
2015,AGO,Angola,6605775153.74522,5.3656328383369e-4
2016,AGO,Angola,7372045071.57974,5.8301698306157e-4
2017,AGO,Angola,7460509612.4386,5.6992949474047e-4
2018,AGO,Angola,7505272670.1131,5.5089911591389e-4
2019,AGO,Angola,7122503763.9374,5.1489616556854e-4
2020,AGO,Angola,7314811365.56307,5.4018222505146e-4
2021,AGO,Angola,7373329856.48807,4.9858985460764e-4
2022,AGO,Angola,7557663102.90037,5.0023716558946e-4
2023,AGO,Angola,7663470386.34097,4.9938014402159e-4
1970,AIA,Anguila,803406.00327359,2.8589758143e-7
1971,AIA,Anguila,783348.636162572,2.7024322595e-7
1972,AIA,Anguila,873718.325636255,2.8343111235e-7
1973,AIA,Anguila,909482.422383516,2.7064700608e-7
1974,AIA,Anguila,907765.871923456,2.666373705e-7
1975,AIA,Anguila,940876.052771717,2.8471007605e-7
1976,AIA,Anguila,954165.911807462,2.6978053081e-7
1977,AIA,Anguila,955757.179771355,2.6005230209e-7
1978,AIA,Anguila,1021962.66980466,2.6879967285e-7
1979,AIA,Anguila,1124672.23449424,2.8420711348e-7
1980,AIA,Anguila,1194135.06942787,3.0136139942e-7
1981,AIA,Anguila,1215211.37079727,3.028794901e-7
1982,AIA,Anguila,1208297.85002863,3.06534705e-7
1983,AIA,Anguila,1175361.62257432,2.926631544e-7
1984,AIA,Anguila,1295470.58256777,3.0596665425e-7
1985,AIA,Anguila,1533664.15373172,3.4770775845e-7
1986,AIA,Anguila,1444750.08462716,3.208348997e-7
1987,AIA,Anguila,1827365.53185707,3.8795372464e-7
1988,AIA,Anguila,1708977.17823183,3.4358673592e-7
1989,AIA,Anguila,1730075.11111137,3.3809326851e-7
1990,AIA,Anguila,1941060.29844069,3.7536889339e-7
1991,AIA,Anguila,2173143.86930601,4.2114995974e-7
1992,AIA,Anguila,2299734.62117844,4.4805484338e-7
1993,AIA,Anguila,2405226.98951487,4.7176357877e-7
1994,AIA,Anguila,2489620.52365885,4.7061556985e-7
1995,AIA,Anguila,2658408.49325973,4.7840184866e-7
1996,AIA,Anguila,2643286.26505344,4.640934592e-7
1997,AIA,Anguila,2734135.90365812,4.5825842035e-7
1998,AIA,Anguila,3040122.62756758,5.0251506547e-7
1999,AIA,Anguila,4697052.58980225,7.5075707704e-7
2000,AIA,Anguila,4878141.67816338,7.3264668495e-7
2001,AIA,Anguila,4103756.59901067,6.2105998646e-7
2002,AIA,Anguila,5073331.8071901,7.5768734659e-7
2003,AIA,Anguila,5147343.11778489,7.4231507117e-7
2004,AIA,Anguila,4399230.85965371,5.2524170529e-7
2005,AIA,Anguila,6933742.17470858,7.9308253608e-7
2006,AIA,Anguila,8892997.72776332,9.5294655251e-7
2007,AIA,Anguila,12830019.5480096,1.29622234357e-6
2008,AIA,Anguila,12727409.5783979,1.26885862715e-6
2009,AIA,Anguila,10851186.5769748,1.15092165537e-6
2010,AIA,Anguila,6015410.21139984,5.8361057873e-7
2011,AIA,Anguila,5974811.0214822,5.5539478048e-7
2012,AIA,Anguila,6088854.59616666,5.5291362007e-7
2013,AIA,Anguila,6089065.50339042,5.3509197695e-7
2014,AIA,Anguila,6946983.36284654,5.8530677188e-7
2015,AIA,Anguila,7145746.2962963,5.8042319166e-7
2016,AIA,Anguila,6882974.82306075,5.4433894216e-7
2017,AIA,Anguila,6767504.47002067,5.1698886585e-7
2018,AIA,Anguila,7401944.94504774,5.4331469428e-7
2019,AIA,Anguila,7555612.48906817,5.4620622579e-7
2020,AIA,Anguila,7579966.8655351,5.5976335719e-7
2021,AIA,Anguila,7497889.70560081,5.0701268096e-7
2022,AIA,Anguila,8416491.61212971,5.5708250697e-7
2023,AIA,Anguila,8791674.38234787,5.7289809941e-7
1970,ALB,Albania,310201639.298409,1.1038739823961e-4
1971,ALB,Albania,322674963.766045,1.1131789744561e-4
1972,ALB,Albania,335586939.256822,1.0886320762118e-4
1973,ALB,Albania,348949944.956147,1.0384176269094e-4
1974,ALB,Albania,363185702.478752,1.066782567054e-4
1975,ALB,Albania,377506490.329211,1.1423385817641e-4
1976,ALB,Albania,392317018.238937,1.109235743164e-4
1977,ALB,Albania,409471170.23491,1.1141315254075e-4
1978,ALB,Albania,423946240.400119,1.1150760599664e-4
1979,ALB,Albania,440326638.562628,1.1127149679501e-4
1980,ALB,Albania,465504402.433184,1.1747838393403e-4
1981,ALB,Albania,470430256.822138,1.1725011774854e-4
1982,ALB,Albania,493468506.536217,1.2518868843212e-4
1983,ALB,Albania,492732333.801538,1.2268955895794e-4
1984,ALB,Albania,494949100.630374,1.16898000144e-4
1985,ALB,Albania,496197525.042203,1.1249642156874e-4
1986,ALB,Albania,532415968.288244,1.1823333710327e-4
1987,ALB,Albania,551292510.169537,1.1704061336302e-4
1988,ALB,Albania,549663775.464335,1.1050889670905e-4
1989,ALB,Albania,571055292.361002,1.1159628218163e-4
1990,ALB,Albania,560706333.974383,1.084313126551e-4
1991,ALB,Albania,345676936.639333,6.699134374215e-5
1992,ALB,Albania,169505928.025191,3.302465916468e-5
1993,ALB,Albania,154320544.550107,3.026858283746e-5
1994,ALB,Albania,145596623.46132,2.752228191702e-5
1995,ALB,Albania,160889652.12877,2.895337838597e-5
1996,ALB,Albania,188323265.79094,3.306474861421e-5
1997,ALB,Albania,146211566.989096,2.450598071453e-5
1998,ALB,Albania,206737347.525587,3.417251356418e-5
1999,ALB,Albania,233530075.9967,3.732646247946e-5
2000,ALB,Albania,249471535.530886,3.746805762424e-5
2001,ALB,Albania,263834446.288744,3.992854198046e-5
2002,ALB,Albania,274859495.792023,4.104946610373e-5
2003,ALB,Albania,327907615.623888,4.728862239426e-5
2004,ALB,Albania,347644524.32948,4.150666528304e-5
2005,ALB,Albania,395911407.654593,4.528440996729e-5
2006,ALB,Albania,447486430.222803,4.795128302439e-5
2007,ALB,Albania,504106931.394468,5.09301381482e-5
2008,ALB,Albania,478750479.359495,4.772901133158e-5
2009,ALB,Albania,492609358.240509,5.224818263134e-5
2010,ALB,Albania,549635826.753883,5.332525491592e-5
2011,ALB,Albania,607192875.936788,5.644224609452e-5
2012,ALB,Albania,512122206.654785,4.650453360806e-5
2013,ALB,Albania,562547861.381816,4.943531106912e-5
2014,ALB,Albania,615277896.274107,5.183923733114e-5
2015,ALB,Albania,645804411.394999,5.245636244459e-5
2016,ALB,Albania,675131587.653484,5.339267158318e-5
2017,ALB,Albania,759060557.272803,5.798678942288e-5
2018,ALB,Albania,806569358.938082,5.920349150426e-5
2019,ALB,Albania,851716514.267435,6.157182668939e-5
2020,ALB,Albania,816704234.557672,6.031175495642e-5
2021,ALB,Albania,907678067.873552,6.137784212832e-5
2022,ALB,Albania,972006471.431571,6.433652249158e-5
2023,ALB,Albania,912555456.318038,5.946549699155e-5
1970,AND,Andorra,32789588.5130488,1.166840179661e-5
1971,AND,Andorra,34314138.939345,1.183784993667e-5
1972,AND,Andorra,37110856.8740413,1.203862976856e-5
1973,AND,Andorra,40001380.0724087,1.190375260644e-5
1974,AND,Andorra,42248423.1938529,1.240959680987e-5
1975,AND,Andorra,42477137.6540171,1.285362620991e-5
1976,AND,Andorra,43881106.8682864,1.240692856159e-5
1977,AND,Andorra,45128010.5454193,1.227889602062e-5
1978,AND,Andorra,45788215.0423732,1.204335303791e-5
1979,AND,Andorra,45802638.6592445,1.157442615194e-5
1980,AND,Andorra,46815070.8054229,1.181462266142e-5
1981,AND,Andorra,46758904.2062458,1.165419728954e-5
1982,AND,Andorra,47346673.3442753,1.201144117422e-5
1983,AND,Andorra,48177646.9394805,1.199615663342e-5
1984,AND,Andorra,49008025.3635995,1.157480667954e-5
1985,AND,Andorra,50175897.2960267,1.13757296438e-5
1986,AND,Andorra,51842862.3749899,1.151271747781e-5
1987,AND,Andorra,54718680.6847061,1.161689635105e-5
1988,AND,Andorra,57425326.3947936,1.154525683939e-5
1989,AND,Andorra,60024742.3017006,1.173010419373e-5
1990,AND,Andorra,62707843.3136394,1.212665766778e-5
1991,AND,Andorra,64368340.2667528,1.24744267027e-5
1992,AND,Andorra,64750686.4981649,1.261530718833e-5
1993,AND,Andorra,63541709.5078287,1.246313317179e-5
1994,AND,Andorra,64390927.5157629,1.217188433259e-5
1995,AND,Andorra,69803758.7753059,1.25617441137e-5
1996,AND,Andorra,69788539.7218412,1.225308255124e-5
1997,AND,Andorra,74231118.351314,1.244160357621e-5
1998,AND,Andorra,73954112.9018087,1.222419633661e-5
1999,AND,Andorra,75476703.4263429,1.206387796729e-5
2000,AND,Andorra,85841805.907647,1.289255595221e-5
2001,AND,Andorra,83626490.2429713,1.265598132963e-5
2002,AND,Andorra,87084006.7206206,1.300574306794e-5
2003,AND,Andorra,99545905.9392635,1.435583845132e-5
2004,AND,Andorra,108813569.191992,1.299168569796e-5
2005,AND,Andorra,109091997.876704,1.247796012058e-5
2006,AND,Andorra,112966884.547793,1.210518730286e-5
2007,AND,Andorra,113511508.844966,1.14681161215e-5
2008,AND,Andorra,112818936.716673,1.124747972298e-5
2009,AND,Andorra,107893393.064522,1.144361878484e-5
2010,AND,Andorra,108323387.860529,1.050945369615e-5
2011,AND,Andorra,107167262.962716,9.96184452936e-6
2012,AND,Andorra,103595799.911784,9.40727485754e-6
2013,AND,Andorra,102987961.469717,9.05032666753e-6
2014,AND,Andorra,101131050.182552,8.52063196761e-6
2015,AND,Andorra,103395506.277344,8.39844395102e-6
2016,AND,Andorra,108244631.762168,8.56050906225e-6
2017,AND,Andorra,108840927.935476,8.31466726641e-6
2018,AND,Andorra,106478244.984633,7.81567487343e-6
2019,AND,Andorra,110539809.485844,7.99108374433e-6
2020,AND,Andorra,99772725.7527186,7.3679894536e-6
2021,AND,Andorra,117605356.595982,7.95255858446e-6
2022,AND,Andorra,113375029.026854,7.50422483733e-6
2023,AND,Andorra,110506056.87226,7.20098438619e-6
1970,ANT,Antillas Holandesas,132079409.40228,4.700137110144e-5
1971,ANT,Antillas Holandesas,140653237.387063,4.852320264363e-5
1972,ANT,Antillas Holandesas,147355871.438832,4.78017197635e-5
1973,ANT,Antillas Holandesas,153009252.596026,4.553303626281e-5
1974,ANT,Antillas Holandesas,161822882.263589,4.753211058998e-5
1975,ANT,Antillas Holandesas,166233119.684189,5.030231560169e-5
1976,ANT,Antillas Holandesas,174863833.986705,4.94409382788e-5
1977,ANT,Antillas Holandesas,242725291.381264,6.604320860646e-5
1978,ANT,Antillas Holandesas,258277069.731594,6.793280606148e-5
1979,ANT,Antillas Holandesas,258521563.905793,6.532896002723e-5
1980,ANT,Antillas Holandesas,309952340.872648,7.822203165418e-5
1981,ANT,Antillas Holandesas,294972314.919417,7.35189502701e-5
1982,ANT,Antillas Holandesas,281413759.474458,7.139223473985e-5
1983,ANT,Antillas Holandesas,266018973.925488,6.623829683259e-5
1984,ANT,Antillas Holandesas,245317904.27689,5.793963939516e-5
1985,ANT,Antillas Holandesas,238589931.198433,5.40923969338e-5
1986,ANT,Antillas Holandesas,236588752.975867,5.253914129467e-5
1987,ANT,Antillas Holandesas,186651888.365795,3.962660674091e-5
1988,ANT,Antillas Holandesas,203604350.497921,4.093428227043e-5
1989,ANT,Antillas Holandesas,221154615.684321,4.321828941579e-5
1990,ANT,Antillas Holandesas,237110720.415845,4.585328379839e-5
1991,ANT,Antillas Holandesas,242919232.74905,4.707715238651e-5
1992,ANT,Antillas Holandesas,272013216.833938,5.299604491057e-5
1993,ANT,Antillas Holandesas,251199503.907456,4.927051686422e-5
1994,ANT,Antillas Holandesas,269849449.547877,5.10099235068e-5
1995,ANT,Antillas Holandesas,281721726.106532,5.069807552932e-5
1996,ANT,Antillas Holandesas,294131970.404995,5.164205081087e-5
1997,ANT,Antillas Holandesas,245760019.660115,4.119092918718e-5
1998,ANT,Antillas Holandesas,219509201.467004,3.628362874137e-5
1999,ANT,Antillas Holandesas,217744731.469498,3.480339958187e-5
2000,ANT,Antillas Holandesas,231903727.982939,3.482955369978e-5
2001,ANT,Antillas Holandesas,246809343.717737,3.735197348347e-5
2002,ANT,Antillas Holandesas,229461198.66829,3.426936249633e-5
2003,ANT,Antillas Holandesas,215561343.819327,3.108680160196e-5
2004,ANT,Antillas Holandesas,222388007.948376,2.655179058747e-5
2005,ANT,Antillas Holandesas,186713371.816463,2.135630525476e-5
2006,ANT,Antillas Holandesas,235445189.82797,2.522958948398e-5
2007,ANT,Antillas Holandesas,224301793.677565,2.266130582114e-5
2008,ANT,Antillas Holandesas,257989162.539639,2.572022001681e-5
2009,ANT,Antillas Holandesas,244861608.944616,2.597103333407e-5
1970,ARE,Emiratos Árabes Unidos,265713417.983349,9.455595706997e-5
1971,ARE,Emiratos Árabes Unidos,323674999.982329,1.1166289455251e-4
1972,ARE,Emiratos Árabes Unidos,339750470.76696,1.1021384241117e-4
1973,ARE,Emiratos Árabes Unidos,383235784.307432,1.1404466441091e-4
1974,ARE,Emiratos Árabes Unidos,573396730.554732,1.684233801019e-4
1975,ARE,Emiratos Árabes Unidos,344233614.023366,1.041654510618e-4
1976,ARE,Emiratos Árabes Unidos,511974569.815875,1.4475550792571e-4
1977,ARE,Emiratos Árabes Unidos,1402460253.54038,3.8159589616625e-4
1978,ARE,Emiratos Árabes Unidos,1658447538.44831,4.3620982346455e-4
1979,ARE,Emiratos Árabes Unidos,1853902217.58267,4.6848511217809e-4
1980,ARE,Emiratos Árabes Unidos,3056531941.05486,7.7137064870064e-4
1981,ARE,Emiratos Árabes Unidos,5827174948.25035,0.00145236608172084
1982,ARE,Emiratos Árabes Unidos,6746832972.19952,0.00171161312155244
1983,ARE,Emiratos Árabes Unidos,6648376324.04826,0.0016554350161897
1984,ARE,Emiratos Árabes Unidos,7041473607.92655,0.00166306834740188
1985,ARE,Emiratos Árabes Unidos,6886860204.93554,0.00156136838617552
1986,ARE,Emiratos Árabes Unidos,5558600295.04131,0.00123439547581366
1987,ARE,Emiratos Árabes Unidos,5993168243.05261,0.00127236280960716
1988,ARE,Emiratos Árabes Unidos,5915779430.44388,0.00118935663439023
1989,ARE,Emiratos Árabes Unidos,6157619470.02451,0.0012033290806271
1990,ARE,Emiratos Árabes Unidos,6488754293.66979,0.00125481754517007
1991,ARE,Emiratos Árabes Unidos,6682575486.64177,0.0012950667633798
1992,ARE,Emiratos Árabes Unidos,7075705236.99825,0.00137855210448417
1993,ARE,Emiratos Árabes Unidos,6388222114.75887,0.00125299214585073
1994,ARE,Emiratos Árabes Unidos,8065351312.74596,0.001524601788916
1995,ARE,Emiratos Árabes Unidos,9026235344.31445,0.00162434316854396
1996,ARE,Emiratos Árabes Unidos,9879434096.78066,0.00173457593510197
1997,ARE,Emiratos Árabes Unidos,12275569621.8744,0.002057462884835
1998,ARE,Emiratos Árabes Unidos,12873084864.7266,0.00212784807591856
1999,ARE,Emiratos Árabes Unidos,14021175613.0279,0.00224108557839518
2000,ARE,Emiratos Árabes Unidos,18289930535.7617,0.00274695936672298
2001,ARE,Emiratos Árabes Unidos,18447774709.1566,0.00279187481878155
2002,ARE,Emiratos Árabes Unidos,18982169466.3148,0.0028349317888312
2003,ARE,Emiratos Árabes Unidos,19796051793.6471,0.00285485293284834
2004,ARE,Emiratos Árabes Unidos,21363230020.0339,0.00255064117439089
2005,ARE,Emiratos Árabes Unidos,22767308141.4146,0.00260412833728478
2006,ARE,Emiratos Árabes Unidos,24420343189.5179,0.00261680960303178
2007,ARE,Emiratos Árabes Unidos,24877703049.2115,0.00251340494287874
2008,ARE,Emiratos Árabes Unidos,28598585664.6191,0.00285113494002155
2009,ARE,Emiratos Árabes Unidos,25072612746.6366,0.00265930483844282
2010,ARE,Emiratos Árabes Unidos,26661662419.8156,0.00258669445442741
2011,ARE,Emiratos Árabes Unidos,33288406129.7075,0.00309435845730031
2012,ARE,Emiratos Árabes Unidos,26781231267.7048,0.00243193646627766
2013,ARE,Emiratos Árabes Unidos,28383991732.6507,0.00249431480770453
2014,ARE,Emiratos Árabes Unidos,28986158149.7619,0.00244218155851675
2015,ARE,Emiratos Árabes Unidos,33976082195.5072,0.00275975457994342
2016,ARE,Emiratos Árabes Unidos,38033340523.6741,0.00300786053701031
2017,ARE,Emiratos Árabes Unidos,39373446311.2224,0.00300784926607864
2018,ARE,Emiratos Árabes Unidos,39693071264.4327,0.00291353543417012
2019,ARE,Emiratos Árabes Unidos,41270075591.9991,0.00298347384281302
2020,ARE,Emiratos Árabes Unidos,42267617481.571,0.00312136766319216
2021,ARE,Emiratos Árabes Unidos,47014480523.3045,0.00317915290171668
2022,ARE,Emiratos Árabes Unidos,51810252631.1788,0.00342928939432994
2023,ARE,Emiratos Árabes Unidos,53759415944.8478,0.00350316286533902
1970,ARG,Argentina,45011099432.4364,0.0160175109631559
1971,ARG,Argentina,47775766694.652,0.0164819043759374
1972,ARG,Argentina,49695376624.7136,0.0161210031453851
1973,ARG,Argentina,51666462128.3408,0.0153750891122397
1974,ARG,Argentina,54701376152.3233,0.0160673930925394
1975,ARG,Argentina,53305101219.8133,0.0161301792917875
1976,ARG,Argentina,51687910284.1757,0.0146142213850494
1977,ARG,Argentina,55726597991.5917,0.015162669349963
1978,ARG,Argentina,49862672238.6192,0.0131150289354521
1979,ARG,Argentina,54827920270.2156,0.013855134394184
1980,ARG,Argentina,52848255504.6926,0.0133372050145445
1981,ARG,Argentina,46521094118.5307,0.0115949254625663
1982,ARG,Argentina,45277605754.1267,0.0114865366373486
1983,ARG,Argentina,48605765789.0398,0.0121027575386853
1984,ARG,Argentina,49904113935.1498,0.0117864465468221
1985,ARG,Argentina,44948447069.002,0.0101905777339472
1986,ARG,Argentina,50068693277.347,0.0111187286692646
1987,ARG,Argentina,50544144711.0104,0.0107306331752395
1988,ARG,Argentina,48276607104.6453,0.00970592355933257
1989,ARG,Argentina,44601001790.9489,0.00871597907948286
1990,ARG,Argentina,43595239142.6464,0.00843059676576831
1991,ARG,Argentina,47892588638.5448,0.00928146638702161
1992,ARG,Argentina,52811682317.3754,0.0102892437377526
1993,ARG,Argentina,55518098170.0866,0.0108893741811158
1994,ARG,Argentina,57933913838.4411,0.0109513082880107
1995,ARG,Argentina,59717022673.856,0.0107465553606646
1996,ARG,Argentina,63569913332.9145,0.0111612508149351
1997,ARG,Argentina,69387477142.5939,0.0116297787630832
1998,ARG,Argentina,70670270981.5913,0.0116813958513444
1999,ARG,Argentina,65066919958.5847,0.0104000220790536
2000,ARG,Argentina,62579271944.9337,0.00939876271786405
2001,ARG,Argentina,57972198737.6733,0.00877347671449904
2002,ARG,Argentina,51621214837.1763,0.00770947826483645
2003,ARG,Argentina,59863669677.1183,0.00863313425981391
2004,ARG,Argentina,67075060489.2241,0.00800835879678006
2005,ARG,Argentina,72054149062.1411,0.00824156506452961
2006,ARG,Argentina,78610922696.7002,0.00842370706338855
2007,ARG,Argentina,84533444073.7789,0.00854044988612137
2008,ARG,Argentina,87594484990.56,0.00873272894116406
2009,ARG,Argentina,81235279187.4359,0.00861614914960872
2010,ARG,Argentina,90096376358.0552,0.00874108273594284
2011,ARG,Argentina,97003713288.8985,0.00901708118542698
2012,ARG,Argentina,94177678654.2847,0.00855203887899374
2013,ARG,Argentina,95593669856.283,0.00840053465669037
2014,ARG,Argentina,90762320524.9934,0.0076470315330887
2015,ARG,Argentina,91457498475.6646,0.0074287626464996
2016,ARG,Argentina,86334836230.3757,0.00682777645326614
2017,ARG,Argentina,88557155759.1111,0.00676513236485811
2018,ARG,Argentina,84302052978.7763,0.0061879066220567
2019,ARG,Argentina,79111954553.1486,0.00571911836063827
2020,ARG,Argentina,73023140435.3399,0.00539259326170891
2021,ARG,Argentina,84538806929.9441,0.0057165747737184
2022,ARG,Argentina,88446407986.0194,0.00585421443574486
2023,ARG,Argentina,86582756847.3247,0.00564205345678229
1990,ARM,Armenia,1773287165.14891,3.4292434984393e-4
1991,ARM,Armenia,1809628150.8164,3.5070150376655e-4
1992,ARM,Armenia,539907621.471043,1.0518962603389e-4
1993,ARM,Armenia,592460743.029709,1.1620583073122e-4
1994,ARM,Armenia,333085964.90974,6.29635881033e-5
1995,ARM,Armenia,341622727.478394,6.147773932666e-5
1996,ARM,Armenia,344082556.999217,6.041209620029e-5
1997,ARM,Armenia,349153277.088266,5.852029118449e-5
1998,ARM,Armenia,340161636.019193,5.622679336854e-5
1999,ARM,Armenia,355300301.717785,5.678970181639e-5
2000,ARM,Armenia,380513971.257362,5.714928306975e-5
2001,ARM,Armenia,390669722.371407,5.912371424439e-5
2002,ARM,Armenia,457282738.119666,6.829384665855e-5
2003,ARM,Armenia,531257054.949125,7.66143055811e-5
2004,ARM,Armenia,662788956.403147,7.913301502385e-5
2005,ARM,Armenia,721365541.945777,8.250990576723e-5
2006,ARM,Armenia,718036527.828115,7.694260751236e-5
2007,ARM,Armenia,729486845.697622,7.370036695568e-5
2008,ARM,Armenia,735740169.945215,7.334958902892e-5
2009,ARM,Armenia,683416278.712568,7.248595250188e-5
2010,ARM,Armenia,769255367.841485,7.463257777036e-5
2011,ARM,Armenia,864467097.193048,8.035743924879e-5
2012,ARM,Armenia,900199664.261502,8.174487455654e-5
2013,ARM,Armenia,969843286.639437,8.522742304194e-5
2014,ARM,Armenia,1027925739.70703,8.660620949029e-5
2015,ARM,Armenia,971558305.281334,7.891617601033e-5
2016,ARM,Armenia,1079636818.46961,8.538290183994e-5
2017,ARM,Armenia,1206840056.03221,9.219393568238e-5
2018,ARM,Armenia,1342557675.73381,9.854589821505e-5
2019,ARM,Armenia,1470122521.32735,1.0627729717463e-4
2020,ARM,Armenia,1411836982.01683,1.042609582451e-4
2021,ARM,Armenia,1448408383.2586,9.794241398083e-5
2022,ARM,Armenia,1629414104.10361,1.0784993746221e-4
2023,ARM,Armenia,1663615296.4512,1.0840734085944e-4
1970,ATG,Antigua y Barbuda,10638595.8148483,3.78581788149e-6
1971,ATG,Antigua y Barbuda,11343822.0234869,3.91344404881e-6
1972,ATG,Antigua y Barbuda,12146618.9290374,3.94031991023e-6
1973,ATG,Antigua y Barbuda,13571958.180267,4.03879146845e-6
1974,ATG,Antigua y Barbuda,13341925.0647395,3.91891337485e-6
1975,ATG,Antigua y Barbuda,12766842.0940814,3.86325974916e-6
1976,ATG,Antigua y Barbuda,5635812.96697782,1.59346775544e-6
1977,ATG,Antigua y Barbuda,7016012.38750042,1.9089892407e-6
1978,ATG,Antigua y Barbuda,8439551.06427114,2.21979592029e-6
1979,ATG,Antigua y Barbuda,9761408.74468868,2.46672916586e-6
1980,ATG,Antigua y Barbuda,11591672.4979089,2.92536643054e-6
1981,ATG,Antigua y Barbuda,14133706.135033,3.5226873368e-6
1982,ATG,Antigua y Barbuda,14133706.135033,3.585598899e-6
1983,ATG,Antigua y Barbuda,14438749.8514504,3.59522550004e-6
1984,ATG,Antigua y Barbuda,15048838.0116431,3.55426258136e-6
1985,ATG,Antigua y Barbuda,15455563.4517716,3.50403920596e-6
1986,ATG,Antigua y Barbuda,16065651.6119643,3.56769089576e-6
1987,ATG,Antigua y Barbuda,16777420.7685102,3.56188335806e-6
1988,ATG,Antigua y Barbuda,17082464.8486065,3.43439831358e-6
1989,ATG,Antigua y Barbuda,17592299.4523069,3.43790739734e-6
1990,ATG,Antigua y Barbuda,18120128.5265482,3.50413256024e-6
1991,ATG,Antigua y Barbuda,17124451.2191776,3.31867670771e-6
1992,ATG,Antigua y Barbuda,16098783.491251,3.13650881688e-6
1993,ATG,Antigua y Barbuda,15295044.2935528,2.99998497641e-6
1994,ATG,Antigua y Barbuda,15600944.8375657,2.94906290945e-6
1995,ATG,Antigua y Barbuda,14821197.5398976,2.66719291656e-6
1996,ATG,Antigua y Barbuda,15421003.0415872,2.70753370173e-6
1997,ATG,Antigua y Barbuda,16344703.9215096,2.73947545555e-6
1998,ATG,Antigua y Barbuda,17244412.174044,2.85040374164e-6
1999,ATG,Antigua y Barbuda,18018161.314865,2.87994691646e-6
2000,ATG,Antigua y Barbuda,18557047.3200843,2.78707755914e-6
2001,ATG,Antigua y Barbuda,18908589.9354277,2.86161431021e-6
2002,ATG,Antigua y Barbuda,19910485.7890863,2.97357313107e-6
2003,ATG,Antigua y Barbuda,20204902.8067182,2.91381466551e-6
2004,ATG,Antigua y Barbuda,21176038.6951721,2.52829165607e-6
2005,ATG,Antigua y Barbuda,22208694.8777142,2.54023406306e-6
2006,ATG,Antigua y Barbuda,24968303.080732,2.67552731613e-6
2007,ATG,Antigua y Barbuda,28840240.7949413,2.91374182031e-6
2008,ATG,Antigua y Barbuda,28490046.3374486,2.84031411581e-6
2009,ATG,Antigua y Barbuda,34097596.7225401,3.61653190514e-6
2010,ATG,Antigua y Barbuda,33651368.1116799,3.26483044859e-6
2011,ATG,Antigua y Barbuda,37458931.3794372,3.48203397494e-6
2012,ATG,Antigua y Barbuda,32272869.6175851,2.93061837635e-6
2013,ATG,Antigua y Barbuda,37338917.3274449,3.28125146282e-6
2014,ATG,Antigua y Barbuda,39022750.8447924,3.28779833406e-6
2015,ATG,Antigua y Barbuda,40259259.2592593,3.27011438477e-6
2016,ATG,Antigua y Barbuda,43095955.0336244,3.40823658047e-6
2017,ATG,Antigua y Barbuda,45241660.8116698,3.45613881987e-6
2018,ATG,Antigua y Barbuda,49096657.633243,3.60377383651e-6
2019,ATG,Antigua y Barbuda,49787647.6295627,3.59922152473e-6
2020,ATG,Antigua y Barbuda,37858978.2194118,2.79579965506e-6
2021,ATG,Antigua y Barbuda,39713740.8411121,2.68547164677e-6
2022,ATG,Antigua y Barbuda,39204590.3175081,2.59492820353e-6
2023,ATG,Antigua y Barbuda,39248231.7909599,2.55756030313e-6
1970,AUS,Australia,45479119606.6274,0.0161840591782763
1971,AUS,Australia,46410232518.982,0.0160108160970342
1972,AUS,Australia,48453052031.1924,0.0157179974728255
1973,AUS,Australia,51727192146.3774,0.0153931613664765
1974,AUS,Australia,49599939220.9327,0.0145689519512196
1975,AUS,Australia,49070571568.5862,0.0148488061975123
1976,AUS,Australia,50282574644.4181,0.0142168772856884
1977,AUS,Australia,50065398171.6605,0.0136223115300466
1978,AUS,Australia,52126312407.9328,0.0137104183317108
1979,AUS,Australia,54373297111.75,0.0137402501357951
1980,AUS,Australia,55487457662.0947,0.0140032550082851
1981,AUS,Australia,56863474219.9571,0.014172662049673
1982,AUS,Australia,52186262163.4336,0.0132392029640818
1983,AUS,Australia,52978616950.76,0.0131915904477841
1984,AUS,Australia,55684839404.2624,0.0131517490513829
1985,AUS,Australia,56038882299.9557,0.0127049681010013
1986,AUS,Australia,57572691138.806,0.0127851375706141
1987,AUS,Australia,61412303309.512,0.0130379671676859
1988,AUS,Australia,64949338884.0583,0.0130579457887627
1989,AUS,Australia,64184131155.8266,0.0125429367486202
1990,AUS,Australia,62770787391.709,0.0121388300093437
1991,AUS,Australia,60908951588.7978,0.0118040056491156
1992,AUS,Australia,62209748170.4187,0.0121202588840661
1993,AUS,Australia,64984969399.1201,0.0127462155812222
1994,AUS,Australia,66364944903.1004,0.0125450349026558
1995,AUS,Australia,67872737810.3183,0.0122142414624731
1996,AUS,Australia,68898104854.8742,0.0120967449637971
1997,AUS,Australia,71184679019.8711,0.0119310011318166
1998,AUS,Australia,72890419232.9878,0.0120483737928892
1999,AUS,Australia,73825861644.2925,0.0118000143789578
2000,AUS,Australia,75531036293.6781,0.0113439844519656
2001,AUS,Australia,77612876388.0025,0.0117458847268618
2002,AUS,Australia,80850728748.776,0.012074821136057
2003,AUS,Australia,82011831088.8054,0.0118271925610578
2004,AUS,Australia,81276032674.5929,0.00970386946339806
2005,AUS,Australia,80802090267.898,0.00924215597520357
2006,AUS,Australia,82372095185.5413,0.00882674285248766
2007,AUS,Australia,85652930389.8814,0.00865355206580457
2008,AUS,Australia,81187804732.5352,0.00809401518981239
2009,AUS,Australia,81547503265.5399,0.00864926492457684
2010,AUS,Australia,81242664414.4557,0.00788210225584399
2011,AUS,Australia,82162271041.2885,0.0076374794658829
2012,AUS,Australia,79440778367.0453,0.00721381791184749
2013,AUS,Australia,78699324315.5214,0.00691590146465331
2014,AUS,Australia,77457346361.9391,0.00652604259865759
2015,AUS,Australia,75706361050.3313,0.0061493545794144
2016,AUS,Australia,75229590824.9807,0.00594951993020552
2017,AUS,Australia,76871422336.4786,0.00587242603630801
2018,AUS,Australia,76090378823.775,0.00558515649811016
2019,AUS,Australia,74625003196.3926,0.00539475011524908
2020,AUS,Australia,75891300390.4139,0.00560440036771705
2021,AUS,Australia,77744652737.358,0.00525714919301112
2022,AUS,Australia,77868511194.4775,0.00515406982267417
2023,AUS,Australia,78064196245.4518,0.00508695246392113
1970,AUT,Austria,19315307654.2382,0.0068734857848315
1971,AUT,Austria,20443074979.8897,0.00705254630704604
1972,AUT,Austria,21998339471.8571,0.00713618295917484
1973,AUT,Austria,23137567847.0947,0.00688535953179648
1974,AUT,Austria,23931818615.6994,0.00702947465246654
1975,AUT,Austria,22506063989.7137,0.00681035846474649
1976,AUT,Austria,23921503670.7391,0.00676355744671074
1977,AUT,Austria,25020669133.1948,0.00680788253104383
1978,AUT,Austria,25488348122.1176,0.00670402142786773
1979,AUT,Austria,26777449210.1475,0.00676671950552851
1980,AUT,Austria,27711939327.0099,0.00699360485271138
1981,AUT,Austria,27713852349.1359,0.00690740530414138
1982,AUT,Austria,27692949459.1304,0.00702546155567322
1983,AUT,Austria,28853293351.4239,0.00718442365748275
1984,AUT,Austria,28989534544.4615,0.00684680224499253
1985,AUT,Austria,30684701706.3284,0.00695674396717852
1986,AUT,Austria,31838918313.6834,0.00707045202661388
1987,AUT,Austria,31446431013.3583,0.00667614652110862
1988,AUT,Austria,32998035306.6225,0.00663419464420931
1989,AUT,Austria,34194962834.6047,0.00668241897540947
1990,AUT,Austria,36387905743.0167,0.00703681793019605
1991,AUT,Austria,37368037669.7582,0.00724183418437489
1992,AUT,Austria,37176822775.8212,0.00724312072917629
1993,AUT,Austria,36381222703.0713,0.00713584867346388
1994,AUT,Austria,37730604070.2541,0.00713225552512305
1995,AUT,Austria,40627426283.5789,0.00731122996707846
1996,AUT,Austria,40997125964.3512,0.0071980467109225
1997,AUT,Austria,42081569411.2125,0.00705313642186465
1998,AUT,Austria,43356359780.0765,0.00716656090644268
1999,AUT,Austria,45496326110.7922,0.0072719408936097
2000,AUT,Austria,48264386579.3777,0.00724881423328156
2001,AUT,Austria,49725930157.9918,0.00752549152606897
2002,AUT,Austria,49075029982.6551,0.00732921296391118
2003,AUT,Austria,49355656859.055,0.00711773959805195
2004,AUT,Austria,50722357056.7527,0.00605594436093163
2005,AUT,Austria,53053807560.184,0.00606830297241035
2006,AUT,Austria,57284677561.5918,0.00613845158466474
2007,AUT,Austria,61582444533.2269,0.00622170061995632
2008,AUT,Austria,62446356759.8961,0.00622558722739417
2009,AUT,Austria,53563482277.7246,0.00568116410620618
2010,AUT,Austria,57954975350.7953,0.00562274816123098
2011,AUT,Austria,62067541321.2144,0.00576955293872533
2012,AUT,Austria,63339971756.1601,0.00575174403099818
2013,AUT,Austria,63573522000.6109,0.00558668346572426
2014,AUT,Austria,64986894967.5656,0.00547536502129922
2015,AUT,Austria,65444863055.8644,0.00531585011811853
2016,AUT,Austria,68594277528.6254,0.00542476725952218
2017,AUT,Austria,70725577454.1523,0.00540292751000123
2018,AUT,Austria,73452078898.3937,0.00539150102944265
2019,AUT,Austria,74282508245.0496,0.00536999065663482
2020,AUT,Austria,68690675337.1015,0.00507265054278358
2021,AUT,Austria,76169536703.0636,0.00515063871676571
2022,AUT,Austria,81269321724.7644,0.00537916742192078
2023,AUT,Austria,79845636945.0043,0.0052030377449048
1990,AZE,Azerbaiyán,2851386997.04214,5.5141099046527e-4
1991,AZE,Azerbaiyán,2800397465.90597,5.4271017059178e-4
1992,AZE,Azerbaiyán,2178850466.39009,4.2450311243782e-4
1993,AZE,Azerbaiyán,1713490319.58158,3.3608567045074e-4
1994,AZE,Azerbaiyán,1294679705.77342,2.4473465803975e-4
1995,AZE,Azerbaiyán,1018360802.27121,1.8326216292644e-4
1996,AZE,Azerbaiyán,950580670.911879,1.6689765223234e-4
1997,AZE,Azerbaiyán,958912635.243577,1.6071980507506e-4
1998,AZE,Azerbaiyán,968769076.448778,1.6013204581439e-4
1999,AZE,Azerbaiyán,1005413910.56516,1.6070111932639e-4
2000,AZE,Azerbaiyán,1097947579.31585,1.6490042875096e-4
2001,AZE,Azerbaiyán,1142797659.90437,1.7295029129263e-4
2002,AZE,Azerbaiyán,1236451322.57462,1.8466040807029e-4
2003,AZE,Azerbaiyán,1409710596.46003,2.0329894429064e-4
2004,AZE,Azerbaiyán,1557549591.85852,1.859620533236e-4
2005,AZE,Azerbaiyán,1811306419.01226,2.0717751716442e-4
2006,AZE,Azerbaiyán,1974511280.79117,2.1158261539447e-4
2007,AZE,Azerbaiyán,2175757441.04289,2.1981770165858e-4
2008,AZE,Azerbaiyán,2330300098.96474,2.3231918217248e-4
2009,AZE,Azerbaiyán,2036406159.5320401,2.1598964606529e-4
2010,AZE,Azerbaiyán,2175734309.09558,2.1108810782414e-4
2011,AZE,Azerbaiyán,2323674292.98882,2.1599956370709e-4
2012,AZE,Azerbaiyán,2432184020.40414,2.2086053299018e-4
2013,AZE,Azerbaiyán,2483094582.64073,2.1820819441992e-4
2014,AZE,Azerbaiyán,2575319760.60754,2.1697937319406e-4
2015,AZE,Azerbaiyán,2648932112.24205,2.1516319882478e-4
2016,AZE,Azerbaiyán,2615942463.78973,2.0688138342791e-4
2017,AZE,Azerbaiyán,2586477274.73872,1.9758833684656e-4
2018,AZE,Azerbaiyán,2752440618.19645,2.0203357956707e-4
2019,AZE,Azerbaiyán,3038537929.25979,2.1966033021028e-4
2020,AZE,Azerbaiyán,3331135680.97173,2.4599681306438e-4
2021,AZE,Azerbaiyán,3981806886.15003,2.6925263823567e-4
2022,AZE,Azerbaiyán,4096546390.34785,2.7114793648673e-4
2023,AZE,Azerbaiyán,4498602078.48973,2.9314559078301e-4
1970,BDI,Burundi,110779499.126205,3.942165075106e-5
1971,BDI,Burundi,122956599.029992,4.241813471158e-5
1972,BDI,Burundi,121581632.374048,3.944064842741e-5
1973,BDI,Burundi,132021498.958602,3.928742607105e-5
1974,BDI,Burundi,135627698.930206,3.983781956197e-5
1975,BDI,Burundi,136129932.259463,4.119305965238e-5
1976,BDI,Burundi,150225398.814783,4.247467587422e-5
1977,BDI,Burundi,153691632.120856,4.181800941906e-5
1978,BDI,Burundi,168371665.338535,4.428561815254e-5
1979,BDI,Burundi,184393731.878655,4.659669606347e-5
1980,BDI,Burundi,207389431.697255,5.233844224338e-5
1981,BDI,Burundi,227247120.859999,5.66391113081e-5
1982,BDI,Burundi,248259760.123402,6.29813520998e-5
1983,BDI,Burundi,256320951.88109,6.38235049349e-5
1984,BDI,Burundi,260270990.920561,6.147128724016e-5
1985,BDI,Burundi,284497298.642754,6.450037823256e-5
1986,BDI,Burundi,288263001.58402,6.4014414801e-5
1987,BDI,Burundi,309625288.602684,6.573413028887e-5
1988,BDI,Burundi,311344644.34553,6.259527128894e-5
1989,BDI,Burundi,313585093.386658,6.128115970144e-5
1990,BDI,Burundi,337064381.482654,6.518266536135e-5
1991,BDI,Burundi,368342916.238514,7.138395507846e-5
1992,BDI,Burundi,399917664.262798,7.791553198218e-5
1993,BDI,Burundi,343835585.707731,6.744024872905e-5
1994,BDI,Burundi,280335026.865923,5.299202314723e-5
1995,BDI,Burundi,233845437.73734,4.208235491256e-5
1996,BDI,Burundi,242865992.55438,4.264105636139e-5
1997,BDI,Burundi,240362540.399865,4.028627762382e-5
1998,BDI,Burundi,236598706.314639,3.910842717862e-5
1999,BDI,Burundi,247187003.192135,3.950932812694e-5
2000,BDI,Burundi,232125761.516091,3.486290085178e-5
2001,BDI,Burundi,217744825.514954,3.295336726838e-5
2002,BDI,Burundi,203133444.187466,3.03373889546e-5
2003,BDI,Burundi,220037576.473437,3.173233365319e-5
2004,BDI,Burundi,223998252.849673,2.67440441438e-5
2005,BDI,Burundi,228926214.412435,2.61846169251e-5
2006,BDI,Burundi,243571052.040861,2.610033213106e-5
2007,BDI,Burundi,250950361.972835,2.535362203464e-5
2008,BDI,Burundi,250298455.136557,2.495349522672e-5
2009,BDI,Burundi,254955908.17533,2.704167639214e-5
2010,BDI,Burundi,263407087.721453,2.555555772694e-5
2011,BDI,Burundi,269650457.878043,2.506563911767e-5
2012,BDI,Burundi,279673606.893216,2.539645905224e-5
2013,BDI,Burundi,285125936.656893,2.505616026676e-5
2014,BDI,Burundi,317668315.793978,2.676462670729e-5
2015,BDI,Burundi,307103830.930542,2.494493623637e-5
2016,BDI,Burundi,313271532.616009,2.477502810298e-5
2017,BDI,Burundi,337136772.467674,2.575483450494e-5
2018,BDI,Burundi,343172149.471583,2.518938912146e-5
2019,BDI,Burundi,345882516.807841,2.50043506531e-5
2020,BDI,Burundi,354646127.990131,2.618981200601e-5
2021,BDI,Burundi,364312457.325331,2.463506972629e-5
2022,BDI,Burundi,375514964.682214,2.48551091801e-5
2023,BDI,Burundi,386360862.191178,2.517670628038e-5
1970,BEL,Bélgica,23116599769.3503,0.00822620186810248
1971,BEL,Bélgica,24042147720.0695,0.0082941710228735
1972,BEL,Bélgica,25933029205.367,0.00841258229203517
1973,BEL,Bélgica,28235334789.5685,0.00840237110536368
1974,BEL,Bélgica,29290902905.871,0.00860359435407083
1975,BEL,Bélgica,27393182125.14,0.00828920551579142
1976,BEL,Bélgica,29807674374.9847,0.00842781125981901
1977,BEL,Bélgica,30010497813.429,0.00816556674501235
1978,BEL,Bélgica,30804565795.0824,0.00810230887372376
1979,BEL,Bélgica,32098141074.0732,0.00811126988207778
1980,BEL,Bélgica,32707412587.5896,0.00825430211480191
1981,BEL,Bélgica,32609800984.2366,0.00812767238014581
1982,BEL,Bélgica,33903605310.9537,0.0086010511831665
1983,BEL,Bélgica,35637310065.4546,0.00887363291271098
1984,BEL,Bélgica,36718942750.9403,0.00867234826676174
1985,BEL,Bélgica,37532056574.2967,0.00850915582129293
1986,BEL,Bélgica,37639944746.4204,0.00835868294871021
1987,BEL,Bélgica,37456294538.955,0.007952053775948
1988,BEL,Bélgica,39512335762.1494,0.00794388283598337
1989,BEL,Bélgica,42062980383.7944,0.00821999601632827
1990,BEL,Bélgica,43111664806.8746,0.00833708150329145
1991,BEL,Bélgica,42868284014.235,0.00830776845558097
1992,BEL,Bélgica,42484446226.0667,0.00827719934495672
1993,BEL,Bélgica,41332332081.7897,0.00810696411894119
1994,BEL,Bélgica,43154225614.72,0.0081574883746864
1995,BEL,Bélgica,44246616300.6732,0.00796253212746724
1996,BEL,Bélgica,45507504969.6903,0.00798995389955386
1997,BEL,Bélgica,48363731223.8798,0.00810606636028954
1998,BEL,Bélgica,49819274851.3882,0.00823484419237033
1999,BEL,Bélgica,50185014856.9044,0.00802136112915204
2000,BEL,Bélgica,53025189188.6296,0.00796383779747899
2001,BEL,Bélgica,53401190233.1895,0.00808170311354703
2002,BEL,Bélgica,53624799608.7842,0.00800870782185463
2003,BEL,Bélgica,53517617468.2788,0.00771794945684081
2004,BEL,Bélgica,56241770942.6986,0.00671492918217806
2005,BEL,Bélgica,57730840737.3794,0.00660326277334529
2006,BEL,Bélgica,56391013183.8384,0.0060426892316362
2007,BEL,Bélgica,59967645654.4488,0.00605855680094508
2008,BEL,Bélgica,57963898396.45,0.00577870870664886
2009,BEL,Bélgica,53487748701.1616,0.0056731314903547
2010,BEL,Bélgica,55693160934.4243,0.00540330862607947
2011,BEL,Bélgica,56036448567.3796,0.00520892643119974
2012,BEL,Bélgica,55104725903.3271,0.00500392200227698
2013,BEL,Bélgica,56228868448.0595,0.0049412535245749
2014,BEL,Bélgica,57133973367.2661,0.00481372989829873
2015,BEL,Bélgica,57942868346.1328,0.00470649015307728
2016,BEL,Bélgica,56788044278.7154,0.00449107322701828
2017,BEL,Bélgica,58219510022.5274,0.00444755353921876
2018,BEL,Bélgica,58943776827.8954,0.00432656826345844
2019,BEL,Bélgica,60747586216.2121,0.004391531439919
2020,BEL,Bélgica,56593998886.8999,0.00417933842931467
2021,BEL,Bélgica,53719790415.7725,0.00363257076711205
2022,BEL,Bélgica,60341919593.4271,0.00399399528831329
2023,BEL,Bélgica,59385509479.0022,0.00386977997974356
1970,BEN,Benin,81956149.1667663,2.916466236838e-5
1971,BEN,Benin,86710205.9971552,2.991368684456e-5
1972,BEN,Benin,91069407.6093598,2.954259140856e-5
1973,BEN,Benin,92190796.4321153,2.743446429428e-5
1974,BEN,Benin,114729132.306504,3.369929968126e-5
1975,BEN,Benin,104968311.303315,3.176352061121e-5
1976,BEN,Benin,95302255.5528955,2.694572586678e-5
1977,BEN,Benin,90311285.5905813,2.457282897812e-5
1978,BEN,Benin,82977541.1149645,2.182500062386e-5
1979,BEN,Benin,89544395.193204,2.262806292001e-5
1980,BEN,Benin,85624733.1552107,2.160893693653e-5
1981,BEN,Benin,91384932.1475861,2.277679613366e-5
1982,BEN,Benin,473748532.257964,1.2018590166233e-4
1983,BEN,Benin,421076632.525161,1.0484740453996e-4
1984,BEN,Benin,394367476.003254,9.314244476432e-5
1985,BEN,Benin,441080509.421298,1.0000045632914e-4
1986,BEN,Benin,422731182.044966,9.387569368266e-5
1987,BEN,Benin,446317842.861359,9.475426043298e-5
1988,BEN,Benin,530202259.462431,1.0659619451244e-4
1989,BEN,Benin,550890348.562724,1.0765562566659e-4
1990,BEN,Benin,590994930.724929,1.1428862530727e-4
1991,BEN,Benin,616402631.743459,1.1945732043379e-4
1992,BEN,Benin,736909811.809601,1.43571352658e-4
1993,BEN,Benin,690452417.494295,1.3542601378954e-4
1994,BEN,Benin,746113084.169683,1.4103853617152e-4
1995,BEN,Benin,764217124.322343,1.3752697750776e-4
1996,BEN,Benin,860725180.24325,1.5112132635944e-4
1997,BEN,Benin,863512143.941063,1.44730081087e-4
1998,BEN,Benin,849571920.564018,1.4042943051513e-4
1999,BEN,Benin,811349660.770936,1.2968270806765e-4
2000,BEN,Benin,897354740.332971,1.3477344839616e-4
2001,BEN,Benin,980003668.082092,1.4831314922086e-4
2002,BEN,Benin,1005546021.13351,1.5017537302587e-4
2003,BEN,Benin,1016423148.15577,1.4658168385165e-4
2004,BEN,Benin,1017052020.61595,1.214298941615e-4
2005,BEN,Benin,1084413415.33106,1.2403537944209e-4
2006,BEN,Benin,1117752586.75859,1.1977496303569e-4
2007,BEN,Benin,1071702142.89914,1.0827452429704e-4
2008,BEN,Benin,938044251.095506,9.351828691631e-5
2009,BEN,Benin,945427574.067455,1.002759523916e-4
2010,BEN,Benin,941843135.563902,9.137691331253e-5
2011,BEN,Benin,945311638.883436,8.787242781062e-5
2012,BEN,Benin,948527110.489439,8.61333687833e-5
2013,BEN,Benin,990273229.245577,8.702275573661e-5
2014,BEN,Benin,1075686892.93882,9.063024768927e-5
2015,BEN,Benin,1142878265.61218,9.28318783105e-5
2016,BEN,Benin,1216384930.22706,9.61976039724e-5
2017,BEN,Benin,1209537784.7717,9.240002283424e-5
2018,BEN,Benin,1255414746.71537,9.214946671089e-5
2019,BEN,Benin,1396734312.29415,1.0097195670988e-4
2020,BEN,Benin,1443765381.24269,1.0661879809554e-4
2021,BEN,Benin,1516501748.18153,1.0254693616788e-4
2022,BEN,Benin,1626849825.36203,1.0768020939786e-4
2023,BEN,Benin,1741917355.82047,1.1350979336643e-4
1970,BFA,Burkina Faso,249152662.96597,8.866269788737e-5
1971,BFA,Burkina Faso,256605373.53654,8.852490544028e-5
1972,BFA,Burkina Faso,280589055.949092,9.102209019714e-5
1973,BFA,Burkina Faso,294975642.489959,8.777989826277e-5
1974,BFA,Burkina Faso,299771054.339343,8.805152094204e-5
1975,BFA,Burkina Faso,314163938.16765,9.506633574826e-5
1976,BFA,Burkina Faso,326155616.590441,9.221712312655e-5
1977,BFA,Burkina Faso,330950977.904627,9.004856621198e-5
1978,BFA,Burkina Faso,342943007.622904,9.020189384679e-5
1979,BFA,Burkina Faso,355228613.93412,8.976704136251e-5
1980,BFA,Burkina Faso,378658074.799435,9.556115572375e-5
1981,BFA,Burkina Faso,387217221.097228,9.651008647829e-5
1982,BFA,Burkina Faso,405405406.981731,1.028478423873e-4
1983,BFA,Burkina Faso,388828071.664376,9.681756473117e-5
1984,BFA,Burkina Faso,385245732.3429,9.098805436264e-5
1985,BFA,Burkina Faso,386363710.722312,8.759522707531e-5
1986,BFA,Burkina Faso,405859127.318989,9.012892526688e-5
1987,BFA,Burkina Faso,432739171.413562,9.18714785965e-5
1988,BFA,Burkina Faso,425059158.814871,8.545736643647e-5
1989,BFA,Burkina Faso,428899165.113371,8.381596825689e-5
1990,BFA,Burkina Faso,493588502.0015,9.545183626538e-5
1991,BFA,Burkina Faso,478523861.903222,9.273675251013e-5
1992,BFA,Burkina Faso,507471601.698289,9.887015089734e-5
1993,BFA,Burkina Faso,540554732.890959,1.060249350363e-4
1994,BFA,Burkina Faso,500086974.200393,9.453196344647e-5
1995,BFA,Burkina Faso,526671633.194171,9.477876842461e-5
1996,BFA,Burkina Faso,517812157.761135,9.091457050645e-5
1997,BFA,Burkina Faso,633406333.130463,1.0616289602668e-4
1998,BFA,Burkina Faso,664490255.061826,1.0983647863413e-4
1999,BFA,Burkina Faso,681098910.107906,1.0886397738897e-4
2000,BFA,Burkina Faso,635409779.220995,9.543201059871e-5
2001,BFA,Burkina Faso,678143703.103441,1.0262984875189e-4
2002,BFA,Burkina Faso,719555805.141584,1.0746356624061e-4
2003,BFA,Burkina Faso,796870404.610731,1.1491926952995e-4
2004,BFA,Burkina Faso,816400506.508918,9.747331020367e-5
2005,BFA,Burkina Faso,854924987.114966,9.778645641243e-5
2006,BFA,Burkina Faso,926309753.918483,9.926053211555e-5
2007,BFA,Burkina Faso,1001111234.73306,1.0114269475651e-4
2008,BFA,Burkina Faso,972135556.084524,9.691701830621e-5
2009,BFA,Burkina Faso,1007938550.73979,1.0690612469954e-4
2010,BFA,Burkina Faso,1029942534.05979,9.992425075682e-5
2011,BFA,Burkina Faso,1107576141.42855,1.0295589362192e-4
2012,BFA,Burkina Faso,1103676865.14077,1.0022212901613e-4
2013,BFA,Burkina Faso,1141859334.73505,1.0034376678841e-4
2014,BFA,Burkina Faso,1291187287.11023,1.0878688251405e-4
2015,BFA,Burkina Faso,1379664852.34193,1.1206519848663e-4
2016,BFA,Burkina Faso,1411311722.76727,1.1161335759317e-4
2017,BFA,Burkina Faso,1351229559.61622,1.0322425949381e-4
2018,BFA,Burkina Faso,1448492514.73571,1.0632168621313e-4
2019,BFA,Burkina Faso,1491146003.3474,1.0779711529446e-4
2020,BFA,Burkina Faso,1569903194.01004,1.1593378941364e-4
2021,BFA,Burkina Faso,1608338457.69231,1.0875700034972e-4
2022,BFA,Burkina Faso,1684200376.86955,1.1147620783554e-4
2023,BFA,Burkina Faso,1779181297.44777,1.159380499654e-4
1970,BGD,Bangladesh,3368438530.01869,0.00119868214204095
1971,BGD,Bangladesh,2819925243.45804,9.7283081833138e-4
1972,BGD,Bangladesh,1535605753.24393,4.9814503600735e-4
1973,BGD,Bangladesh,2533193148.38577,7.5383660484045e-4
1974,BGD,Bangladesh,3612009880.30998,0.00106095288059059
1975,BGD,Bangladesh,3217624349.19474,9.7365648799933e-4
1976,BGD,Bangladesh,3195394959.7646,9.0346483535372e-4
1977,BGD,Bangladesh,3567976544.30778,9.7081197380693e-4
1978,BGD,Bangladesh,3609989026.71868,9.4951009275051e-4
1979,BGD,Bangladesh,4013947022.15913,0.00101433312022526
1980,BGD,Bangladesh,4072232693.97477,0.00102770094845704
1981,BGD,Bangladesh,3947897018.17436,9.8397452869419e-4
1982,BGD,Bangladesh,3958320368.24042,0.00100419161249517
1983,BGD,Bangladesh,4033304672.28182,0.00100428637911267
1984,BGD,Bangladesh,4335794545.65763,0.00102403602870908
1985,BGD,Bangladesh,4266340998.78355,9.672520948474e-4
1986,BGD,Bangladesh,4377381585.1981,9.7208285141473e-4
1987,BGD,Bangladesh,4722734826.71332,0.00100264699895791
1988,BGD,Bangladesh,4752409466.17829,9.5546323090581e-4
1989,BGD,Bangladesh,4884828556.31919,9.5459881603777e-4
1990,BGD,Bangladesh,5238903376.43111,0.00101311709099692
1991,BGD,Bangladesh,5363026330.82102,0.00103934136861765
1992,BGD,Bangladesh,5755922811.90211,0.00112142030226266
1993,BGD,Bangladesh,6252170340.34811,0.00122630681749124
1994,BGD,Bangladesh,6761420973.73056,0.00127811847400533
1995,BGD,Bangladesh,7470074060.02528,0.00134429951192914
1996,BGD,Bangladesh,7948704478.5486,0.00139558919758577
1997,BGD,Bangladesh,8350219708.98707,0.00139954948411064
1998,BGD,Bangladesh,9063712660.64529,0.00149818040883725
1999,BGD,Bangladesh,9353265672.37176,0.00149498653948636
2000,BGD,Bangladesh,9798436488.36164,0.00147162433658878
2001,BGD,Bangladesh,10453334803.3792,0.00158200122616206
2002,BGD,Bangladesh,11026568456.8497,0.00164678592167871
2003,BGD,Bangladesh,11770681623.3547,0.00169748823171104
2004,BGD,Bangladesh,12605848790.2324,0.00150506252717216
2005,BGD,Bangladesh,13638417932.3086,0.00155996441883493
2006,BGD,Bangladesh,15106736285.8178,0.00161879185220317
2007,BGD,Bangladesh,17307868783.9716,0.00174862136051221
2008,BGD,Bangladesh,19254970494.1884,0.00191962357120977
2009,BGD,Bangladesh,21293786775.6687,0.00225850695232797
2010,BGD,Bangladesh,23538201557.4659,0.00228365862852721
2011,BGD,Bangladesh,26840570357.312,0.00249499316850116
2012,BGD,Bangladesh,30590045049.5676,0.00277780529645885
2013,BGD,Bangladesh,34974801436.8498,0.00307349882081978
2014,BGD,Bangladesh,39429765151.7299,0.00332209066177996
2015,BGD,Bangladesh,45083124550.8711,0.00366193955917256
2016,BGD,Bangladesh,52192022944.4781,0.00412759762881504
2017,BGD,Bangladesh,55890564104.8981,0.00426963875335757
2018,BGD,Bangladesh,61732510634.7839,0.00453126582159672
2019,BGD,Bangladesh,69346896406.9407,0.00501318809191815
2020,BGD,Bangladesh,70512491631.0058,0.00520718754313731
2021,BGD,Bangladesh,78681459268.3826,0.00532049672271482
2022,BGD,Bangladesh,87659663325.4054,0.00580214028084939
2023,BGD,Bangladesh,95456281395.9072,0.00622028521650153
1970,BGR,Bulgaria,1551513459.41578,5.5211679250312e-4
1971,BGR,Bulgaria,1656265559.92544,5.7138613293892e-4
1972,BGR,Bulgaria,1783076192.20091,5.7842356483192e-4
1973,BGR,Bulgaria,1932586177.69562,5.7510585155498e-4
1974,BGR,Bulgaria,2087219434.70244,6.1307735721978e-4
1975,BGR,Bulgaria,2254247729.1881,6.8213771680061e-4
1976,BGR,Bulgaria,2387934323.19546,6.7516370192316e-4
1977,BGR,Bulgaria,2554496661.84781,6.9505388154193e-4
1978,BGR,Bulgaria,2730935947.05759,7.1829892700348e-4
1979,BGR,Bulgaria,2955656459.84449,7.4690079930734e-4
1980,BGR,Bulgaria,2922044117.40733,7.3743023460717e-4
1981,BGR,Bulgaria,3082241083.38851,7.6821829530689e-4
1982,BGR,Bulgaria,3370406057.29051,8.5504284104688e-4
1983,BGR,Bulgaria,3627984584.0008,9.0336232875793e-4
1984,BGR,Bulgaria,3851247192.99944,9.095947327684e-4
1985,BGR,Bulgaria,4042144752.33795,9.1642299115098e-4
1986,BGR,Bulgaria,4259436407.87539,9.4589082724435e-4
1987,BGR,Bulgaria,4485862921.03518,9.5235857200193e-4
1988,BGR,Bulgaria,4930886671.04948,9.9134574650613e-4
1989,BGR,Bulgaria,4984094971.04109,9.7399757299993e-4
1990,BGR,Bulgaria,4322298897.297,8.3586097520886e-4
1991,BGR,Bulgaria,3578429033.85386,6.9349078302538e-4
1992,BGR,Bulgaria,3277997963.74841,6.3864884701404e-4
1993,BGR,Bulgaria,3289658688.37007,6.4523687890162e-4
1994,BGR,Bulgaria,3527903113.56706,6.6688321308045e-4
1995,BGR,Bulgaria,3119677272.9725,5.614108510484e-4
1996,BGR,Bulgaria,3260548810.75803,5.7246897412972e-4
1997,BGR,Bulgaria,3552169534.74522,5.9536601587568e-4
1998,BGR,Bulgaria,3214485607.48603,5.3133627928602e-4
1999,BGR,Bulgaria,3076378778.71918,4.917154099591e-4
2000,BGR,Bulgaria,3605413326.44408,5.4149598264567e-4
2001,BGR,Bulgaria,3857022319.87774,5.8371937320983e-4
2002,BGR,Bulgaria,4100393708.79964,6.123818719682e-4
2003,BGR,Bulgaria,4603522238.72672,6.6388889570793e-4
2004,BGR,Bulgaria,4710319138.41033,5.6238377472339e-4
2005,BGR,Bulgaria,5007860042.59177,5.727998305758e-4
2006,BGR,Bulgaria,5522194278.19699,5.9174152078238e-4
2007,BGR,Bulgaria,6346803902.71511,6.4122030353891e-4
2008,BGR,Bulgaria,6477913952.58903,6.4581539189643e-4
2009,BGR,Bulgaria,5937708413.81951,6.2977787252152e-4
2010,BGR,Bulgaria,5724747488.92501,5.5541069980669e-4
2011,BGR,Bulgaria,6099304142.76014,5.6696716821636e-4
2012,BGR,Bulgaria,6711170476.43241,6.0942456490876e-4
2013,BGR,Bulgaria,6326454006.51892,5.5595308994434e-4
2014,BGR,Bulgaria,6455411749.11428,5.4389020596883e-4
2015,BGR,Bulgaria,6919077306.73317,5.6201168740887e-4
2016,BGR,Bulgaria,7235240831.56321,5.7219784203489e-4
2017,BGR,Bulgaria,7355583559.27209,5.6191389586414e-4
2018,BGR,Bulgaria,7595235586.75336,5.575025390566e-4
2019,BGR,Bulgaria,7844668684.76004,5.6710251897511e-4
2020,BGR,Bulgaria,6937192559.66103,5.1229593289719e-4
2021,BGR,Bulgaria,7014729473.877,4.7434103947143e-4
2022,BGR,Bulgaria,8864232130.68001,5.8671818203655e-4
2023,BGR,Bulgaria,9480331424.34532,6.1777354558584e-4
1970,BHR,Bahrein,244008032.703351,8.683194563578e-5
1971,BHR,Bahrein,240989240.899548,8.313757996856e-5
1972,BHR,Bahrein,292357026.844756,9.483957803422e-5
1973,BHR,Bahrein,303166424.579018,9.021734025764e-5
1974,BHR,Bahrein,302199224.694188,8.876474555048e-5
1975,BHR,Bahrein,412794387.219293,1.2491201262395e-4
1976,BHR,Bahrein,275434016.14856,7.78761158429e-5
1977,BHR,Bahrein,298768371.815571,8.129198977389e-5
1978,BHR,Bahrein,328771565.242578,8.647447875789e-5
1979,BHR,Bahrein,362811642.54111,9.168328914187e-5
1980,BHR,Bahrein,464569266.04123503,1.1724238549554e-4
1981,BHR,Bahrein,518242034.746438,1.2916673346382e-4
1982,BHR,Bahrein,626797691.449821,1.590131484898e-4
1983,BHR,Bahrein,634040241.437268,1.5787500078056e-4
1984,BHR,Bahrein,687027905.181541,1.6226352983884e-4
1985,BHR,Bahrein,1004283871.99554,2.2768824134923e-4
1986,BHR,Bahrein,1021529264.60648,2.2685047236916e-4
1987,BHR,Bahrein,1228763972.20737,2.6086929594112e-4
1988,BHR,Bahrein,1233918713.38574,2.4807710045968e-4
1989,BHR,Bahrein,1206903633.1394,2.3585449642365e-4
1990,BHR,Bahrein,1350251383.5392,2.611162404636e-4
1991,BHR,Bahrein,1400921201.34909,2.7149509790169e-4
1992,BHR,Bahrein,1572290104.84529,3.0632760414616e-4
1993,BHR,Bahrein,1891150290.08018,3.7093207116566e-4
1994,BHR,Bahrein,1988192765.57444,3.7583015662496e-4
1995,BHR,Bahrein,2033544751.54977,0.00036595262577425003
1996,BHR,Bahrein,2020062265.79473,3.5467126551275e-4
1997,BHR,Bahrein,2052229233.6903,3.4396656200516e-4
1998,BHR,Bahrein,2119419322.86246,3.5032801970992e-4
1999,BHR,Bahrein,2223133910.03185,3.5533634854301e-4
2000,BHR,Bahrein,2270961714.71678,3.4107508180597e-4
2001,BHR,Bahrein,2352014684.82552,3.5595244822181e-4
2002,BHR,Bahrein,2458331499.49821,3.6714465792647e-4
2003,BHR,Bahrein,2551979791.23737,3.6802929531239e-4
2004,BHR,Bahrein,2830914718.22695,3.3799419070653e-4
2005,BHR,Bahrein,3286270480.03828,3.7588414176566e-4
2006,BHR,Bahrein,3644258180.58981,3.9050760789422e-4
2007,BHR,Bahrein,3840106599.85612,3.8796760658197e-4
2008,BHR,Bahrein,4102812022.46077,4.0902969282324e-4
2009,BHR,Bahrein,4296709685.12066,4.5572677129783e-4
2010,BHR,Bahrein,4459180708.27842,4.3262636169381e-4
2011,BHR,Bahrein,4597939932.84378,4.2740629460948e-4
2012,BHR,Bahrein,4812527872.96805,4.3701359031099e-4
2013,BHR,Bahrein,4988070871.77556,4.3833929894495e-4
2014,BHR,Bahrein,5230811934.35009,4.4071354251698e-4
2015,BHR,Bahrein,5398138297.87234,4.3847129886833e-4
2016,BHR,Bahrein,5679446590.40984,4.4915810802151e-4
2017,BHR,Bahrein,5740466254.00113,4.3853050283091e-4
2018,BHR,Bahrein,5848174240.56989,4.2926541918587e-4
2019,BHR,Bahrein,5940085905.03985,4.2941745726253e-4
2020,BHR,Bahrein,5646516354.42164,4.1698242315318e-4
2021,BHR,Bahrein,5687089972.07055,3.8456510389538e-4
2022,BHR,Bahrein,5928811917.09031,3.9242448734981e-4
2023,BHR,Bahrein,5967216212.44948,3.8884593289383e-4
1970,BHS,Bahamas,117579392.258087,4.184143974003e-5
1971,BHS,Bahamas,119495676.684566,4.12241697562e-5
1972,BHS,Bahamas,115316438.687157,3.740824191411e-5
1973,BHS,Bahamas,124027653.997795,3.690858932553e-5
1974,BHS,Bahamas,103252592.741135,3.032830455263e-5
1975,BHS,Bahamas,87978682.3041637,2.662244113503e-5
1976,BHS,Bahamas,92551434.7503134,2.616795977064e-5
1977,BHS,Bahamas,101007811.795071,2.748325049813e-5
1978,BHS,Bahamas,115244486.238436,3.0311948875e-5
1979,BHS,Bahamas,145499813.260684,3.676811845352e-5
1980,BHS,Bahamas,155027384.526906,3.912394062128e-5
1981,BHS,Bahamas,140737743.299545,3.507749923443e-5
1982,BHS,Bahamas,149928955.240331,3.80356780948e-5
1983,BHS,Bahamas,154756564.89698,3.853413585946e-5
1984,BHS,Bahamas,178307713.649127,4.211304780488e-5
1985,BHS,Bahamas,186633809.3449,4.231306009287e-5
1986,BHS,Bahamas,189628906.886737,4.21107927032e-5
1987,BHS,Bahamas,193346843.434581,4.104796043833e-5
1988,BHS,Bahamas,195031355.457016,3.921069729767e-5
1989,BHS,Bahamas,223691635.62622,4.371407677145e-5
1990,BHS,Bahamas,208627776.799336,4.034515453806e-5
1991,BHS,Bahamas,199162873.540271,3.859727713316e-5
1992,BHS,Bahamas,181832771.883147,3.54262850059e-5
1993,BHS,Bahamas,175833889.113378,3.448823132252e-5
1994,BHS,Bahamas,180766303.554527,3.417044330597e-5
1995,BHS,Bahamas,189298046.236691,3.406569588471e-5
1996,BHS,Bahamas,210760711.877858,3.700419025087e-5
1997,BHS,Bahamas,269323424.24975,4.514030439965e-5
1998,BHS,Bahamas,265733989.046153,4.39243245298e-5
1999,BHS,Bahamas,300586246.58334,4.804443798963e-5
2000,BHS,Bahamas,324438621.866746,4.872734259547e-5
2001,BHS,Bahamas,281712764.782755,4.263423564772e-5
2002,BHS,Bahamas,262607706.339179,3.921969699059e-5
2003,BHS,Bahamas,337870056.109169,4.872533829773e-5
2004,BHS,Bahamas,370406549.584527,4.422431419538e-5
2005,BHS,Bahamas,349564667.502562,3.998326243501e-5
2006,BHS,Bahamas,387195842.38755703,4.149072724942e-5
2007,BHS,Bahamas,338448997.321966,3.419364645918e-5
2008,BHS,Bahamas,313670316.255957,3.127135057701e-5
2009,BHS,Bahamas,294912623.171547,3.127965057503e-5
2010,BHS,Bahamas,321659704.518937,3.120718283768e-5
2011,BHS,Bahamas,322586010.30154,2.998631851864e-5
2012,BHS,Bahamas,359758955.922529,3.266880880988e-5
2013,BHS,Bahamas,315776019.235388,2.774961351862e-5
2014,BHS,Bahamas,335629171.439551,2.827788935515e-5
2015,BHS,Bahamas,293891839,2.387177379725e-5
2016,BHS,Bahamas,307432177.168655,2.431322362907e-5
2017,BHS,Bahamas,258948042.647105,1.978177561273e-5
2018,BHS,Bahamas,219934610.016462,1.614355501025e-5
2019,BHS,Bahamas,226173326.125256,1.635039899387e-5
2020,BHS,Bahamas,177065509.517944,1.307588618915e-5
2021,BHS,Bahamas,59576496.5070686,4.02860543467e-6
2022,BHS,Bahamas,49707326.1498004,3.29009795801e-6
2023,BHS,Bahamas,52097216.5552705,3.39484779022e-6
1990,BIH,Bosnia y Herzegovina,358987575.959705,6.942224784991e-5
1991,BIH,Bosnia y Herzegovina,324991028.45013,6.298246539582e-5
1992,BIH,Bosnia y Herzegovina,304855272.346332,5.939462755721e-5
1993,BIH,Bosnia y Herzegovina,297875693.285533,5.842563039007e-5
1994,BIH,Bosnia y Herzegovina,329212184.845228,6.223132340866e-5
1995,BIH,Bosnia y Herzegovina,387284257.967259,6.969489656725e-5
1996,BIH,Bosnia y Herzegovina,589999436.50332,1.0358881027566e-4
1997,BIH,Bosnia y Herzegovina,791050231.172562,1.32585007524e-4
1998,BIH,Bosnia y Herzegovina,992157863.265455,1.639980799118e-4
1999,BIH,Bosnia y Herzegovina,876866667.038505,1.4015467004418e-4
2000,BIH,Bosnia y Herzegovina,882258602.301621,1.3250616380011e-4
2001,BIH,Bosnia y Herzegovina,939381418.431838,1.421654030743e-4
2002,BIH,Bosnia y Herzegovina,1017837827.29239,1.5201111851764e-4
2003,BIH,Bosnia y Herzegovina,1048632807.19617,1.5122674340878e-4
2004,BIH,Bosnia y Herzegovina,1097288746.48274,1.3100967664299e-4
2005,BIH,Bosnia y Herzegovina,1200397912.29076,1.3730170470735e-4
2006,BIH,Bosnia y Herzegovina,1372305476.43292,1.4705207544192e-4
2007,BIH,Bosnia y Herzegovina,1518292408.18218,1.5339372915223e-4
2008,BIH,Bosnia y Herzegovina,1615612209.03197,1.6106839942071e-4
2009,BIH,Bosnia y Herzegovina,1527363784.96233,1.619985098664e-4
2010,BIH,Bosnia y Herzegovina,1637510806.32161,1.5887006800554e-4
2011,BIH,Bosnia y Herzegovina,1636854895.8395,1.5215555141266e-4
2012,BIH,Bosnia y Herzegovina,1623703560.56411,1.4744444943136e-4
2013,BIH,Bosnia y Herzegovina,1705037773.24615,1.4983449141197e-4
2014,BIH,Bosnia y Herzegovina,1778270591.83504,1.4982529326563e-4
2015,BIH,Bosnia y Herzegovina,1823801698.5044,1.481408321711e-4
2016,BIH,Bosnia y Herzegovina,1925821775.24291,1.5230330124335e-4
2017,BIH,Bosnia y Herzegovina,2085002135.92456,1.5927922830889e-4
2018,BIH,Bosnia y Herzegovina,2122608932.04446,1.5580291822716e-4
2019,BIH,Bosnia y Herzegovina,2122260004.278,1.5342126515608e-4
2020,BIH,Bosnia y Herzegovina,2029763013.37964,1.4989339384149e-4
2021,BIH,Bosnia y Herzegovina,2317996245.17316,1.5674456905586e-4
2022,BIH,Bosnia y Herzegovina,2438856688.83183,1.6142645427419e-4
2023,BIH,Bosnia y Herzegovina,2378083106.25268,1.5496471235961e-4
1990,BLR,Belarús,4246605142.06814,8.2122305738638e-4
1991,BLR,Belarús,4272342142.67655,8.2796944409044e-4
1992,BLR,Belarús,3908222073.77415,7.6143473818285e-4
1993,BLR,Belarús,3537992516.21274,6.9394531925422e-4
1994,BLR,Belarús,2952154436.26725,5.5804883881207e-4
1995,BLR,Belarús,2653548747.23402,4.7752729854124e-4
1996,BLR,Belarús,2777865727.15283,4.8772217052735e-4
1997,BLR,Belarús,3264314946.56796,5.4711977153449e-4
1998,BLR,Belarús,3606896330.40005,5.9619955102676e-4
1999,BLR,Belarús,3918205834.77555,6.2626949635666e-4
2000,BLR,Belarús,4251398052.14646,6.3851624139179e-4
2001,BLR,Belarús,4560195045.81164,6.9013709880219e-4
2002,BLR,Belarús,4872292623.25502,7.2766272931368e-4
2003,BLR,Belarús,5351706124.00048,7.7178692413546e-4
2004,BLR,Belarús,6428768192.62107,7.675562561156e-4
2005,BLR,Belarús,7354429472.5404,8.4120081632166e-4
2006,BLR,Belarús,8355640613.57515,8.9536500070446e-4
2007,BLR,Belarús,9051724952.34173,9.1449963012222e-4
2008,BLR,Belarús,10382193439.7128,0.00103505239095263
2009,BLR,Belarús,10155495066.8713,0.00107713374114694
2010,BLR,Belarús,11245052358.9276,0.00109098653034348
2011,BLR,Belarús,12339880599.0441,0.00114706645145295
2012,BLR,Belarús,13075517242.2502,0.00118735493820317
2013,BLR,Belarús,12440593230.6275,0.00109324848330221
2014,BLR,Belarús,12459373578.7238,0.00104974423403814
2015,BLR,Belarús,11654692701.96,9.4666864110425e-4
2016,BLR,Belarús,11628352107.2892,9.1962633132907e-4
2017,BLR,Belarús,12425259133.8652,9.4920079566367e-4
2018,BLR,Belarús,13065144442.9529,9.5900266909311e-4
2019,BLR,Belarús,13229397083.5937,9.5637237366099e-4
2020,BLR,Belarús,13262293728.5527,9.7939030516943e-4
2021,BLR,Belarús,14026352930.0045,9.4847204779434e-4
2022,BLR,Belarús,13181121487.4529,8.7245048666477e-4
2023,BLR,Belarús,14387385530.1891,9.3753538487809e-4
1970,BLZ,Belice,34301605.0644993,1.220646334131e-5
1971,BLZ,Belice,39132817.3661651,1.350021984811e-5
1972,BLZ,Belice,43480908.1271196,1.410505170279e-5
1973,BLZ,Belice,49278362.9926333,1.466443009848e-5
1974,BLZ,Belice,57008301.43312,1.674500447874e-5
1975,BLZ,Belice,52660210.6721654,1.593503473865e-5
1976,BLZ,Belice,49278362.9926333,1.393294684013e-5
1977,BLZ,Belice,55558937.8461351,1.511705064291e-5
1978,BLZ,Belice,60873271.1709377,1.60110695428e-5
1979,BLZ,Belice,55075816.8229983,1.391777839085e-5
1980,BLZ,Belice,63288877.3217705,1.597208316376e-5
1981,BLZ,Belice,65868806.0979569,1.641715250866e-5
1982,BLZ,Belice,65062578.3877471,1.650581292724e-5
1983,BLZ,Belice,64336973.7591028,1.601980303239e-5
1984,BLZ,Belice,58854624.9156164,1.390039489535e-5
1985,BLZ,Belice,59418983.8987037,1.347129464478e-5
1986,BLZ,Belice,60870194.191141,1.351741235801e-5
1987,BLZ,Belice,68284907.5674887,1.449703617899e-5
1988,BLZ,Belice,71317130.6356614,1.433817867358e-5
1989,BLZ,Belice,83172125.6423268,1.625359247517e-5
1990,BLZ,Belice,96344094.915837,1.863135128908e-5
1991,BLZ,Belice,100308347.327421,1.943951205234e-5
1992,BLZ,Belice,110772681.000184,2.158172329079e-5
1993,BLZ,Belice,115232938.414396,2.260190146534e-5
1994,BLZ,Belice,113254990.069146,2.140870915197e-5
1995,BLZ,Belice,109334652.810092,1.967564434147e-5
1996,BLZ,Belice,109148817.722456,1.916374062638e-5
1997,BLZ,Belice,113328170.948441,1.89945161581e-5
1998,BLZ,Belice,108942025.012292,1.800750020255e-5
1999,BLZ,Belice,116375355.022165,1.860094595623e-5
2000,BLZ,Belice,145053288.071353,2.178551129882e-5
2001,BLZ,Belice,144038467.527223,2.179869262093e-5
2002,BLZ,Belice,145115395.963975,2.167256223252e-5
2003,BLZ,Belice,143160649.961417,2.064566236091e-5
2004,BLZ,Belice,161398957.304457,1.927006476167e-5
2005,BLZ,Belice,162190802.139719,1.855140982304e-5
2006,BLZ,Belice,153576881.304771,1.645683087592e-5
2007,BLZ,Belice,146195090.835886,1.477015234102e-5
2008,BLZ,Belice,147024268.312481,1.465757899123e-5
2009,BLZ,Belice,145611569.178283,1.544416429041e-5
2010,BLZ,Belice,143580752.678565,1.393009673845e-5
2011,BLZ,Belice,145125483.488994,1.349029044689e-5
2012,BLZ,Belice,162995150.537289,1.480118096347e-5
2013,BLZ,Belice,155539237.203704,1.366840246398e-5
2014,BLZ,Belice,156186869.249275,1.315927035905e-5
2015,BLZ,Belice,160135758.5,1.300724993511e-5
2016,BLZ,Belice,160931860.384686,1.272726995141e-5
2017,BLZ,Belice,159201065.201162,1.216182102372e-5
2018,BLZ,Belice,162441924.06193,1.192349915672e-5
2019,BLZ,Belice,163772072.667504,1.183932154176e-5
2020,BLZ,Belice,149896132.340041,1.10694893207e-5
2021,BLZ,Belice,170436257.620067,1.15250220132e-5
2022,BLZ,Belice,180724284.749864,1.196203148057e-5
2023,BLZ,Belice,165935993.257606,1.081300455718e-5
1970,BMU,Bermuda,66754014.5853955,2.375487766214e-5
1971,BMU,Bermuda,69048797.4319022,2.38207726486e-5
1972,BMU,Bermuda,70300406.6363833,2.280520147911e-5
1973,BMU,Bermuda,71343223.1825758,2.12305694797e-5
1974,BMU,Bermuda,71968890.1541307,2.113936668284e-5
1975,BMU,Bermuda,74681270.0078517,2.259863028863e-5
1976,BMU,Bermuda,81357252.0659557,2.300292053662e-5
1977,BMU,Bermuda,83422375.5292106,2.269842305336e-5
1978,BMU,Bermuda,85110457.8691566,2.238600675715e-5
1979,BMU,Bermuda,90699177.703266,2.291987896545e-5
1980,BMU,Bermuda,94152240.2075809,2.376100626662e-5
1981,BMU,Bermuda,90838260.1535586,2.264054351228e-5
1982,BMU,Bermuda,90913565.9257254,2.306398468833e-5
1983,BMU,Bermuda,91697292.4404192,2.283247839725e-5
1984,BMU,Bermuda,89838264.2865703,2.121816853113e-5
1985,BMU,Bermuda,93680842.8870788,2.123904103198e-5
1986,BMU,Bermuda,97812920.9925188,2.172126448037e-5
1987,BMU,Bermuda,101638933.95984,2.157816939788e-5
1988,BMU,Bermuda,103004559.825255,2.070887835509e-5
1989,BMU,Bermuda,103215029.558617,2.017039981607e-5
1990,BMU,Bermuda,100613883.994131,1.945705773552e-5
1991,BMU,Bermuda,100598714.860719,1.949578456917e-5
1992,BMU,Bermuda,97594498.4373732,1.901423203773e-5
1993,BMU,Bermuda,100410789.990179,1.969467074817e-5
1994,BMU,Bermuda,102364474.046653,1.935006352498e-5
1995,BMU,Bermuda,108297426.824402,1.948898723806e-5
1996,BMU,Bermuda,109921556.063876,1.929941371434e-5
1997,BMU,Bermuda,115074129.037583,1.928714974477e-5
1998,BMU,Bermuda,123661750.306165,2.044058749078e-5
1999,BMU,Bermuda,127096799.663826,2.031461645214e-5
2000,BMU,Bermuda,130531847.958701,1.960454041663e-5
2001,BMU,Bermuda,120749008.869287,1.827408034681e-5
2002,BMU,Bermuda,117356089.380438,1.752679054877e-5
2003,BMU,Bermuda,111604931.328093,1.609490967408e-5
2004,BMU,Bermuda,107501893.828726,1.283507954871e-5
2005,BMU,Bermuda,106459158.05421,1.217681548167e-5
2006,BMU,Bermuda,103587900.312732,1.110016391631e-5
2007,BMU,Bermuda,96172648.0455886,9.71636362446e-6
2008,BMU,Bermuda,86281378.2943435,8.60181881765e-6
2009,BMU,Bermuda,80461096.6914427,8.5340361573e-6
2010,BMU,Bermuda,69525108.0084655,6.74527373789e-6
2011,BMU,Bermuda,63555382.8621853,5.90785679855e-6
2012,BMU,Bermuda,52926675.1436159,4.80613867353e-6
2013,BMU,Bermuda,35534778.5259085,3.12270821879e-6
2014,BMU,Bermuda,35436469.8304909,2.98564206652e-6
2015,BMU,Bermuda,34216064,2.77924743613e-6
2016,BMU,Bermuda,35035006.9656657,2.77073781621e-6
2017,BMU,Bermuda,37279800.6466751,2.84790973409e-6
2018,BMU,Bermuda,36357376.4099376,2.66869005318e-6
2019,BMU,Bermuda,36345310.6093617,2.62745541306e-6
2020,BMU,Bermuda,29335111.2955087,2.16633141988e-6
2021,BMU,Bermuda,27494914.6329313,1.85922585264e-6
2022,BMU,Bermuda,27893333.6808932,1.84624294433e-6
2023,BMU,Bermuda,26321206.5221185,1.71518740742e-6
1970,BOL,Bolivia,854707354.932186,3.0415352214326e-4
1971,BOL,Bolivia,885311466.264701,3.0541883342563e-4
1972,BOL,Bolivia,956949448.203696,3.1043099202098e-4
1973,BOL,Bolivia,1004682726.16642,2.9897705025681e-4
1974,BOL,Bolivia,1118344263.20686,3.2849039921215e-4
1975,BOL,Bolivia,1186632541.22352,3.59076246089e-4
1976,BOL,Bolivia,1285524930.5727,3.6346886202403e-4
1977,BOL,Bolivia,1374824986.6285,3.7407660681997e-4
1978,BOL,Bolivia,1437403542.27229,3.7807017158261e-4
1979,BOL,Bolivia,1414336264.2766,3.5740584219762e-4
1980,BOL,Bolivia,1449098737.9566,3.6570605348985e-4
1981,BOL,Bolivia,1344659711.41108,3.3514321667935e-4
1982,BOL,Bolivia,1153075883.80576,2.9252537019961e-4
1983,BOL,Bolivia,1152887134.45321,2.870670429989e-4
1984,BOL,Bolivia,1169089504.22292,2.7611773586202e-4
1985,BOL,Bolivia,1095952158.27183,2.4847100155454e-4
1986,BOL,Bolivia,1110532908.26825,2.4661546521547e-4
1987,BOL,Bolivia,1138328893.96998,2.41669729774e-4
1988,BOL,Bolivia,1130604591.9008,2.2730598529911e-4
1989,BOL,Bolivia,1187055074.58425,2.319756682768e-4
1990,BOL,Bolivia,1279459350.6087,2.4742623449958e-4
1991,BOL,Bolivia,1341128624.87709,2.5990744301616e-4
1992,BOL,Bolivia,1342175553.87687,2.6149463161768e-4
1993,BOL,Bolivia,1396937490.94972,2.7399668843081e-4
1994,BOL,Bolivia,1472540588.08368,2.7835588653105e-4
1995,BOL,Bolivia,1572581603.40418,2.8299862423557e-4
1996,BOL,Bolivia,1649079033.04139,2.8953609870497e-4
1997,BOL,Bolivia,1682397560.0592,2.8198044115122e-4
1998,BOL,Bolivia,1724203772.12787,2.8500112580371e-4
1999,BOL,Bolivia,1774645032.3932,2.8365177775618e-4
2000,BOL,Bolivia,1806412844.57986,2.7130462162691e-4
2001,BOL,Bolivia,1854956492.36866,2.8072796869147e-4
2002,BOL,Bolivia,1859605498.31694,2.7772667140177e-4
2003,BOL,Bolivia,1930388098.72967,2.7838753821418e-4
2004,BOL,Bolivia,2038115220.22962,2.4333869896993e-4
2005,BOL,Bolivia,2099345327.72697,2.4012345349407e-4
2006,BOL,Bolivia,2269234830.16541,2.4316429335276e-4
2007,BOL,Bolivia,2407444449.98885,2.4322513892615e-4
2008,BOL,Bolivia,2495560350.43293,2.4879479682991e-4
2009,BOL,Bolivia,2615612543.25577,2.7742266679825e-4
2010,BOL,Bolivia,2683339179.93095,2.6033555097886e-4
2011,BOL,Bolivia,2781952338.88376,2.5859927669979e-4
2012,BOL,Bolivia,2913965491.25013,2.6460990044888e-4
2013,BOL,Bolivia,3091287602.02556,2.7165468878487e-4
2014,BOL,Bolivia,3215932936.06,2.7095319322049e-4
2015,BOL,Bolivia,3363113189.58032,2.7317355115887e-4
2016,BOL,Bolivia,3571116073.07196,2.8242113265308e-4
2017,BOL,Bolivia,3688498787.67084,2.817748866516e-4
2018,BOL,Bolivia,3891961687.41149,2.856762634759e-4
2019,BOL,Bolivia,4016262138.50625,2.9034143660344e-4
2020,BOL,Bolivia,3695338080.07373,2.7289233401276e-4
2021,BOL,Bolivia,3839803093.95517,2.5965023993229e-4
2022,BOL,Bolivia,3928157626.39987,2.6000238569311e-4
2023,BOL,Bolivia,3999517014.8337,2.6062335759062e-4
1970,BRA,Brasil,56994786999.3873,0.0202819890452963
1971,BRA,Brasil,63720336114.8322,0.0219825354841416
1972,BRA,Brasil,72768356048.5166,0.0236057954767416
1973,BRA,Brasil,85138466681.7796,0.0253358069855876
1974,BRA,Brasil,92375266438.3658,0.0271333158741793
1975,BRA,Brasil,96903509921.5592,0.029323103291609
1976,BRA,Brasil,108241554429.954,0.0306041786329581
1977,BRA,Brasil,111593140241.183,0.0303634161815587
1978,BRA,Brasil,118733019369.686,0.0312295132754832
1979,BRA,Brasil,126810909854.32,0.0320453920196351
1980,BRA,Brasil,138556609671.3,0.0349672452128956
1981,BRA,Brasil,126298451509.179,0.031478647676585
1982,BRA,Brasil,126219497480.605,0.0320207939004497
1983,BRA,Brasil,118755575074.233,0.0295699472718661
1984,BRA,Brasil,126284287355.153,0.0298260581191613
1985,BRA,Brasil,136799090994.034,0.0310146815209866
1986,BRA,Brasil,152592689646.224,0.0338861792076626
1987,BRA,Brasil,153954554920.2,0.0326848908800717
1988,BRA,Brasil,150183575919.89,0.030194133249381
1989,BRA,Brasil,154683639949.553,0.0302284548687461
1990,BRA,Brasil,142275133158.352,0.0275136528906135
1991,BRA,Brasil,126413775485.047,0.024498680095915
1992,BRA,Brasil,104515658530.387,0.0203626742766545
1993,BRA,Brasil,104830873807.079,0.0205616303195646
1994,BRA,Brasil,120801892327.699,0.0228353079742714
1995,BRA,Brasil,159979128314.576,0.0287895223506534
1996,BRA,Brasil,160107462024.118,0.0281107751655315
1997,BRA,Brasil,164099593998.343,0.0275041268526103
1998,BRA,Brasil,156155295841.732,0.0258115866781695
1999,BRA,Brasil,153246745695.518,0.024494313543517
2000,BRA,Brasil,161965847551.201,0.0243256037058245
2001,BRA,Brasil,163121292925.685,0.024686675618402
2002,BRA,Brasil,166535429616.827,0.0248715819456363
2003,BRA,Brasil,170964221990.269,0.0246553057977797
2004,BRA,Brasil,186492595632.623,0.0222660942513619
2005,BRA,Brasil,190675077806.266,0.0218094458178852
2006,BRA,Brasil,193027245011.066,0.0206842117029928
2007,BRA,Brasil,204881645464.909,0.0206992799696174
2008,BRA,Brasil,213383310215.386,0.0212732412192401
2009,BRA,Brasil,193615573694.342,0.0205356672288697
2010,BRA,Brasil,211408912604.644,0.0205107338484838
2011,BRA,Brasil,216159660319.177,0.0200933463269329
2012,BRA,Brasil,211017891779.43,0.0191620056944234
2013,BRA,Brasil,217376496124.434,0.0191025074357809
2014,BRA,Brasil,207187988088.708,0.0174562865848639
2015,BRA,Brasil,189609597294.471,0.0154013035265096
2016,BRA,Brasil,180570864372.66,0.0142804173812261
2017,BRA,Brasil,184741224126.002,0.0141129062213557
2018,BRA,Brasil,187314291631.615,0.0137491710419548
2019,BRA,Brasil,186516699369.338,0.0134835637161789
2020,BRA,Brasil,177812870114.037,0.0131310770737275
2021,BRA,Brasil,184529947531.441,0.0124780474359897
2022,BRA,Brasil,183521261721.348,0.0121471617005074
2023,BRA,Brasil,181185213194.883,0.0118067002674287
1970,BRB,Barbados,246673036.664456,8.778030572256e-5
1971,BRB,Barbados,268965688.261587,9.278902383019e-5
1972,BRB,Barbados,297073814.232115,9.636968705989e-5
1973,BRB,Barbados,318397219.932791,9.474977437773e-5
1974,BRB,Barbados,303373910.79974,8.910978519565e-5
1975,BRB,Barbados,335843643.05298,1.0162663708512e-4
1976,BRB,Barbados,392544517.69093,1.1098789743061e-4
1977,BRB,Barbados,405144712.334177,1.1023596511195e-4
1978,BRB,Barbados,441976049.864799,1.1624986031663e-4
1979,BRB,Barbados,449730015.528439,1.1364775055365e-4
1980,BRB,Barbados,459422472.984989,1.1594349996937e-4
1981,BRB,Barbados,442945295.761254,1.1039976134826e-4
1982,BRB,Barbados,419198775.570774,1.0634710059699e-4
1983,BRB,Barbados,429860477.918446,1.0703456792122e-4
1984,BRB,Barbados,438099066.781647,1.0347105329922e-4
1985,BRB,Barbados,396421500.774083,8.987549921012e-5
1986,BRB,Barbados,416775660.578304,9.255315412875e-5
1987,BRB,Barbados,389152157.807337,8.261785966819e-5
1988,BRB,Barbados,415321792.487621,8.349968674625e-5
1989,BRB,Barbados,437614444.084752,8.551911809963e-5
1990,BRB,Barbados,425983494.835293,8.237814826701e-5
1991,BRB,Barbados,402236974.644813,7.795254058951e-5
1992,BRB,Barbados,368313374.803555,7.17581019755e-5
1993,BRB,Barbados,357651671.953217,7.015014942458e-5
1994,BRB,Barbados,381882814.840592,7.218770765039e-5
1995,BRB,Barbados,414352546.591166,7.45660513769e-5
1996,BRB,Barbados,410475563.508013,7.206900996894e-5
1997,BRB,Barbados,425983494.835293,7.139752021072e-5
1998,BRB,Barbados,440522180.768784,7.281582344856e-5
1999,BRB,Barbados,429860477.918446,6.870708593721e-5
2000,BRB,Barbados,427921986.628203,6.42694791594e-5
2001,BRB,Barbados,393029140.387824,5.948078710824e-5
2002,BRB,Barbados,393998386.284279,5.884251281222e-5
2003,BRB,Barbados,391090649.097581,5.64004528895e-5
2004,BRB,Barbados,396421500.774083,4.733034289945e-5
2005,BRB,Barbados,404746993.029499,4.629502563202e-5
2006,BRB,Barbados,402185411.177922,4.309696378965e-5
2007,BRB,Barbados,400705071.696193,4.04834041891e-5
2008,BRB,Barbados,413727480.552889,4.124654587065e-5
2009,BRB,Barbados,358380746.601247,3.801134182034e-5
2010,BRB,Barbados,342346833.730393,3.321423256949e-5
2011,BRB,Barbados,340272004.873748,3.163033856174e-5
2012,BRB,Barbados,326526260.808143,2.965103108661e-5
2013,BRB,Barbados,317773074.275756,2.792510976333e-5
2014,BRB,Barbados,304027330.210151,2.561532767771e-5
2015,BRB,Barbados,321470957,2.611192605417e-5
2016,BRB,Barbados,322462007.034721,2.550185527461e-5
2017,BRB,Barbados,322877492.562579,2.466552765945e-5
2018,BRB,Barbados,307834862.460753,2.259557527502e-5
2019,BRB,Barbados,315509991.011697,2.280867654897e-5
2020,BRB,Barbados,270098370.945185,1.99461519523e-5
2021,BRB,Barbados,274365046.764101,1.855276129483e-5
2022,BRB,Barbados,324382860.281586,2.147070600842e-5
2023,BRB,Barbados,324241333.695212,2.112876748464e-5
1970,BRN,Brunei Darussalam,598235574.060217,2.1288626554085e-4
1971,BRN,Brunei Darussalam,722459736.451054,2.4923749246674e-4
1972,BRN,Brunei Darussalam,832358125.91307,2.7001401090616e-4
1973,BRN,Brunei Darussalam,941634531.145522,2.8021494468813e-4
1974,BRN,Brunei Darussalam,1065044938.40955,3.1283482958442e-4
1975,BRN,Brunei Darussalam,1403645751.45767,4.2474467011709e-4
1976,BRN,Brunei Darussalam,1882939422.78764,5.3238162324547e-4
1977,BRN,Brunei Darussalam,1763819469.45607,4.799182503914e-4
1978,BRN,Brunei Darussalam,1829945112.62186,4.8131762749243e-4
1979,BRN,Brunei Darussalam,2067716043.18002,5.2251632974728e-4
1980,BRN,Brunei Darussalam,1895132803.5777,4.7827074876407e-4
1981,BRN,Brunei Darussalam,1191668511.48147,2.9701166381663e-4
1982,BRN,Brunei Darussalam,1141488058.63245,2.8958563926235e-4
1983,BRN,Brunei Darussalam,1151805535.00262,2.8679772647457e-4
1984,BRN,Brunei Darussalam,1185102844.638,2.7989979641686e-4
1985,BRN,Brunei Darussalam,1120853105.8921,2.5411647006169e-4
1986,BRN,Brunei Darussalam,1015802438.45741,2.2557871906546e-4
1987,BRN,Brunei Darussalam,1342209870.02853,2.8495410975516e-4
1988,BRN,Brunei Darussalam,1337051131.49997,2.6881168448992e-4
1989,BRN,Brunei Darussalam,1351589393.50182,2.6412915416181e-4
1990,BRN,Brunei Darussalam,1423342751.98808,2.7525089981103e-4
1991,BRN,Brunei Darussalam,1472339060.11054,2.8533570402408e-4
1992,BRN,Brunei Darussalam,1485813044.67248,2.8947937074781e-4
1993,BRN,Brunei Darussalam,1457640167.6738,2.8590297093023e-4
1994,BRN,Brunei Darussalam,1570331676.35548,2.9684143816271e-4
1995,BRN,Brunei Darussalam,1722220231.53512,3.0992729095905e-4
1996,BRN,Brunei Darussalam,1717320600.72288,3.0151757253378e-4
1997,BRN,Brunei Darussalam,1718545507.91073,2.8803906517914e-4
1998,BRN,Brunei Darussalam,1841036278.90384,3.0431287798746e-4
1999,BRN,Brunei Darussalam,1887582771.27671,3.0170326964629e-4
2000,BRN,Brunei Darussalam,1946912518.93145,2.9240622700081e-4
2001,BRN,Brunei Darussalam,1949587985.56601,2.9504944036416e-4
2002,BRN,Brunei Darussalam,2083081633.59898,3.111021820925e-4
2003,BRN,Brunei Darussalam,2145180861.41949,3.0936350023487e-4
2004,BRN,Brunei Darussalam,2121050179.51461,2.5324063429293e-4
2005,BRN,Brunei Darussalam,2079525808.67277,2.3785649374284e-4
2006,BRN,Brunei Darussalam,2096276421.50785,2.2463059703294e-4
2007,BRN,Brunei Darussalam,2032154952.72519,2.0530948105504e-4
2008,BRN,Brunei Darussalam,2089692542.45362,2.0833182072576e-4
2009,BRN,Brunei Darussalam,1884765483.37076,1.999060097927e-4
2010,BRN,Brunei Darussalam,1913918286.80667,1.8568691406993e-4
2011,BRN,Brunei Darussalam,2038184128.7266,1.8946152818749e-4
2012,BRN,Brunei Darussalam,1997868893.56739,1.8142146522469e-4
2013,BRN,Brunei Darussalam,1967886242.69744,1.729329631037e-4
2014,BRN,Brunei Darussalam,1834457019.53569,1.5455918924662e-4
2015,BRN,Brunei Darussalam,1878478710.92581,1.5258204862976e-4
2016,BRN,Brunei Darussalam,1865075214.18666,1.474991693621e-4
2017,BRN,Brunei Darussalam,2033706753.7086,1.5536062853654e-4
2018,BRN,Brunei Darussalam,2021743462.8238,1.4839923014516e-4
2019,BRN,Brunei Darussalam,2140631283.97105,1.5474935170879e-4
2020,BRN,Brunei Darussalam,2652102456.46552,1.9585174988141e-4
2021,BRN,Brunei Darussalam,2473942879.32135,1.6728979233487e-4
2022,BRN,Brunei Darussalam,2401460868.91264,1.5895124749313e-4
2023,BRN,Brunei Darussalam,2320216262.67891,1.5119389428097e-4
1970,BTN,Bhután,5071771.89451494,1.80482509752e-6
1971,BTN,Bhután,5189937.72027548,1.79044865505e-6
1972,BTN,Bhután,5259029.51549911,1.70601044039e-6
1973,BTN,Bhután,5372719.87627052,1.59883304313e-6
1974,BTN,Bhután,5545107.12016141,1.6287600442e-6
1975,BTN,Bhután,5452838.5800849,1.65003464833e-6
1976,BTN,Bhután,6073621.27272236,1.71725352022e-6
1977,BTN,Bhután,5946181.57766925,1.61789860509e-6
1978,BTN,Bhután,7211687.68934804,1.89683962918e-6
1979,BTN,Bhután,7838388.39301689,1.98077775125e-6
1980,BTN,Bhután,4861662.89138342,1.22692781577e-6
1981,BTN,Bhután,11941459.505009,2.97629141141e-6
1982,BTN,Bhután,10391804.4490311,2.63631083278e-6
1983,BTN,Bhután,11759147.1129239,2.9280087261e-6
1984,BTN,Bhután,12123771.8671757,2.86341501311e-6
1985,BTN,Bhután,11272980.8387448,2.55577656229e-6
1986,BTN,Bhután,10847585.3469682,2.40891763484e-6
1987,BTN,Bhután,16711966.2227887,3.54798721393e-6
1988,BTN,Bhután,17167747.105766602,3.45154415539e-6
1989,BTN,Bhután,25827584.136653,5.04725620432e-6
1990,BTN,Bhután,25091275.304584,4.85223681741e-6
1991,BTN,Bhután,24228062.9752005,4.69533926896e-6
1992,BTN,Bhután,25268123.8620562,4.92296162144e-6
1993,BTN,Bhután,25756023.7435264,5.05181173716e-6
1994,BTN,Bhután,31078489.3229564,5.87479932135e-6
1995,BTN,Bhután,38221394.9474173,6.87824540428e-6
1996,BTN,Bhután,42630985.7615633,7.48491070108e-6
1997,BTN,Bhután,45856947.4129463,7.68591358447e-6
1998,BTN,Bhután,45353062.6786622,7.4966045957e-6
1999,BTN,Bhután,47117617.0641045,7.5310812021e-6
2000,BTN,Bhután,48641326.8153509,7.30542677808e-6
2001,BTN,Bhután,54704532.1134086,8.27895006788e-6
2002,BTN,Bhután,55744186.2146068,8.32523204593e-6
2003,BTN,Bhután,59110747.1436326,8.52455285553e-6
2004,BTN,Bhután,61747055.5644287,7.37222705425e-6
2005,BTN,Bhután,66535060.69241,7.61029085633e-6
2006,BTN,Bhután,74176555.1036982,7.94853373717e-6
2007,BTN,Bhután,92748356.9311484,9.3704060336e-6
2008,BTN,Bhután,100639067.431892,1.003320810515e-5
2009,BTN,Bhután,107563315.540813,1.140860939971e-5
2010,BTN,Bhután,129273131.535647,1.25419820859e-5
2011,BTN,Bhután,138708111.090499,1.289375691274e-5
2012,BTN,Bhután,148121720.777974,1.345056209727e-5
2013,BTN,Bhután,140339719.252704,1.233270651775e-5
2014,BTN,Bhután,153203064.798408,1.290787477339e-5
2015,BTN,Bhután,159965666.432358,1.299343397011e-5
2016,BTN,Bhután,163841789.47293,1.295740121912e-5
2017,BTN,Bhután,174421860.376762,1.332458074854e-5
2018,BTN,Bhután,179131875.211554,1.314856848292e-5
2019,BTN,Bhután,174646633.424674,1.262545936937e-5
2020,BTN,Bhután,132178438.307823,9.76107781057e-6
2021,BTN,Bhután,137713864.593524,9.31231032132e-6
2022,BTN,Bhután,146977921.545273,9.72838003983e-6
2023,BTN,Bhután,153471535.882695,1.000077430049e-5
1970,BWA,Botswana,15276920.7957883,5.43639789774e-6
1971,BWA,Botswana,19285763.2342054,6.65329156253e-6
1972,BWA,Botswana,24522527.9775719,7.95502071841e-6
1973,BWA,Botswana,28856404.3872512,8.58719119979e-6
1974,BWA,Botswana,45614068.4562672,1.339818520097e-5
1975,BWA,Botswana,62045825.8594013,1.877513169503e-5
1976,BWA,Botswana,72842207.4365688,2.059537984416e-5
1977,BWA,Botswana,86007014.4002391,2.340167833904e-5
1978,BWA,Botswana,87337256.181667,2.297170589823e-5
1979,BWA,Botswana,99080080.6044652,2.503775130984e-5
1980,BWA,Botswana,93713242.9066598,2.365021742511e-5
1981,BWA,Botswana,83025437.9869569,2.069327437791e-5
1982,BWA,Botswana,103758862.221696,2.63227251642e-5
1983,BWA,Botswana,110547682.556559,2.752619523067e-5
1984,BWA,Botswana,107933069.373425,2.549183328768e-5
1985,BWA,Botswana,98804858.2299467,2.240074249368e-5
1986,BWA,Botswana,100777285.712228,2.237955941155e-5
1987,BWA,Botswana,124125323.322472,2.635207935453e-5
1988,BWA,Botswana,154353921.930838,3.103257368722e-5
1989,BWA,Botswana,227333740.602759,4.442582111589e-5
1990,BWA,Botswana,240360936.331077,4.648182169202e-5
1991,BWA,Botswana,256002745.4349,4.961270510291e-5
1992,BWA,Botswana,262608084.154689,5.116365294204e-5
1993,BWA,Botswana,240098082.212157,4.709307313385e-5
1994,BWA,Botswana,248461890.298523,4.696701082666e-5
1995,BWA,Botswana,291653350.988318,5.248535077907e-5
1996,BWA,Botswana,351937467.555477,6.179121758415e-5
1997,BWA,Botswana,402708046.515171,6.749640828503e-5
1998,BWA,Botswana,440032825.656317,7.273493581786e-5
1999,BWA,Botswana,444837162.184156,7.110089598898e-5
2000,BWA,Botswana,440048681.612445,6.609078396475e-5
2001,BWA,Botswana,444757237.380905,6.730928532525e-5
2002,BWA,Botswana,476544776.663272,7.117057607991e-5
2003,BWA,Botswana,455645022.008842,6.571004869956e-5
2004,BWA,Botswana,483889665.544045,5.777351569221e-5
2005,BWA,Botswana,519207136.446362,5.938699509587e-5
2006,BWA,Botswana,651265072.165722,6.978758167878e-5
2007,BWA,Botswana,818618909.77389,8.270541738076e-5
2008,BWA,Botswana,797621529.033696,7.951884883436e-5
2009,BWA,Botswana,837577149.553515,8.883689102866e-5
2010,BWA,Botswana,870320711.123291,8.443786143518e-5
2011,BWA,Botswana,969110400.549138,9.008466648454e-5
2012,BWA,Botswana,1005026065.86022,9.126389726795e-5
2013,BWA,Botswana,1070692316.18322,9.408978567588e-5
2014,BWA,Botswana,1159941928.582,9.772901853005e-5
2015,BWA,Botswana,979900100.092224,7.959374990781e-5
2016,BWA,Botswana,1028468177.6997,8.133623822362e-5
2017,BWA,Botswana,1006239115.32507,7.686946071742e-5
2018,BWA,Botswana,994523673.391233,7.299964125332e-5
2019,BWA,Botswana,1039480960.41811,7.514559183678e-5
2020,BWA,Botswana,884556264.079971,6.532247340832e-5
2021,BWA,Botswana,955979099.94177,6.464399256849e-5
2022,BWA,Botswana,1034383108.01669,6.84651944712e-5
2023,BWA,Botswana,1053900321.44479,6.867605246384e-5
1970,CAF,República Centroafricana,165855351.902885,5.90207737847e-5
1971,CAF,República Centroafricana,166481360.115001,5.743350756312e-5
1972,CAF,República Centroafricana,162909430.909897,5.284723904889e-5
1973,CAF,República Centroafricana,170973889.628569,5.087901668931e-5
1974,CAF,República Centroafricana,172262730.062386,5.059859904436e-5
1975,CAF,República Centroafricana,163204023.009524,4.938570778487e-5
1976,CAF,República Centroafricana,167328312.401018,4.731034758361e-5
1977,CAF,República Centroafricana,193068297.074333,5.253201982543e-5
1978,CAF,República Centroafricana,249591310.597677,6.564825175957e-5
1979,CAF,República Centroafricana,229943026.9397,5.810710173855e-5
1980,CAF,República Centroafricana,227674969.419785,5.745786147211e-5
1981,CAF,República Centroafricana,235592998.91255,5.871923938275e-5
1982,CAF,República Centroafricana,232190522.980423,5.890472573887e-5
1983,CAF,República Centroafricana,248899336.014799,6.197553451582e-5
1984,CAF,República Centroafricana,256362015.56818,6.054805816323e-5
1985,CAF,República Centroafricana,265006092.767814,6.00813902241e-5
1986,CAF,República Centroafricana,253090106.718183,5.620358833586e-5
1987,CAF,República Centroafricana,241301648.747406,5.122887115992e-5
1988,CAF,República Centroafricana,239996796.252733,4.825091692679e-5
1989,CAF,República Centroafricana,242331461.266988,4.735669294164e-5
1990,CAF,República Centroafricana,240647797.545091,4.653729589679e-5
1991,CAF,República Centroafricana,259651133.815367,5.031975383597e-5
1992,CAF,República Centroafricana,230394502.612269,4.488751520865e-5
1993,CAF,República Centroafricana,239915226.949998,4.705720772354e-5
1994,CAF,República Centroafricana,259877462.603933,4.912490839162e-5
1995,CAF,República Centroafricana,289063816.164352,5.201934329748e-5
1996,CAF,República Centroafricana,250562715.911358,4.39924041191e-5
1997,CAF,República Centroafricana,238427532.014535,3.996195801525e-5
1998,CAF,República Centroafricana,248271465.106426,4.103786814765e-5
1999,CAF,República Centroafricana,259443681.03574,4.14683838233e-5
2000,CAF,República Centroafricana,267226991.466681,4.013474440568e-5
2001,CAF,República Centroafricana,271737261.66523,4.112454917347e-5
2002,CAF,República Centroafricana,275269846.064654,4.11107507232e-5
2003,CAF,República Centroafricana,256000956.840784,3.691872955613e-5
2004,CAF,República Centroafricana,258560966.407389,3.087062426377e-5
2005,CAF,República Centroafricana,271489014.729562,3.105295681542e-5
2006,CAF,República Centroafricana,297676463.65736,3.189810325964e-5
2007,CAF,República Centroafricana,338128300.618707,3.416124633456e-5
2008,CAF,República Centroafricana,359285503.28364,3.58189549605e-5
2009,CAF,República Centroafricana,438251187.93557,4.648273063152e-5
2010,CAF,República Centroafricana,459857636.844318,4.461504239012e-5
2011,CAF,República Centroafricana,537632982.908621,4.997623380057e-5
2012,CAF,República Centroafricana,596726899.403468,5.418727363809e-5
2013,CAF,República Centroafricana,335121302.037842,2.944962899945e-5
2014,CAF,República Centroafricana,293161047.031567,2.469980668141e-5
2015,CAF,República Centroafricana,334839293.446834,2.719778779429e-5
2016,CAF,República Centroafricana,348880697.943307,2.759117313965e-5
2017,CAF,República Centroafricana,352468109.554503,2.692603883997e-5
2018,CAF,República Centroafricana,356114546.219631,2.613938191182e-5
2019,CAF,República Centroafricana,399076445.484612,2.884981719337e-5
2020,CAF,República Centroafricana,399042507.855911,2.9468383942e-5
2021,CAF,República Centroafricana,426255553.310926,2.882370631553e-5
2022,CAF,República Centroafricana,419861573.202508,2.779038446926e-5
2023,CAF,República Centroafricana,376687956.945346,2.454638391059e-5
1970,CAN,Canadá,61310945326.7409,0.0218179238302459
1971,CAN,Canadá,65229119832.2219,0.0225030426507335
1972,CAN,Canadá,70658906455.919,0.022921497543473
1973,CAN,Canadá,77875431252.334,0.0231744471333165
1974,CAN,Canadá,79794988899.2706,0.0234381206404977
1975,CAN,Canadá,73987826308.125,0.0223887935009885
1976,CAN,Canadá,80025841795.6997,0.0226264780699665
1977,CAN,Canadá,82665365326.2888,0.0224924478850394
1978,CAN,Canadá,87253961942.7841,0.0229497975988167
1979,CAN,Canadá,90769461533.3464,0.0229376398417836
1980,CAN,Canadá,86612001148.4372,0.0218580917194911
1981,CAN,Canadá,88689677217.8261,0.0221050303335437
1982,CAN,Canadá,79160982960.7724,0.0200824561255554
1983,CAN,Canadá,83403537515.8233,0.0207673467547808
1984,CAN,Canadá,94261961233.5276,0.0222629655126498
1985,CAN,Canadá,98903168858.5511,0.022423031185917
1986,CAN,Canadá,100085839631.378,0.0222260103400844
1987,CAN,Canadá,104621625666.983,0.0222114014125371
1988,CAN,Canadá,111385439412.554,0.0223938388672905
1989,CAN,Canadá,113154573145.726,0.0221127968584353
1990,CAN,Canadá,108974917185.83,0.0210739429911281
1991,CAN,Canadá,101024889084.005,0.0195783760899308
1992,CAN,Canadá,102172124028.661,0.0199060859492617
1993,CAN,Canadá,107386506177.702,0.02106289455718
1994,CAN,Canadá,115251488291.766,0.0217861092978273
1995,CAN,Canadá,120915019565.465,0.0217596238645868
1996,CAN,Canadá,122194252970.667,0.0214541853849452
1997,CAN,Canadá,140203082839.152,0.0234989208783418
1998,CAN,Canadá,147280306462.808,0.0243446011597654
1999,CAN,Canadá,159039033350.784,0.0254201283744839
2000,CAN,Canadá,173450001324.907,0.0260504054329764
2001,CAN,Canadá,167126307336.262,0.0252927920231192
2002,CAN,Canadá,170193867694.39,0.0254179590297709
2003,CAN,Canadá,168011151152.855,0.0242294338598306
2004,CAN,Canadá,172093342600.07,0.0205469100441582
2005,CAN,Canadá,175548737866.593,0.0200792926424796
2006,CAN,Canadá,172716321508.042,0.0185077549981595
2007,CAN,Canadá,167511851881.024,0.0169237937954196
2008,CAN,Canadá,158559583897.099,0.0158075918517741
2009,CAN,Canadá,136695772663.632,0.0144985180967165
2010,CAN,Canadá,143296600651.779,0.0139025285223313
2011,CAN,Canadá,148268216642.852,0.013782426479957
2012,CAN,Canadá,150428793002.609,0.0136600615417684
2013,CAN,Canadá,149937128276.219,0.0131761030233763
2014,CAN,Canadá,154393412450.035,0.0130081655766114
2015,CAN,Canadá,155268331357.555,0.0126118863887387
2016,CAN,Canadá,155253825721.217,0.0122782235054018
2017,CAN,Canadá,158273288443.068,0.0120909455250719
2018,CAN,Canadá,163116644070.735,0.011973024693326
2019,CAN,Canadá,163085342434.427,0.0117896768135226
2020,CAN,Canadá,149167566095.783,0.0110156863563806
2021,CAN,Canadá,158770297351.267,0.010736161410536
2022,CAN,Canadá,164406118795.692,0.0108819419114303
2023,CAN,Canadá,163183064616.07,0.0106336135199404
1970,CHE,Suiza,57878533976.2411,0.0205964765176954
1971,CHE,Suiza,60247977925.9991,0.0207846253387507
1972,CHE,Suiza,62179639140.6393,0.0201708534324028
1973,CHE,Suiza,64035074706.6044,0.0190557847269924
1974,CHE,Suiza,65039165412.5243,0.0191039039709668
1975,CHE,Suiza,60283583549.2618,0.0182418753318043
1976,CHE,Suiza,59275542740.7273,0.0167595458893442
1977,CHE,Suiza,61106246031.3382,0.0166264196484859
1978,CHE,Suiza,61076175931.1004,0.0160644381586663
1979,CHE,Suiza,61973620282.8014,0.0156608682890128
1980,CHE,Suiza,67032337973.3196,0.0169168125913828
1981,CHE,Suiza,65612051010.9422,0.0163531588268243
1982,CHE,Suiza,63036954990.3877,0.0159919298060055
1983,CHE,Suiza,62913785738.7088,0.0156654315033564
1984,CHE,Suiza,62960111450.4643,0.0148700363492513
1985,CHE,Suiza,65830193140.1493,0.0149248248644855
1986,CHE,Suiza,69005622772.9509,0.0153240427509461
1987,CHE,Suiza,71088570977.2317,0.0150922600920474
1988,CHE,Suiza,70824180268.8961,0.0142390719039605
1989,CHE,Suiza,72213370393.5345,0.0141120199173805
1990,CHE,Suiza,76954300419.1213,0.0148816863718212
1991,CHE,Suiza,77506024792.3498,0.0150204777889767
1992,CHE,Suiza,77988817348.1483,0.0151944781022466
1993,CHE,Suiza,77481842976.5531,0.0151973646112531
1994,CHE,Suiza,80205930565.0315,0.0151614108895508
1995,CHE,Suiza,80167821840.4202,0.0144268400696598
1996,CHE,Suiza,80765398738.7506,0.0141803382328147
1997,CHE,Suiza,83218623085.7938,0.0139479660496561
1998,CHE,Suiza,85000459401.7122,0.014050094898832
1999,CHE,Suiza,86003087956.4462,0.0137463708776001
2000,CHE,Suiza,87677244502.4185,0.0131682199428512
2001,CHE,Suiza,92644934399.2225,0.0140208270924121
2002,CHE,Suiza,94591382179.8381,0.0141269477530992
2003,CHE,Suiza,94314172936.2286,0.0136013532406783
2004,CHE,Suiza,95506519427.8002,0.0114029039918994
2005,CHE,Suiza,99696223532.2649,0.0114032699521639
2006,CHE,Suiza,106308926641.537,0.01139174081071
2007,CHE,Suiza,111602989246.186,0.0112752975729525
2008,CHE,Suiza,115265025174.614,0.0114913424213275
2009,CHE,Suiza,100393290256.732,0.010648126911414
2010,CHE,Suiza,107553812598.006,0.0104347900824449
2011,CHE,Suiza,117048049169.435,0.0108803233007517
2012,CHE,Suiza,114019527194.634,0.0103538273980236
2013,CHE,Suiza,116506121572.937,0.0102382690554872
2014,CHE,Suiza,118106039355.208,0.00995083204102065
2015,CHE,Suiza,118823719530.313,0.00965162205261727
2016,CHE,Suiza,123542776174.334,0.0097703603199454
2017,CHE,Suiza,129860534866.315,0.00992041467243608
2018,CHE,Suiza,136734015063.315,0.0100364971833331
2019,CHE,Suiza,141067933312.382,0.0101980062565908
2020,CHE,Suiza,135868978538.005,0.0100336158342586
2021,CHE,Suiza,162911640527.268,0.0110162020071446
2022,CHE,Suiza,169318809454.565,0.0112071099451402
2023,CHE,Suiza,166443629044.801,0.0108460839872255
1970,CHL,Chile,8546167938.66266,0.00304121295361771
1971,CHL,Chile,9706486997.96071,0.0033485886589566
1972,CHL,Chile,9923588414.87402,0.00321917673062032
1973,CHL,Chile,9156643431.93335,0.00272486644015354
1974,CHL,Chile,8922917131.7485,0.00262092157770821
1975,CHL,Chile,6650564519.7231,0.00201246776837299
1976,CHL,Chile,7050661894.47012,0.00199350163839887
1977,CHL,Chile,7649157692.44097,0.00208126196603117
1978,CHL,Chile,8358037825.69647,0.00219835606489444
1979,CHL,Chile,9018632452.37834,0.00227902798544286
1980,CHL,Chile,9575443800.36691,0.00241653496129882
1981,CHL,Chile,9820416345.12511,0.00244764225112533
1982,CHL,Chile,7762353588.86859,0.00196924191121717
1983,CHL,Chile,8002680945.65215,0.00199265468967314
1984,CHL,Chile,8714494881.84008,0.00205820562691159
1985,CHL,Chile,8948587907.39332,0.00202879713595802
1986,CHL,Chile,9630367516.44415,0.00213861070444769
1987,CHL,Chile,10138529853.8904,0.00215243220397423
1988,CHL,Chile,11031995166.6179,0.00221796245046841
1989,CHL,Chile,12240191044.52,0.00239199221517396
1990,CHL,Chile,12360985410.9874,0.00239040972539676
1991,CHL,Chile,13020712127.0849,0.0025233821219127002
1992,CHL,Chile,14506878494.1286,0.00282635966419386
1993,CHL,Chile,15315310675.4806,0.00300396004442394
1994,CHL,Chile,15219916829.314,0.0028770367867862502
1995,CHL,Chile,15743731145.2239,0.00283321020975212
1996,CHL,Chile,15399823990.604,0.00270381520208856
1997,CHL,Chile,16194121950.9592,0.00271423696764491
1998,CHL,Chile,16116020455.1286,0.00266388697637455
1999,CHL,Chile,16168130506.4492,0.00258424579419341
2000,CHL,Chile,17158307844.3163,0.00257700128264036
2001,CHL,Chile,17276990750.7671,0.00261468909837926
2002,CHL,Chile,17531282615.0085,0.00261824605835848
2003,CHL,Chile,17880936439.5179,0.00257866792674357
2004,CHL,Chile,18729816111.5329,0.00223622739248912
2005,CHL,Chile,19588975459.8767,0.00224059013813091
2006,CHL,Chile,20500011652.5119,0.00219671881505674
2007,CHL,Chile,20852160868.0916,0.00210670270048204
2008,CHL,Chile,21480278166.4408,0.00214147553728465
2009,CHL,Chile,20506697392.4044,0.00217502500226744
2010,CHL,Chile,21210238272.9572,0.00205780137989317
2011,CHL,Chile,23267384702.418,0.00216284397494581
2012,CHL,Chile,24469004227.9944,0.00222196892595154
2013,CHL,Chile,24707932563.5767,0.00217127184370621
2014,CHL,Chile,24830910734.3153,0.00209208795326395
2015,CHL,Chile,25216899341.7432,0.00204827775756766
2016,CHL,Chile,25193812080.2588,0.00199244852252446
2017,CHL,Chile,25431900467.724,0.00194281502696465
2018,CHL,Chile,26760111897.9616,0.00196423536283349
2019,CHL,Chile,26280583271.5945,0.00189986162225184
2020,CHL,Chile,25706125960.2453,0.0018983390855479
2021,CHL,Chile,27172723261.8095,0.00183743904098877
2022,CHL,Chile,26035832035.8362,0.00172329603000852
2023,CHL,Chile,26517737608.8422,0.00172799410171053
1970,CHN,China,29262553894.4477,0.0104132821398379
1971,CHN,China,32861848023.4965,0.0113368319173512
1972,CHN,China,35359348473.1896,0.0114704466827922
1973,CHN,China,38470971139.0274,0.0114483280861705
1974,CHN,China,38855680850.2448,0.0114130492139844
1975,CHN,China,45072589786.4654,0.0136390127354386
1976,CHN,China,43675339502.9459,0.0123487499698485
1977,CHN,China,49964588391.479,0.0135948821620388
1978,CHN,China,58158780887.5251,0.0152970962033549
1979,CHN,China,63208904615.1981,0.0159730273195949
1980,CHN,China,71160834343.0226,0.0179587126873972
1981,CHN,China,72400471687.4797,0.0180451059584298
1982,CHN,China,76592635584.822,0.0194308886289988
1983,CHN,China,84051650033.6548,0.0209287257297597
1984,CHN,China,96483340781.9541,0.0227876150704349
1985,CHN,China,113880644368.902,0.0258186797210537
1986,CHN,China,124853730492.5,0.027726202978812
1987,CHN,China,141251554397.079,0.0299880159083444
1988,CHN,China,162576142106.781,0.0326856360149586
1989,CHN,China,170776819924.336,0.0333734026131941
1990,CHN,China,176512468589.501,0.0341345861629352
1991,CHN,China,201757021246.714,0.0391000166054896
1992,CHN,China,244206215866.781,0.0475784365706682
1993,CHN,China,292944180060.174,0.0574583585533226
1994,CHN,China,347973470237.225,0.065777788796451
1995,CHN,China,396650080581.119,0.0713803511782115
1996,CHN,China,446195870459.571,0.0783405822296291
1997,CHN,China,496707983467.498,0.0832513905313641
1998,CHN,China,540875085873.394,0.0894035907384993
1999,CHN,China,587199798653.311,0.093855539415379
2000,CHN,China,645084599242.366,0.0968850690139463
2001,CHN,China,701319218712.883,0.106137216955506
2002,CHN,China,771743882349.141,0.115257703751411
2003,CHN,China,870151261805.58,0.125487339984863
2004,CHN,China,1049299938247.69,0.12528010157034
2005,CHN,China,1149110593198.33,0.131435452967694
2006,CHN,China,1300132195677.7,0.139318206482886
2007,CHN,China,1516298880762.3,0.153192322227283
2008,CHN,China,1658872775445.31,0.16538125998916
2009,CHN,China,1871822990974.28,0.198533275606634
2010,CHN,China,2076477480186.37,0.201458284864843
2011,CHN,China,2302018977244.49,0.213986571280903
2012,CHN,China,2523464286605.88,0.229149465108671
2013,CHN,China,2735828384656.88,0.240417814219492
2014,CHN,China,2986278895210.48,0.251604065940374
2015,CHN,China,3202510843017.23,0.260128401958716
2016,CHN,China,3404166535738.12,0.269217955700849
2017,CHN,China,3600631194771.78,0.275062431949913
2018,CHN,China,3819861916374.72,0.280384024024042
2019,CHN,China,3988407309154.29,0.288327770440357
2020,CHN,China,4081478900734.89,0.301407957624051
2021,CHN,China,4511268232770.7,0.30505519433584
2022,CHN,China,4627011538045.29,0.306259104888289
2023,CHN,China,4822678648045.24,0.314263621625424
1970,CIV,Costa de Marfil,852431853.57608,3.0334376925169e-4
1971,CIV,Costa de Marfil,1021037868.4898,3.5224235374842e-4
1972,CIV,Costa de Marfil,1068328508.81649,3.4656196251404e-4
1973,CIV,Costa de Marfil,1061825623.43886,3.1598183636957e-4
1974,CIV,Costa de Marfil,1022480278.78978,3.0033234489269e-4
1975,CIV,Costa de Marfil,1130912158.16853,3.4221519999178e-4
1976,CIV,Costa de Marfil,1290067288.78105,3.6475316676961e-4
1977,CIV,Costa de Marfil,1398432858.15153,3.805000807599e-4
1978,CIV,Costa de Marfil,1380249324.90218,3.630372986751e-4
1979,CIV,Costa de Marfil,1461676326.49893,3.6936877861919e-4
1980,CIV,Costa de Marfil,1562813161.78905,3.9440392760662e-4
1981,CIV,Costa de Marfil,1679628462.89859,4.1863088564713e-4
1982,CIV,Costa de Marfil,1379758091.18113,3.5003268395184e-4
1983,CIV,Costa de Marfil,1416365803.86443,3.5267280809145e-4
1984,CIV,Costa de Marfil,1443705464.42909,3.4097704465729e-4
1985,CIV,Costa de Marfil,2085754562.58903,4.7287604778356e-4
1986,CIV,Costa de Marfil,1973247125.86119,4.3819796271342e-4
1987,CIV,Costa de Marfil,1997360125.36457,4.2404395101909e-4
1988,CIV,Costa de Marfil,2049604957.61834,4.1206932795321e-4
1989,CIV,Costa de Marfil,2620279279.15216,5.1205799113075e-4
1990,CIV,Costa de Marfil,2527846114.39479,4.8884354565976e-4
1991,CIV,Costa de Marfil,2363073951.1364,4.5795794445462e-4
1992,CIV,Costa de Marfil,2383168117.38668,4.6431010245937e-4
1993,CIV,Costa de Marfil,2355036284.63781,4.6191912473225e-4
1994,CIV,Costa de Marfil,2395224617.13685,4.5277181297378e-4
1995,CIV,Costa de Marfil,2616260445.90058,4.7081697078807e-4
1996,CIV,Costa de Marfil,2801126775.41229,4.9180621563974e-4
1997,CIV,Costa de Marfil,3371801096.94459,5.651351282019e-4
1998,CIV,Costa de Marfil,3219085433.43485,5.3209660448372e-4
1999,CIV,Costa de Marfil,3721439589.71316,5.948192095694e-4
2000,CIV,Costa de Marfil,3528535593.70286,5.2994973824452e-4
2001,CIV,Costa de Marfil,3029280312.81875,4.5844940962941e-4
2002,CIV,Costa de Marfil,3263693132.47913,4.8742307493746e-4
2003,CIV,Costa de Marfil,3958908528.00021,5.7092705857976e-4
2004,CIV,Costa de Marfil,3922263231.45281,4.6829463922642e-4
2005,CIV,Costa de Marfil,4100325870.64329,4.6899592720936e-4
2006,CIV,Costa de Marfil,3976274581.95523,4.2608547429496e-4
2007,CIV,Costa de Marfil,4369455533.89703,4.4144795501664e-4
2008,CIV,Costa de Marfil,4395291543.12023,4.3818842781707e-4
2009,CIV,Costa de Marfil,3992578176.97007,4.2346932771504e-4
2010,CIV,Costa de Marfil,3772347650.89361,3.6599033455192e-4
2011,CIV,Costa de Marfil,3177198477.56395,2.9533979311787e-4
2012,CIV,Costa de Marfil,3990949362.94729,3.6240810565431e-4
2013,CIV,Costa de Marfil,4851881727.56907,4.2637133466979e-4
2014,CIV,Costa de Marfil,5035281389.13122,4.2423943480001e-4
2015,CIV,Costa de Marfil,5236929530.5978,4.2537689230159e-4
2016,CIV,Costa de Marfil,7726719976.51747,6.110663901171e-4
2017,CIV,Costa de Marfil,6941391875.55264,5.3027261808408e-4
2018,CIV,Costa de Marfil,7915312832.7,5.809967250198e-4
2019,CIV,Costa de Marfil,9872765941.65487,7.1371662204691e-4
2020,CIV,Costa de Marfil,7988826238.33703,5.8995669434357e-4
2021,CIV,Costa de Marfil,8227514181.47387,5.5635041146487e-4
2022,CIV,Costa de Marfil,8570267786.88573,5.6726085930042e-4
2023,CIV,Costa de Marfil,9308282673.37292,6.0656221107185e-4
1970,CMR,Camerún,457127916.911356,1.6267213005278e-4
1971,CMR,Camerún,470032191.115395,1.6215387347082e-4
1972,CMR,Camerún,484027695.499551,1.5701686015035e-4
1973,CMR,Camerún,507801937.133743,1.5111350212842e-4
1974,CMR,Camerún,524350011.781362,1.5401692516671e-4
1975,CMR,Camerún,545191211.082647,1.6497542977746e-4
1976,CMR,Camerún,517109656.912133,1.4620740062641e-4
1977,CMR,Camerún,581169735.519601,1.5813067464155e-4
1978,CMR,Camerún,718285042.34925,1.8892547654148e-4
1979,CMR,Camerún,769166582.232602,1.9437006393505e-4
1980,CMR,Camerún,811223688.559252,2.0472684563843e-4
1981,CMR,Camerún,950020366.293177,2.3678323873946e-4
1982,CMR,Camerún,1021728317.07222,2.5920362952047e-4
1983,CMR,Camerún,1127970465.00331,2.8086283236404e-4
1984,CMR,Camerún,1305920563.71519,3.084347502618e-4
1985,CMR,Camerún,1427340161.35271,3.2360230031352e-4
1986,CMR,Camerún,1460554580.27079,3.243445958281e-4
1987,CMR,Camerún,1490029627.52244,3.1633656963828e-4
1988,CMR,Camerún,1447356797.91881,2.9098843697175e-4
1989,CMR,Camerún,1444992761.41291,2.8238214777128e-4
1990,CMR,Camerún,1471088418.49381,2.8448412044564e-4
1991,CMR,Camerún,1522217803.53074,2.950020823436e-4
1992,CMR,Camerún,1535781500.9388,2.9921467178658e-4
1993,CMR,Camerún,1689651545.80542,3.3140991000101e-4
1994,CMR,Camerún,1707421754.22876,3.227557188758e-4
1995,CMR,Camerún,1632965339.97832,2.9386516008954e-4
1996,CMR,Camerún,1714537368.95185,3.0102890822319e-4
1997,CMR,Camerún,1671174009.05408,2.8009930322114e-4
1998,CMR,Camerún,1825522194.98794,3.017484877145e-4
1999,CMR,Camerún,1852422015.48448,2.9608332272414e-4
2000,CMR,Camerún,1974344775.43148,2.9652626965465e-4
2001,CMR,Camerún,2228643557.36074,3.3728153806794e-4
2002,CMR,Camerún,2558865890.88791,3.8215917681628e-4
2003,CMR,Camerún,2755518823.29081,3.9738232028242e-4
2004,CMR,Camerún,2918778217.73865,3.4848456408969e-4
2005,CMR,Camerún,2954819826.00454,3.3797276308095e-4
2006,CMR,Camerún,3171290567.22928,3.3982583888877e-4
2007,CMR,Camerún,3363613104.84528,3.3982726568149e-4
2008,CMR,Camerún,3281821236.53492,3.271810467874e-4
2009,CMR,Camerún,3455869687.84427,3.6654380916663e-4
2010,CMR,Camerún,3511381231.8493,3.4067156866611e-4
2011,CMR,Camerún,3891382344.2824,3.6172749817761e-4
2012,CMR,Camerún,4161110479.28944,3.7786001000623e-4
2013,CMR,Camerún,4325820878.58129,3.8014241177046e-4
2014,CMR,Camerún,4432337942.05746,3.7343941640281e-4
2015,CMR,Camerún,4622187180.18732,3.7544358900699e-4
2016,CMR,Camerún,4836837231.80121,3.8252048421624e-4
2017,CMR,Camerún,4985180078.83477,3.8083204916505e-4
2018,CMR,Camerún,5242042412.83803,3.8477436566899e-4
2019,CMR,Camerún,5301597725.99478,3.8326021733017e-4
2020,CMR,Camerún,5233547198.84307,3.8648558787069e-4
2021,CMR,Camerún,5576851207.45455,3.7711067954548e-4
2022,CMR,Camerún,5816108238.61864,3.8496469880108e-4
2023,CMR,Camerún,6005316605.10045,3.9132869574279e-4
1970,COD,República Democrática del Congo,17077252328.6998,0.00607705832216154
1971,COD,República Democrática del Congo,18795995143.7186,0.00648432910746009
1972,COD,República Democrática del Congo,18906170965.1971,0.00613309451096019
1973,COD,República Democrática del Congo,20580843451.6214,0.00612452041495909
1974,COD,República Democrática del Congo,22233480773.7564,0.00653062318601629
1975,COD,República Democrática del Congo,20294386315.7858,0.00614110249112046
1976,COD,República Democrática del Congo,18685819322.2454,0.00528322191465983
1977,COD,República Democrática del Congo,18289186364.9314,0.00497631105299394
1978,COD,República Democrática del Congo,15974168902.4327,0.00420157360144334
1979,COD,República Democrática del Congo,15049620310.5727,0.00380307170063677
1980,COD,República Democrática del Congo,15578732219.2459,0.00393157245192933
1981,COD,República Democrática del Congo,15820130451.8178,0.00394301202223523
1982,COD,República Democrática del Congo,15578984151.0415,0.00395225342071676
1983,COD,República Democrática del Congo,16028611038.4741,0.00399109837961425
1984,COD,República Democrática del Congo,17308848396.633,0.00408803604206001
1985,COD,República Democrática del Congo,18311890501.3434,0.00415161714759577
1986,COD,República Democrática del Congo,19094105199.0592,0.00424021800838146
1987,COD,República Democrática del Congo,19551723622.4564,0.00415087396049144
1988,COD,República Democrática del Congo,19114417605.3198,0.0038429186988276
1989,COD,República Democrática del Congo,18333900473.7665,0.00358283192210939
1990,COD,República Democrática del Congo,15649121745.8978,0.00302628079975413
1991,COD,República Democrática del Congo,12287100621.4692,0.00238121000877233
1992,COD,República Democrática del Congo,8900891341.8065,0.00173415116656806
1993,COD,República Democrática del Congo,7812467065.64127,0.00153234494623322
1994,COD,República Democrática del Congo,7231974586.8972,0.00136706771534601
1995,COD,República Democrática del Congo,8054339427.36156,0.00144944273297836
1996,COD,República Democrática del Congo,7828817763.26616,0.00137454015679758
1997,COD,República Democrática del Congo,6122135567.78251,0.0010261085305724
1998,COD,República Democrática del Congo,5240547834.18355,8.6623289933259e-4
1999,COD,República Democrática del Congo,6110479127.10621,9.7667321391499e-4
2000,COD,República Democrática del Congo,5444436858.05867,8.1769839390772e-4
2001,COD,República Democrática del Congo,4674754977.86478,7.0747452809017e-4
2002,COD,República Democrática del Congo,4876225899.46972,7.2825015267406e-4
2003,COD,República Democrática del Congo,4658490398.25604,6.7181603254721e-4
2004,COD,República Democrática del Congo,4859436656.00264,5.8018750945064e-4
2005,COD,República Democrática del Congo,4879846080.09231,5.5815757312304e-4
2006,COD,República Democrática del Congo,4646108331.19907,4.9786281885777e-4
2007,COD,República Democrática del Congo,4978587818.23307,5.029888493383e-4
2008,COD,República Democrática del Congo,5057287396.985,5.0418607998202e-4
2009,COD,República Democrática del Congo,4558017269.38274,4.8344213268325e-4
2010,COD,República Democrática del Congo,4406914078.17903,4.2755549251465e-4
2011,COD,República Democrática del Congo,4485561190.54513,4.1696001159137e-4
2012,COD,República Democrática del Congo,4719771136.91088,4.2859058366669e-4
2013,COD,República Democrática del Congo,5194329596.78503,4.5646480422466e-4
2014,COD,República Democrática del Congo,5710441434.2402,4.8112394507879e-4
2015,COD,República Democrática del Congo,6494813902.4678,5.2755030171153e-4
2016,COD,República Democrática del Congo,7056204230.89825,5.5803876164895e-4
2017,COD,República Democrática del Congo,7224568863.04155,5.5190531153074e-4
2018,COD,República Democrática del Congo,7169426691.52936,5.2624747954873e-4
2019,COD,República Democrática del Congo,7607678412.40595,5.4997014719175e-4
2020,COD,República Democrática del Congo,7059352214.04832,5.2131714624373e-4
2021,COD,República Democrática del Congo,7366228104.79502,4.9810962906328e-4
2022,COD,República Democrática del Congo,7528559102.56734,4.9831078934912e-4
2023,COD,República Democrática del Congo,7725334282.64009,5.0341142487558e-4
1970,COG,Congo,476684616.843565,1.6963151694884e-4
1971,COG,Congo,488038923.134283,1.6836591894474e-4
1972,COG,Congo,511140030.246309,1.6581200495893e-4
1973,COG,Congo,543324582.390909,1.6168445693804e-4
1974,COG,Congo,513438926.831875,1.5081202058696e-4
1975,COG,Congo,540857473.865694,1.636640363702e-4
1976,COG,Congo,573939156.384715,1.6227535311139e-4
1977,COG,Congo,543100299.79997,1.4777234869021e-4
1978,COG,Congo,542847981.878053,1.4278149706481e-4
1979,COG,Congo,512233407.891357,1.2944249339658e-4
1980,COG,Congo,593395671.354875,1.4975403914516e-4
1981,COG,Congo,727460591.53207,1.8131240237552e-4
1982,COG,Congo,772317110.199821,1.9593016534786e-4
1983,COG,Congo,1017934585.24696,2.534640752078e-4
1984,COG,Congo,1078322673.50788,2.5468025678289e-4
1985,COG,Congo,1183455139.13754,2.6830941615194e-4
1986,COG,Congo,1110226872.41025,2.4654750399169e-4
1987,COG,Congo,1118132833.82262,2.3738206175102e-4
1988,COG,Congo,998873495.533495,2.0082168931375e-4
1989,COG,Congo,741243573.266712,1.4485467182275e-4
1990,COG,Congo,660609584.668437,1.2775094568739e-4
1991,COG,Congo,699559969.548369,1.3557300884428e-4
1992,COG,Congo,681255098.809294,1.3272820428462e-4
1993,COG,Congo,677828032.834409,1.3294985461084e-4
1994,COG,Congo,585845640.75893,1.1074301382485e-4
1995,COG,Congo,615483888.556195,1.1076124337427e-4
1996,COG,Congo,604855363.676002,1.061971311081e-4
1997,COG,Congo,436257694.234797,7.311954082459e-5
1998,COG,Congo,494816031.329062,8.179028968279e-5
1999,COG,Congo,423976438.491393,6.776660588999e-5
2000,COG,Congo,555600842.130366,8.344552946579e-5
2001,COG,Congo,601434180.916451,9.102067709129e-5
2002,COG,Congo,676616071.229235,1.0105064189663e-4
2003,COG,Congo,770136845.426932,1.110639361212e-4
2004,COG,Congo,786460258.457043,9.38986246631e-5
2005,COG,Congo,799415945.782135,9.143732340942e-5
2006,COG,Congo,889319445.334469,9.529676330318e-5
2007,COG,Congo,914035477.629709,9.234539390138e-5
2008,COG,Congo,930639239.195357,9.278004452883e-5
2009,COG,Congo,1009239652.23679,1.0704412489686e-4
2010,COG,Congo,1099229363.94128,1.0664640692987e-4
2011,COG,Congo,1161120227.01784,1.0793313985702e-4
2012,COG,Congo,1086623677.52718,9.867357180421e-5
2013,COG,Congo,1280227255.58648,1.1250319655226e-4
2014,COG,Congo,1256498277.35351,1.0586421647899e-4
2015,COG,Congo,1040498809.72601,8.45159644671e-5
2016,COG,Congo,1092691897.12923,8.641536060815e-5
2017,COG,Congo,1016016192.03456,7.76163593448e-5
2018,COG,Congo,868366846.427334,6.373952673175e-5
2019,COG,Congo,1018149313.46346,7.360349602522e-5
2020,COG,Congo,1039682152.2691,7.677816833432e-5
2021,COG,Congo,952306393.726233,6.439564153936e-5
2022,COG,Congo,945394990.488642,6.257512460737e-5
2023,COG,Congo,978056814.567758,6.373380835276e-5
1970,COK,Islas Cook,50284358.9794589,1.789403683501e-5
1971,COK,Islas Cook,43758135.2692607,1.509588335414e-5
1972,COK,Islas Cook,34923576.7921075,1.132908390181e-5
1973,COK,Islas Cook,31465313.7195158,9.36355969527e-6
1974,COK,Islas Cook,27528586.6451252,8.08595055593e-6
1975,COK,Islas Cook,23527213.813988,7.11935946788e-6
1976,COK,Islas Cook,18903484.1994407,5.34476440468e-6
1977,COK,Islas Cook,18906281.3993499,5.14421665465e-6
1978,COK,Islas Cook,23122154.3101676,6.08165806631e-6
1979,COK,Islas Cook,20476313.3548892,5.17440880542e-6
1980,COK,Islas Cook,17719925.2992277,4.47194092409e-6
1981,COK,Islas Cook,14440296.4042315,3.59910194798e-6
1982,COK,Islas Cook,12640014.7919056,3.20666233528e-6
1983,COK,Islas Cook,8815701.54130314,2.1950955109e-6
1984,COK,Islas Cook,6814395.16871497,1.60943653882e-6
1985,COK,Islas Cook,6811648.45977885,1.54431660384e-6
1986,COK,Islas Cook,5752109.81546823,1.27736803434e-6
1987,COK,Islas Cook,6499390.64319909,1.3798349394e-6
1988,COK,Islas Cook,5332333.63559122,1.07205592447e-6
1989,COK,Islas Cook,4574655.99520143,8.9398453731e-7
1990,COK,Islas Cook,5377820.23194878,1.03998130864e-6
1991,COK,Islas Cook,3794884.94758648,7.3543940899e-7
1992,COK,Islas Cook,4232856.63156606,8.2468294282e-7
1993,COK,Islas Cook,4673427.15806056,9.1665058259e-7
1994,COK,Islas Cook,4711115.78427412,8.9054714097e-7
1995,COK,Islas Cook,4430398.23598472,7.9728556081e-7
1996,COK,Islas Cook,3930615.50274783,6.9011554653e-7
1997,COK,Islas Cook,4048746.34728907,6.7859542133e-7
1998,COK,Islas Cook,5021051.01609172,8.2995131749e-7
1999,COK,Islas Cook,5179568.14740878,8.2788032885e-7
2000,COK,Islas Cook,6205384.59209191,9.3198491355e-7
2001,COK,Islas Cook,6416725.37945619,9.7110325165e-7
2002,COK,Islas Cook,6677335.97966174,9.9724070354e-7
2003,COK,Islas Cook,6936650.40445809,1.0003568872e-6
2004,COK,Islas Cook,7455278.53275119,8.9011541673e-7
2005,COK,Islas Cook,7260793.07480373,8.3049067021e-7
2006,COK,Islas Cook,6742167.8317091,7.2247017129e-7
2007,COK,Islas Cook,6668797.23481253,6.7375142712e-7
2008,COK,Islas Cook,6951993.88988066,6.930787737e-7
2009,COK,Islas Cook,7104548.75857536,7.5353777763e-7
2010,COK,Islas Cook,6607068.41371138,6.4101281295e-7
2011,COK,Islas Cook,6380984.26220469,5.9315103705e-7
2012,COK,Islas Cook,6526160.23583203,5.9262424881e-7
2013,COK,Islas Cook,6430047.06205629,5.6505659077e-7
2014,COK,Islas Cook,6219232.82341138,5.2399133513e-7
2015,COK,Islas Cook,6372328.66681776,5.1760126791e-7
2016,COK,Islas Cook,6778831.49116891,5.3610278373e-7
2017,COK,Islas Cook,7511037.1569342,5.7378943721e-7
2018,COK,Islas Cook,8366137.85120161,6.1408800831e-7
2019,COK,Islas Cook,8616284.55788398,6.2288375371e-7
2020,COK,Islas Cook,5926781.89427539,4.3767939746e-7
2021,COK,Islas Cook,4174616.73670547,2.8229057865e-7
2022,COK,Islas Cook,4360144.37472707,2.8859532819e-7
2023,COK,Islas Cook,4112258.22103992,2.6796999259e-7
1970,COL,Colombia,8555008937.72649,0.00304435908426583
1971,COL,Colombia,9284843547.86187,0.00320312815657083
1972,COL,Colombia,10279847931.7079,0.00333474604876482
1973,COL,Colombia,11156767884.6909,0.00332007057122658
1974,COL,Colombia,12086227606.4722,0.0035500783274324
1975,COL,Colombia,12235783879.0409,0.00370256097874424
1976,COL,Colombia,12772105677.3655,0.00361118062030475
1977,COL,Colombia,12956124917.0912,0.00352523651639945
1978,COL,Colombia,14248031014.219101,0.00374755966006921
1979,COL,Colombia,15120009107.7609,0.00382085910238538
1980,COL,Colombia,15303118004.9582,0.00386201626231109
1981,COL,Colombia,14897885530.7635,0.00371315154022229
1982,COL,Colombia,14683304791.8605,0.00372502732067917
1983,COL,Colombia,14851197963.9352,0.00369792441696401
1984,COL,Colombia,15740472565.522,0.00371761411807315
1985,COL,Colombia,16205397499.8115,0.00367403934284597
1986,COL,Colombia,17169190139.8172,0.00381275312255876
1987,COL,Colombia,18236631779.1598,0.00387167706750116
1988,COL,Colombia,18582301842.1923,0.00373593779790313
1989,COL,Colombia,19626074575.789,0.00383535007165829
1990,COL,Colombia,20455396619.4156,0.00395573470804649
1991,COL,Colombia,20623549889.3557,0.00399679346054522
1992,COL,Colombia,21547807653.8301,0.00419813638262994
1993,COL,Colombia,21277210431.6887,0.00417333290508568
1994,COL,Colombia,21665333989.718,0.00409542072965708
1995,COL,Colombia,22945791334.1666,0.0041292784841873
1996,COL,Colombia,22521490029.6403,0.00395419760336099
1997,COL,Colombia,22615780634.5415,0.00379054746137591
1998,COL,Colombia,22550642721.7678,0.00372749362180637
1999,COL,Colombia,20663035854.9858,0.00330269250871119
2000,COL,Colombia,23070644348.2562,0.00346497338876513
2001,COL,Colombia,23430163643.3515,0.00354590647962194
2002,COL,Colombia,23660537357.2555,0.0035336324235195
2003,COL,Colombia,25376415461.2387,0.00365961530409535
2004,COL,Colombia,26726534424.2608,0.00319098746244679
2005,COL,Colombia,28175839432.8748,0.00322275700922526
2006,COL,Colombia,30230342921.7862,0.00323939147974913
2007,COL,Colombia,32577356937.6117,0.00329130425710719
2008,COL,Colombia,32693704640.9603,0.00325939767489645
2009,COL,Colombia,31495578604.9095,0.0033405511192617
2010,COL,Colombia,32088623638.279,0.00311321415403018
2011,COL,Colombia,33881618339.4131,0.00314950111600629
2012,COL,Colombia,34162822349.7008,0.00310224024551815
2013,COL,Colombia,34678545398.3997,0.00304746457480751
2014,COL,Colombia,35680813388.3745,0.0030062288351477
2015,COL,Colombia,36395677020.2344,0.00295628953829219
2016,COL,Colombia,37569001664.9757,0.00297113837404358
2017,COL,Colombia,36886598677.6238,0.0028178719201678
2018,COL,Colombia,37430770381.06,0.00274747890146823
2019,COL,Colombia,37880477961.7146,0.00273843489576599
2020,COL,Colombia,34376916712.916,0.00253865731217831
2021,COL,Colombia,39054532059.1415,0.0026408954760111
2022,COL,Colombia,42776199660.926,0.00283133087327731
2023,COL,Colombia,42791882893.6658,0.00278847774769013
1970,COM,Comoras,13092298.2024316,4.65898484228e-6
1971,COM,Comoras,13653555.5306589,4.71026656853e-6
1972,COM,Comoras,13956833.7496179,4.52754714943e-6
1973,COM,Comoras,14972945.1092276,4.45570212946e-6
1974,COM,Comoras,15434675.041376,4.53361521389e-6
1975,COM,Comoras,16454385.1600219,4.97911413155e-6
1976,COM,Comoras,16471170.3596492,4.65705285401e-6
1977,COM,Comoras,17175877.7917902,4.6733905377e-6
1978,COM,Comoras,17695069.3982929,4.65420998824e-6
1979,COM,Comoras,19224622.5017038,4.85810381144e-6
1980,COM,Comoras,21004794.995199,5.30093670006e-6
1981,COM,Comoras,21612275.1622801,5.38664716149e-6
1982,COM,Comoras,22231438.8072613,5.63992358048e-6
1983,COM,Comoras,23212752.9234753,5.77993815913e-6
1984,COM,Comoras,24976780.7003169,5.89906257064e-6
1985,COM,Comoras,25864637.4965624,5.86395339897e-6
1986,COM,Comoras,27687075.6600564,6.1484544884e-6
1987,COM,Comoras,28852098.2721712,6.12536396974e-6
1988,COM,Comoras,30642217.2896484,6.16056174074e-6
1989,COM,Comoras,30993090.1029365,6.05670532271e-6
1990,COM,Comoras,32634409.362324,6.31095393518e-6
1991,COM,Comoras,33630723.0308441,6.5175517602e-6
1992,COM,Comoras,42993886.1220605,8.37645297653e-6
1993,COM,Comoras,44946339.2385649,8.81581902428e-6
1994,COM,Comoras,42576284.6945536,8.04823959845e-6
1995,COM,Comoras,46565008.505299,8.37974532831e-6
1996,COM,Comoras,43736537.7969937,7.67901736113e-6
1997,COM,Comoras,44050812.3203698,7.38319395252e-6
1998,COM,Comoras,42846093.3140947,7.08221674734e-6
1999,COM,Comoras,39441452.6483463,6.30415545462e-6
2000,COM,Comoras,44155570.4948285,6.63171233628e-6
2001,COM,Comoras,46004835.9967072,6.96234343634e-6
2002,COM,Comoras,45760898.7778607,6.8342571096e-6
2003,COM,Comoras,46836130.2015618,6.75439047457e-6
2004,COM,Comoras,46949690.5592748,5.60551067198e-6
2005,COM,Comoras,48818193.9070589,5.58383280705e-6
2006,COM,Comoras,50309444.9734938,5.39100690388e-6
2007,COM,Comoras,46336935.1591413,4.68144030968e-6
2008,COM,Comoras,48273273.7126293,4.81260223723e-6
2009,COM,Comoras,47000406.6935803,4.98505720931e-6
2010,COM,Comoras,55111814.1679126,5.34690679961e-6
2011,COM,Comoras,52977890.0477421,4.92461493891e-6
2012,COM,Comoras,55800243.8791957,5.06708024588e-6
2013,COM,Comoras,61723651.1835287,5.42412140557e-6
2014,COM,Comoras,61149613.1161144,5.15206108691e-6
2015,COM,Comoras,70061762.0975283,5.69086417071e-6
2016,COM,Comoras,67651218.1840024,5.35018556494e-6
2017,COM,Comoras,67164533.7355424,5.13088927766e-6
2018,COM,Comoras,70538047.3056365,5.17760641178e-6
2019,COM,Comoras,73520549.4385065,5.3149075453e-6
2020,COM,Comoras,71263914.2821858,5.26267840125e-6
2021,COM,Comoras,69964009.2382223,4.73101649767e-6
2022,COM,Comoras,82166477.8669166,5.43854964623e-6
2023,COM,Comoras,95200713.0963578,6.20363143853e-6
1970,CPV,Cabo Verde,23155564.3269149,8.24006767533e-6
1971,CPV,Cabo Verde,24337997.5807481,8.39623467251e-6
1972,CPV,Cabo Verde,24861845.482234,8.06509410816e-6
1973,CPV,Cabo Verde,25313908.9573533,7.53300284102e-6
1974,CPV,Cabo Verde,25959584.6246718,7.62508880073e-6
1975,CPV,Cabo Verde,21755602.9135511,6.58326815944e-6
1976,CPV,Cabo Verde,21696700.2205041,6.13451730983e-6
1977,CPV,Cabo Verde,20677040.0723703,5.62602299534e-6
1978,CPV,Cabo Verde,23143216.3223254,6.08719785963e-6
1979,CPV,Cabo Verde,23897361.5853747,6.03891511478e-6
1980,CPV,Cabo Verde,26209450.7182193,6.61442490786e-6
1981,CPV,Cabo Verde,23496048.9962251,5.85615927436e-6
1982,CPV,Cabo Verde,27867640.6560841,7.06977920013e-6
1983,CPV,Cabo Verde,33806975.543828,8.41788255942e-6
1984,CPV,Cabo Verde,31977941.7913781,7.55260983275e-6
1985,CPV,Cabo Verde,42992342.8684419,9.74709562919e-6
1986,CPV,Cabo Verde,41545195.2773412,9.22591990251e-6
1987,CPV,Cabo Verde,53584659.2318539,1.137614110051e-5
1988,CPV,Cabo Verde,43062690.3173633,8.65767512562e-6
1989,CPV,Cabo Verde,50378825.3372247,9.84508800376e-6
1990,CPV,Cabo Verde,49172869.0196923,9.50921794842e-6
1991,CPV,Cabo Verde,48901528.8394434,9.47699652701e-6
1992,CPV,Cabo Verde,47735771.0641518,9.30030936217e-6
1993,CPV,Cabo Verde,54881062.2794899,1.076442533725e-5
1994,CPV,Cabo Verde,59815433.5609053,1.130697392779e-5
1995,CPV,Cabo Verde,66679334.9503725,1.19994790827e-5
1996,CPV,Cabo Verde,81934682.414951,1.438563453887e-5
1997,CPV,Cabo Verde,84477240.332422,1.415891823769e-5
1998,CPV,Cabo Verde,85745236.5450361,1.417320234573e-5
1999,CPV,Cabo Verde,87071962.9510205,1.391721534895e-5
2000,CPV,Cabo Verde,83091617.5320839,1.247950595709e-5
2001,CPV,Cabo Verde,64481863.2699394,9.75864532008e-6
2002,CPV,Cabo Verde,66146507.2755592,9.87878843503e-6
2003,CPV,Cabo Verde,63573488.7163993,9.1681393141e-6
2004,CPV,Cabo Verde,59882901.5108787,7.14965827229e-6
2005,CPV,Cabo Verde,64737497.9301646,7.40468534082e-6
2006,CPV,Cabo Verde,64737559.9209782,6.93707976023e-6
2007,CPV,Cabo Verde,67514889.395283,6.821058053e-6
2008,CPV,Cabo Verde,75517494.7366578,7.5287138445e-6
2009,CPV,Cabo Verde,74938844.3600282,7.94832327239e-6
2010,CPV,Cabo Verde,82200922.7666236,7.97507176113e-6
2011,CPV,Cabo Verde,85699170.3172239,7.96625562129e-6
2012,CPV,Cabo Verde,83692900.0695389,7.59994242285e-6
2013,CPV,Cabo Verde,87375295.5628424,7.67832430345e-6
2014,CPV,Cabo Verde,89068425.5798697,7.50431517255e-6
2015,CPV,Cabo Verde,86476742.2115821,7.02419378443e-6
2016,CPV,Cabo Verde,93017995.553257,7.35631301915e-6
2017,CPV,Cabo Verde,94516920.9185682,7.22041573322e-6
2018,CPV,Cabo Verde,100791552.757133,7.39826249439e-6
2019,CPV,Cabo Verde,103516940.288729,7.48339030663e-6
2020,CPV,Cabo Verde,83158526.8503466,6.14106855543e-6
2021,CPV,Cabo Verde,95032926.313027,6.426194655e-6
2022,CPV,Cabo Verde,98239394.3935009,6.50240630357e-6
2023,CPV,Cabo Verde,109370971.752028,7.12701803123e-6
1970,CRI,Costa Rica,1449763771.45116,5.1590846249071e-4
1971,CRI,Costa Rica,1567312168.68711,5.4069858170242e-4
1972,CRI,Costa Rica,1732439645.89538,5.6199724959485e-4
1973,CRI,Costa Rica,1910161827.00163,5.6843273371409e-4
1974,CRI,Costa Rica,2152255391.5555,6.3218031874305e-4
1975,CRI,Costa Rica,2220825086.34151,6.7202399017437e-4
1976,CRI,Costa Rica,2349569687.70657,6.6431649851895e-4
1977,CRI,Costa Rica,2649036599.09367,7.2077728581365e-4
1978,CRI,Costa Rica,2865941073.78094,7.5380837854145e-4
1979,CRI,Costa Rica,2941514314.64084,7.4332704853487e-4
1980,CRI,Costa Rica,2966691148.32852,7.4869771352393e-4
1981,CRI,Costa Rica,2951302756.7609,7.3558320436144e-4
1982,CRI,Costa Rica,2615473994.4083,6.6352311171103e-4
1983,CRI,Costa Rica,2661593018.08884,6.6273238249957e-4
1984,CRI,Costa Rica,2938722682.64167,6.9407299486171e-4
1985,CRI,Costa Rica,2997590711.21896,6.7960481727746e-4
1986,CRI,Costa Rica,3216919545.93253,7.1437965005291e-4
1987,CRI,Costa Rica,3393716620.91499,7.2049350855509e-4
1988,CRI,Costa Rica,3468125778.89894,6.9726034456354e-4
1989,CRI,Costa Rica,3585047206.88499,7.0059404944821e-4
1990,CRI,Costa Rica,3680799635.92721,7.1180564934057e-4
1991,CRI,Costa Rica,3758607110.3647,7.2840885298887e-4
1992,CRI,Costa Rica,4131649935.54563,8.0496495018701e-4
1993,CRI,Costa Rica,4343029542.81383,8.5184607056338e-4
1994,CRI,Costa Rica,4423289167.7138,8.3613897479355e-4
1995,CRI,Costa Rica,4578063727.07831,8.2385914576475e-4
1996,CRI,Costa Rica,4553784776.13119,7.9952813176665e-4
1997,CRI,Costa Rica,4896113952.81376,8.2061957596546e-4
1998,CRI,Costa Rica,5185160130.4493,8.5707762535911e-4
1999,CRI,Costa Rica,5296321673.99064,8.4654172016029e-4
2000,CRI,Costa Rica,5465373705.21595,8.2084289291474e-4
2001,CRI,Costa Rica,5434443764.57302,8.2244535937795e-4
2002,CRI,Costa Rica,5622886277.47496,8.3976170802205e-4
2003,CRI,Costa Rica,5699964505.42571,8.2201039657151e-4
2004,CRI,Costa Rica,5929138403.53746,7.0790346434236e-4
2005,CRI,Costa Rica,6142115919.45729,7.0253619871957e-4
2006,CRI,Costa Rica,6390884611.17964,6.8482773123276e-4
2007,CRI,Costa Rica,6571962692.27715,6.6396819201954e-4
2008,CRI,Costa Rica,6421666669.96972,6.4020782113619e-4
2009,CRI,Costa Rica,5908737100.28967,6.2670505537939e-4
2010,CRI,Costa Rica,6312553607.90662,6.1243920779343e-4
2011,CRI,Costa Rica,6549894299.19328,6.0885224543822e-4
2012,CRI,Costa Rica,6818477767.98895,6.1916887101721e-4
2013,CRI,Costa Rica,6814050190.05963,5.9880183342768e-4
2014,CRI,Costa Rica,6830655534.48232,5.7550576011847e-4
2015,CRI,Costa Rica,6551259868.22401,5.3213520386766e-4
2016,CRI,Costa Rica,6829694005.76392,5.4012523740864e-4
2017,CRI,Costa Rica,7099894084.23207,5.4238105147546e-4
2018,CRI,Costa Rica,7398416601.32107,5.4305570816376e-4
2019,CRI,Costa Rica,7621018704.61453,5.5093453633543e-4
2020,CRI,Costa Rica,7784317417.57474,5.7485418187659e-4
2021,CRI,Costa Rica,9188901474.47561,6.2136010992798e-4
2022,CRI,Costa Rica,9501134250.74424,6.2887434948685e-4
2023,CRI,Costa Rica,10299205401.7793,6.7113441007295e-4
1970,CSK,Checoslovaquia,13533758107.1574,0.00481608140186589
1971,CSK,Checoslovaquia,14263079755.381,0.00492054304721129
1972,CSK,Checoslovaquia,14843592077.3258,0.00481520839200927
1973,CSK,Checoslovaquia,15790126505.4014,0.0046988818686874
1974,CSK,Checoslovaquia,17192671592.1718,0.00504999018695852
1975,CSK,Checoslovaquia,18791428333.4256,0.00568630583622766
1976,CSK,Checoslovaquia,20235000131.2177,0.00572123674604531
1977,CSK,Checoslovaquia,18859898348.6719,0.00513159627433159
1978,CSK,Checoslovaquia,19637136813.1716,0.00516501835845669
1979,CSK,Checoslovaquia,21462209558.3579,0.00542354691481388
1980,CSK,Checoslovaquia,22111548021.3825,0.00558024567384137
1981,CSK,Checoslovaquia,20659626225.8266,0.00514920877747631
1982,CSK,Checoslovaquia,20908961011.3674,0.00530442241160413
1983,CSK,Checoslovaquia,21592015807.814,0.00537637722297462
1984,CSK,Checoslovaquia,21502705909.7983,0.00507854911815922
1985,CSK,Checoslovaquia,22460601286.2916,0.00509220047152636
1986,CSK,Checoslovaquia,23029061313.2973,0.00511405166561957
1987,CSK,Checoslovaquia,23460884621.6118,0.00498079744509542
1988,CSK,Checoslovaquia,24005030502.9826,0.00482616747685603
1989,CSK,Checoslovaquia,23311495729.6404,0.004555559313294
1990,CSK,Checoslovaquia,23609246519.0929,0.00456563701129887
1970,CUB,Cuba,4418442139.08815,0.00157233318659871
1971,CUB,Cuba,4798203195.44844,0.00165530627167415
1972,CUB,Cuba,5029623501.32304,0.00163159194661599
1973,CUB,Cuba,5201451165.20116,0.00154786629243699
1974,CUB,Cuba,5250606023.09002,0.00154225646375186
1975,CUB,Cuba,5753572107.64649,0.00174103692781414
1976,CUB,Cuba,6066914335.31181,0.00171535720312378
1977,CUB,Cuba,6590591179.73143,0.00179323623692458
1978,CUB,Cuba,7019112767.22645,0.00184618799816504
1979,CUB,Cuba,7085080298.26752,0.00179041516151413
1980,CUB,Cuba,6792745864.78785,0.0017142712345979
1981,CUB,Cuba,8100505504.96822,0.00201897137887395
1982,CUB,Cuba,8777504718.13534,0.00222677696512636
1983,CUB,Cuba,9236637062.5681,0.00229990777897184
1984,CUB,Cuba,9925082662.92278,0.00234412450306896
1985,CUB,Cuba,10621573161.33,0.00240809135833275
1986,CUB,Cuba,10021241270.2656,0.0022254118356177
1987,CUB,Cuba,9654909160.6165,0.00204975846629108
1988,CUB,Cuba,10172919229.2879,0.00204524680453842
1989,CUB,Cuba,10057257068.4648,0.00196540074630138
1990,CUB,Cuba,9549743032.32893,0.00184676203882807
1991,CUB,Cuba,8643173960.5188,0.00167502594602231
1992,CUB,Cuba,7216536774.47746,0.00140599016272246
1993,CUB,Cuba,6387350216.79945,0.00125282113093054
1994,CUB,Cuba,6875107014.47829,0.00129960866511764
1995,CUB,Cuba,7316763592.69967,0.0013167100684051
1996,CUB,Cuba,7893427960.72832,0.00138588405489764
1997,CUB,Cuba,8380981792.02076,0.00140470540322899
1998,CUB,Cuba,7699813874.50449,0.00127273565815519
1999,CUB,Cuba,8253589858.30778,0.00131921899503603
2000,CUB,Cuba,8678349931.90601,0.00130339886127709
2001,CUB,Cuba,8626202242.32662,0.00130548411403327
2002,CUB,Cuba,8639194054.26335,0.00129023849975498
2003,CUB,Cuba,8467954755.2639,0.00122119126178738
2004,CUB,Cuba,8677989048.2411,0.00103609969824787
2005,CUB,Cuba,9502531552.8242,0.00108690107495135
2006,CUB,Cuba,9945412479.40251,0.00106572011213109
2007,CUB,Cuba,10904821702.5638,0.00110171878465701
2008,CUB,Cuba,11474115683.9582,0.00114391153870435
2009,CUB,Cuba,11579782421.0437,0.00122819953913768
2010,CUB,Cuba,11705261671.3326,0.00113563569203226
2011,CUB,Cuba,12167192762.4165,0.00113101407376747
2012,CUB,Cuba,12434246674.4494,0.00112912276571654
2013,CUB,Cuba,12690474076.535,0.00111520739239363
2014,CUB,Cuba,12232151822.1002,0.00103060003490513
2015,CUB,Cuba,13000834028.357,0.00105601084452247
2016,CUB,Cuba,12324177156.6521,9.7465554195913e-4
2017,CUB,Cuba,12192454618.9602,9.3141619830428e-4
2018,CUB,Cuba,12079498031.8436,8.8665463320548e-4
2019,CUB,Cuba,11342573588.0988,8.1997115645785e-4
2020,CUB,Cuba,9690628611.97655,7.1563093894792e-4
2021,CUB,Cuba,8162105849.25328,5.5192745311542e-4
2022,CUB,Cuba,7609592958.27716,5.0367437141743e-4
2023,CUB,Cuba,7086689332.37147,4.6179495202899e-4
2005,CUW,Curazao,169852450.925857,1.942775043346e-5
2006,CUW,Curazao,219201115.159764,2.348892391453e-5
2007,CUW,Curazao,215718709.473819,2.17941531656e-5
2008,CUW,Curazao,194500296.841974,1.939069989942e-5
2009,CUW,Curazao,218734598.643655,2.319989473717e-5
2010,CUW,Curazao,175268610.326379,1.700442887722e-5
2011,CUW,Curazao,232234669.220945,2.158761551941e-5
2012,CUW,Curazao,232165487.264361,2.108236581975e-5
2013,CUW,Curazao,247377291.410502,2.173890293045e-5
2014,CUW,Curazao,246791484.508075,2.079301469172e-5
2015,CUW,Curazao,262980283.240223,2.136093964368e-5
2016,CUW,Curazao,280472651.760916,2.21811339558e-5
2017,CUW,Curazao,262380655.041883,2.004400261188e-5
2018,CUW,Curazao,181352796.721221,1.331158770287e-5
2019,CUW,Curazao,143970929.016067,1.0407868042e-5
2020,CUW,Curazao,63831902.5862375,4.71384119768e-6
2021,CUW,Curazao,63229490.0476734,4.27562347858e-6
2022,CUW,Curazao,64494515.3163911,4.26885309634e-6
2023,CUW,Curazao,72723230.8809413,4.73891535821e-6
1970,CYM,Islas Caimán,4950629.40251761,1.7617157041e-6
1971,CYM,Islas Caimán,5105542.82217129,1.7613337138e-6
1972,CYM,Islas Caimán,5514457.65783063,1.78887041984e-6
1973,CYM,Islas Caimán,6314598.05839223,1.87912049434e-6
1974,CYM,Islas Caimán,6946232.58493034,2.04031154798e-6
1975,CYM,Islas Caimán,7631209.7248389,2.30921203145e-6
1976,CYM,Islas Caimán,8360045.84018336,2.36371638988e-6
1977,CYM,Islas Caimán,9156543.02617211,2.49140696361e-6
1978,CYM,Islas Caimán,10195375.1815007,2.68161802226e-6
1979,CYM,Islas Caimán,11188242.3529694,2.827293114e-6
1980,CYM,Islas Caimán,12212735.6509426,3.08210285485e-6
1981,CYM,Islas Caimán,13189183.1567326,3.28727426798e-6
1982,CYM,Islas Caimán,14430121.3204853,3.66079686565e-6
1983,CYM,Islas Caimán,17914845.259381,4.46076766814e-6
1984,CYM,Islas Caimán,17914845.259381,4.23116150942e-6
1985,CYM,Islas Caimán,17914845.259381,4.06160023564e-6
1986,CYM,Islas Caimán,17914845.259381,3.97834036705e-6
1987,CYM,Islas Caimán,20900652.8026112,4.43725459457e-6
1988,CYM,Islas Caimán,20900652.8026112,4.20203801817e-6
1989,CYM,Islas Caimán,23886460.3458414,4.66791956003e-6
1990,CYM,Islas Caimán,20900652.8026112,4.04183987484e-6
1991,CYM,Islas Caimán,17914845.259381,3.47185313699e-6
1992,CYM,Islas Caimán,18465354.6614186,3.59758535381e-6
1993,CYM,Islas Caimán,19349970.5998824,3.79532219583e-6
1994,CYM,Islas Caimán,20376238.7049548,3.85174170055e-6
1995,CYM,Islas Caimán,21353222.6128905,3.84268301839e-6
1996,CYM,Islas Caimán,22424438.0977524,3.93715776647e-6
1997,CYM,Islas Caimán,23653033.012132,3.96439750132e-6
1998,CYM,Islas Caimán,30804521.6180865,5.09181309246e-6
1999,CYM,Islas Caimán,31885393.5415742,5.09642683321e-6
2000,CYM,Islas Caimán,32152493.009972,4.82897360733e-6
2001,CYM,Islas Caimán,32305871.6234865,4.88915063775e-6
2002,CYM,Islas Caimán,33053545.4141817,4.93645085165e-6
2003,CYM,Islas Caimán,33405982.0239281,4.81758518061e-6
2004,CYM,Islas Caimán,33741082.1643287,4.02848227333e-6
2005,CYM,Islas Caimán,36852455.8098232,4.2151897746e-6
2006,CYM,Islas Caimán,36506176.4247057,3.91189068461e-6
2007,CYM,Islas Caimán,38016617.6664707,3.84083508696e-6
2008,CYM,Islas Caimán,42592499.9699999,4.24625770908e-6
2009,CYM,Islas Caimán,39442925.3717015,4.18347953375e-6
2010,CYM,Islas Caimán,35408730.0349201,3.4353283819e-6
2011,CYM,Islas Caimán,34732127.7285109,3.22856110196e-6
2012,CYM,Islas Caimán,36073220.6928828,3.27571872936e-6
2013,CYM,Islas Caimán,37097809.99124,3.260063548e-6
2014,CYM,Islas Caimán,38315760.8630434,3.2282320443e-6
2015,CYM,Islas Caimán,39129396.5175861,3.17833971051e-6
2016,CYM,Islas Caimán,42289249.1569966,3.34443837768e-6
2017,CYM,Islas Caimán,43340093.3603734,3.31087268753e-6
2018,CYM,Islas Caimán,46605426.4217057,3.42091344858e-6
2019,CYM,Islas Caimán,48936795.747183,3.53771220353e-6
2020,CYM,Islas Caimán,45638166.1526646,3.37027503616e-6
2021,CYM,Islas Caimán,50380679.9227197,3.40677772005e-6
2022,CYM,Islas Caimán,48202685.6107424,3.19050670761e-6
2023,CYM,Islas Caimán,49504291.2171649,3.22588316146e-6
1970,CYP,Chipre,431308647.123748,1.5348416437102e-4
1971,CYP,Chipre,482161632.073316,1.6633834396357e-4
1972,CYP,Chipre,572566938.015664,1.8573867501597e-4
1973,CYP,Chipre,606468927.601245,1.8047517522123e-4
1974,CYP,Chipre,462204955.96943903,1.3576310578002e-4
1975,CYP,Chipre,404779491.83294,1.2248669691067e-4
1976,CYP,Chipre,523832283.279712,1.4810815361652e-4
1977,CYP,Chipre,605046591.579668,1.6462733667734e-4
1978,CYP,Chipre,657255788.630105,1.728733800031e-4
1979,CYP,Chipre,717006315.907743,1.8118905147998e-4
1980,CYP,Chipre,773856331.032277,1.9529652285048e-4
1981,CYP,Chipre,823165017.072002,2.051657897818e-4
1982,CYP,Chipre,872473704.254118,2.2133902626078e-4
1983,CYP,Chipre,889296668.34473,2.2143344070846e-4
1984,CYP,Chipre,946146683.469264,2.2346268535405e-4
1985,CYP,Chipre,967610464.491581,2.1937375588182e-4
1986,CYP,Chipre,970531238.105203,2.1552536715432e-4
1987,CYP,Chipre,1048557609.62391,2.2261108851109e-4
1988,CYP,Chipre,1120325182.17399,2.2523932877482e-4
1989,CYP,Chipre,1149532914.88304,2.2464304466207e-4
1990,CYP,Chipre,1195848034.10525,2.312571915408e-4
1991,CYP,Chipre,1210034647.0048,2.3450175115963e-4
1992,CYP,Chipre,1230897314.04154,2.3981441083825e-4
1993,CYP,Chipre,1155791714.99406,2.266981196194e-4
1994,CYP,Chipre,1197517047.92514,2.2636789926792e-4
1995,CYP,Chipre,1218817784.50858,2.1933599850279e-4
1996,CYP,Chipre,1192200056.1563,2.0931983623533e-4
1997,CYP,Chipre,1206365714.16352,2.0219450167151e-4
1998,CYP,Chipre,1216989957.66894,2.0116155273191e-4
1999,CYP,Chipre,1219046262.86354,1.9484721356471e-4
2000,CYP,Chipre,1188772880.83197,1.7854145446439e-4
2001,CYP,Chipre,1160670043.17248,1.7565508672647e-4
2002,CYP,Chipre,1185459944.68512,1.7704499412133e-4
2003,CYP,Chipre,1217789631.91128,1.7562139857453e-4
2004,CYP,Chipre,1219845937.10588,1.4564226807827e-4
2005,CYP,Chipre,1209335932.77794,1.3832403691656e-4
2006,CYP,Chipre,1176549288.84187,1.2607543856317e-4
2007,CYP,Chipre,1193456687.10855,1.205754377949e-4
2008,CYP,Chipre,1235725182.77527,1.2319557638942e-4
2009,CYP,Chipre,1150845473.90941,1.2206342306618e-4
2010,CYP,Chipre,1123428071.31478,1.0899414733637e-4
2011,CYP,Chipre,1021983681.71467,9.499955739588e-5
2012,CYP,Chipre,932648644.927178,8.469148513563e-5
2013,CYP,Chipre,778539994.509887,6.841616411769e-5
2014,CYP,Chipre,785508584.336021,6.618174677756e-5
2015,CYP,Chipre,848111653.59375,6.88890498569e-5
2016,CYP,Chipre,970918769.382177,7.678495264567e-5
2017,CYP,Chipre,1108234260.71026,8.466115923336e-5
2018,CYP,Chipre,1292159336.44921,9.484657884641e-5
2019,CYP,Chipre,1394060682.75923,1.0077867613871e-4
2020,CYP,Chipre,1375211218.47543,1.0155622869635e-4
2021,CYP,Chipre,1354990884.06189,9.162545566636e-5
2022,CYP,Chipre,1207051149.22839,7.989398804768e-5
2023,CYP,Chipre,1236067900.3077,8.054676732049e-5
1990,CZE,Chequia,18895706466.8087,0.00365411648058033
1991,CZE,Chequia,14160391996.8669,0.0027442492895486
1992,CZE,Chequia,13593131443.891,0.00264833530098485
1993,CZE,Chequia,13528929058.6975,0.00265357740350886
1994,CZE,Chequia,14016843274.6652,0.00264961853524444
1995,CZE,Chequia,15155070663.5611,0.00272727605276351
1996,CZE,Chequia,16434854149.42,0.00288554002438097
1997,CZE,Chequia,16930539603.819,0.00283766521050188
1998,CZE,Chequia,17236766250.5147,0.00284913991375249
1999,CZE,Chequia,18286760193.8375,0.00292287862851538
2000,CZE,Chequia,19926531355.3344,0.00299275996952579
2001,CZE,Chequia,20684525996.1663,0.0031303833756418
2002,CZE,Chequia,21600336555.9097,0.00322594742716146
2003,CZE,Chequia,21773694951.6835,0.00314005527666417
2004,CZE,Chequia,23760222757.233,0.0028368276904038
2005,CZE,Chequia,27276648368.613,0.003119907391847
2006,CZE,Chequia,33070206250.3661,0.00354370258511949
2007,CZE,Chequia,35481880576.8617,0.00358474951839833
2008,CZE,Chequia,38586510256.3954,0.00384688071276248
2009,CZE,Chequia,34062732881.8025,0.00361283410223429
2010,CZE,Chequia,38015782535.504,0.00368826265657843
2011,CZE,Chequia,42238793056.5554,0.00392635099474071
2012,CZE,Chequia,40600855110.2782,0.00368686185925324
2013,CZE,Chequia,40226241565.3875,0.0035349823569539
2014,CZE,Chequia,41629089585.9935,0.00350739116096316
2015,CZE,Chequia,44882727780.8832,0.00364566205252546
2016,CZE,Chequia,46908510303.6366,0.00370975189266967
2017,CZE,Chequia,50825413735.5066,0.00388269754682138
2018,CZE,Chequia,51822124879.9444,0.00380382752712307
2019,CZE,Chequia,54110973786.7216,0.00391176106624633
2020,CZE,Chequia,48305420301.031,0.00356724570412053
2021,CZE,Chequia,49076207595.8959,0.0033185683654721
2022,CZE,Chequia,53154394114.5928,0.00351825730896961
2023,CZE,Chequia,54576490895.0054,0.00355640649853859
1970,DEU,Alemania,361751561121.205,0.128731794363193
1971,DEU,Alemania,359845576793.682,0.124141186989709
1972,DEU,Alemania,370225284801.313,0.120099763522367
1973,DEU,Alemania,392651438873.051,0.116846608303199
1974,DEU,Alemania,396069276888.451,0.116337123693629
1975,DEU,Alemania,376387510320.064,0.113895253657177
1976,DEU,Alemania,401126513112.142,0.11341436776616
1977,DEU,Alemania,412109681433.895,0.112131065966804
1978,DEU,Alemania,415671481192.116,0.109331154122433
1979,DEU,Alemania,435551971497.331,0.110064928069605
1980,DEU,Alemania,432283774288.118,0.109094562669713
1981,DEU,Alemania,426306283415.345,0.106252651062557
1982,DEU,Alemania,416784614251.401,0.105734648768295
1983,DEU,Alemania,419746922815.914,0.104516308960115
1984,DEU,Alemania,434399700768.877,0.102597330146395
1985,DEU,Alemania,454130728129.568,0.102959162955597
1986,DEU,Alemania,453707537088.221,0.100754596732538
1987,DEU,Alemania,446724985446.382,0.0948406976999473
1988,DEU,Alemania,464181378912.906,0.0933228172317176
1989,DEU,Alemania,489096403169.881,0.0955797817694781
1990,DEU,Alemania,509938281879.807,0.0986136127362549
1991,DEU,Alemania,528981620206.635,0.102515342495993
1992,DEU,Alemania,512898180617.043,0.0999274054801756
1993,DEU,Alemania,474529627589.669,0.0930747061799324
1994,DEU,Alemania,488295969823.418,0.0923030975646114
1995,DEU,Alemania,486183312794.144,0.0874925716727163
1996,DEU,Alemania,473017409483.111,0.0830497584513513
1997,DEU,Alemania,491981761957.616,0.0824592460002651
1998,DEU,Alemania,497711995819.727,0.0822689762240672
1999,DEU,Alemania,503305799079.118,0.0804462763301266
2000,DEU,Alemania,538846915427.717,0.0809292620696281
2001,DEU,Alemania,546828317898.081,0.0827566595432541
2002,DEU,Alemania,531070158861.432,0.0793137832916102
2003,DEU,Alemania,537073264539.546,0.0774530800589846
2004,DEU,Alemania,558084139718.224,0.0666318896629827
2005,DEU,Alemania,567157008231.473,0.064871509080101
2006,DEU,Alemania,616341545611.187,0.0660452829342341
2007,DEU,Alemania,644174120694.862,0.0650811859851487
2008,DEU,Alemania,630871786781.108,0.0628947394482768
2009,DEU,Alemania,505898054804.734,0.0536576366610023
2010,DEU,Alemania,604608206070.963,0.05865863385108
2011,DEU,Alemania,659386536099.506,0.0612939621278104
2012,DEU,Alemania,647994283676.644,0.058842736267807
2013,DEU,Alemania,647448540044.64,0.0568961721758933
2014,DEU,Alemania,683194312907.88,0.0575614244304691
2015,DEU,Alemania,689879582210.156,0.0560364295582524
2016,DEU,Alemania,717507511389.75,0.0567439646058527
2017,DEU,Alemania,743975748614.537,0.0568344180939204
2018,DEU,Alemania,751820720482.181,0.055184853161789
2019,DEU,Alemania,741247062286.202,0.0535858291914932
2020,DEU,Alemania,682171051555.793,0.0503767845921393
2021,DEU,Alemania,741519934102.204,0.0501421099189482
2022,DEU,Alemania,746090476009.508,0.0493832789197841
2023,DEU,Alemania,752843971223.706,0.0490581044647305
1970,DJI,Djibouti,20111278.2413137,7.15673742199e-6
1971,DJI,Djibouti,19843269.3908109,6.84562260812e-6
1972,DJI,Djibouti,22886193.898009,7.42419977218e-6
1973,DJI,Djibouti,23986790.9432825,7.13807435379e-6
1974,DJI,Djibouti,23039226.8944848,6.76729437356e-6
1975,DJI,Djibouti,26003869.8399857,7.86879816754e-6
1976,DJI,Djibouti,27838625.8229121,7.87108317196e-6
1977,DJI,Djibouti,24223853.3984499,6.59107666177e-6
1978,DJI,Djibouti,23951690.6870987,6.29984520105e-6
1979,DJI,Djibouti,22760594.3288826,5.75165156299e-6
1980,DJI,Djibouti,23687002.5144769,5.9778398681e-6
1981,DJI,Djibouti,23641392.1106219,5.89238461708e-6
1982,DJI,Djibouti,24416768.9585936,6.19432292271e-6
1983,DJI,Djibouti,24614414.0380623,6.12894952324e-6
1984,DJI,Djibouti,24203920.4150761,5.71652698946e-6
1985,DJI,Djibouti,23960664.9317525,5.43229042305e-6
1986,DJI,Djibouti,24574234.1582744,5.45718739547e-6
1987,DJI,Djibouti,25659779.7169432,5.44762771383e-6
1988,DJI,Djibouti,24171943.7461481,4.8597250791e-6
1989,DJI,Djibouti,24161162.3281061,4.72160213743e-6
1990,DJI,Djibouti,22640982.0973309,4.37839071874e-6
1991,DJI,Djibouti,21581263.0270038,4.18239592113e-6
1992,DJI,Djibouti,21349311.1470871,4.15946351993e-6
1993,DJI,Djibouti,20672932.3886042,4.05480921754e-6
1994,DJI,Djibouti,18482669.2464488,3.49379828657e-6
1995,DJI,Djibouti,18801381.7473502,3.38345886579e-6
1996,DJI,Djibouti,18110837.9944214,3.1797999199e-6
1997,DJI,Djibouti,19236955.5007288,3.22423506029e-6
1998,DJI,Djibouti,18866009.558293,3.1184446122e-6
1999,DJI,Djibouti,18121540.9415211,2.89647068e-6
2000,DJI,Djibouti,18404690.1175236,2.76419507505e-6
2001,DJI,Djibouti,18975235.1326283,2.87170035315e-6
2002,DJI,Djibouti,19563467.4243449,2.92174694781e-6
2003,DJI,Djibouti,20169934.9135102,2.90877183205e-6
2004,DJI,Djibouti,20976732.3077089,2.50449567214e-6
2005,DJI,Djibouti,21815801.596973,2.49529486693e-6
2006,DJI,Djibouti,22688433.6645987,2.43122345294e-6
2007,DJI,Djibouti,23822855.3507558,2.40683323028e-6
2008,DJI,Djibouti,25490455.2185177,2.54126999016e-6
2009,DJI,Djibouti,28330891.9048971,3.00489138014e-6
2010,DJI,Djibouti,31272673.3974971,3.03405127477e-6
2011,DJI,Djibouti,33104566.6253343,3.07726946472e-6
2012,DJI,Djibouti,37766743.4276417,3.42950328295e-6
2013,DJI,Djibouti,42437769.3332376,3.72932593311e-6
2014,DJI,Djibouti,63577621.045518,5.35662894163e-6
2015,DJI,Djibouti,66317430.1292475,5.38672559349e-6
2016,DJI,Djibouti,71363830.6210741,5.64379691448e-6
2017,DJI,Djibouti,81919120.7449294,6.25803403803e-6
2018,DJI,Djibouti,92691019.706601,6.80367030672e-6
2019,DJI,Djibouti,105529484.066898,7.62888002609e-6
2020,DJI,Djibouti,125252596.894002,9.24962013404e-6
2021,DJI,Djibouti,154231346.818064,1.042923431918e-5
2022,DJI,Djibouti,175324364.187033,1.160461399318e-5
2023,DJI,Djibouti,199420633.820859,1.29949878864e-5
1970,DMA,Dominica,5462573.61077482,1.94389459046e-6
1971,DMA,Dominica,5876838.33736885,2.02741879849e-6
1972,DMA,Dominica,6271859.51372074,2.03456888377e-6
1973,DMA,Dominica,6882390.69814366,2.0480862426e-6
1974,DMA,Dominica,7354539.47033898,2.160243215e-6
1975,DMA,Dominica,7281289.17473769,2.2033257076e-6
1976,DMA,Dominica,8352429.26755448,2.36156288284e-6
1977,DMA,Dominica,8394289.74979822,2.28400520561e-6
1978,DMA,Dominica,11586208.6359968,3.0474391903e-6
1979,DMA,Dominica,9608393.86602098,2.42806197407e-6
1980,DMA,Dominica,12284644.8748991,3.10025043708e-6
1981,DMA,Dominica,14464810.330912,3.60521180326e-6
1982,DMA,Dominica,16671085.5528652,4.22931009265e-6
1983,DMA,Dominica,16997457.6271186,4.23233962258e-6
1984,DMA,Dominica,15913902.3405973,3.75857508526e-6
1985,DMA,Dominica,17989628.7328491,4.07855492149e-6
1986,DMA,Dominica,18759866.8280872,4.16599386721e-6
1987,DMA,Dominica,19876059.3220339,4.2197311434e-6
1988,DMA,Dominica,21893038.7409201,4.40155539597e-6
1989,DMA,Dominica,23211581.920904,4.53603404184e-6
1990,DMA,Dominica,23910018.1598063,4.62380126205e-6
1991,DMA,Dominica,24869552.0581114,4.81965828219e-6
1992,DMA,Dominica,26775564.9717514,5.21665476503e-6
1993,DMA,Dominica,27173738.9023406,5.32988377773e-6
1994,DMA,Dominica,24556234.8668281,4.64189074415e-6
1995,DMA,Dominica,25117594.834544,4.52011187648e-6
1996,DMA,Dominica,26631961.2590799,4.67589121522e-6
1997,DMA,Dominica,27297760.2905569,4.57527677875e-6
1998,DMA,Dominica,31893079.0960452,5.27174548313e-6
1999,DMA,Dominica,26377391.0411622,4.21605094248e-6
2000,DMA,Dominica,28329096.0451977,4.25473872522e-6
2001,DMA,Dominica,26677653.3494754,4.03737956392e-6
2002,DMA,Dominica,23668502.8248588,3.53482204293e-6
2003,DMA,Dominica,25913942.6957224,3.73713385263e-6
2004,DMA,Dominica,27735098.8700565,3.31140399122e-6
2005,DMA,Dominica,27023607.748184,3.09096456531e-6
2006,DMA,Dominica,28472699.7578692,3.05104779127e-6
2007,DMA,Dominica,27323870.0564972,2.76054223827e-6
2008,DMA,Dominica,23988347.4576271,2.3915174125e-6
2009,DMA,Dominica,23355185.6335755,2.47714742718e-6
2010,DMA,Dominica,23015758.6763519,2.23297161276e-6
2011,DMA,Dominica,21664578.2889427,2.01385343566e-6
2012,DMA,Dominica,22878682.4051655,2.07755578843e-6
2013,DMA,Dominica,23629338.1759483,2.07648764358e-6
2014,DMA,Dominica,22023587.5706215,1.85556151109e-6
2015,DMA,Dominica,21566666.6666667,1.75178252645e-6
2016,DMA,Dominica,18857778.4503632,1.49136433548e-6
2017,DMA,Dominica,16866908.7974173,1.28851101441e-6
2018,DMA,Dominica,16201109.7659403,1.1891875804e-6
2019,DMA,Dominica,14621468.9265537,1.05700727367e-6
2020,DMA,Dominica,15293795.3995157,1.12941209492e-6
2021,DMA,Dominica,14007889.4269572,9.4722353247e-7
2022,DMA,Dominica,16814689.2655367,1.11295414785e-6
2023,DMA,Dominica,16886491.1218725,1.1003863711e-6
1970,DNK,Dinamarca,19642143668.4717,0.00698979264041047
1971,DNK,Dinamarca,20145634947.199,0.00694993407252731
1972,DNK,Dinamarca,21586536141.9818,0.00700259542594548
1973,DNK,Dinamarca,21769792823.9158,0.00647833218754688
1974,DNK,Dinamarca,21973180598.3543,0.00645416541594856
1975,DNK,Dinamarca,21373242389.2405,0.00646756546551942
1976,DNK,Dinamarca,22048510451.3702,0.00623398800948523
1977,DNK,Dinamarca,22517047065.2113,0.00612667113536824
1978,DNK,Dinamarca,22315898029.1038,0.00586959413189283
1979,DNK,Dinamarca,23814820306.2387,0.00601805675448032
1980,DNK,Dinamarca,24140326592.8971,0.00609224432883959
1981,DNK,Dinamarca,23847154430.2095,0.00594366885284513
1982,DNK,Dinamarca,24182114102.4413,0.00613479301698546
1983,DNK,Dinamarca,26085334563.5069,0.00649520636929867
1984,DNK,Dinamarca,27250431406.4072,0.00643605762777071
1985,DNK,Dinamarca,28237616223.31,0.00640194805180394
1986,DNK,Dinamarca,28452769667.9714,0.00631849175840964
1987,DNK,Dinamarca,27186575939.5755,0.00577176991254592
1988,DNK,Dinamarca,27093392173.7557,0.00544707694207841
1989,DNK,Dinamarca,28001409818.5815,0.00547206771988495
1990,DNK,Dinamarca,27551485210.366,0.00532800064123069
1991,DNK,Dinamarca,27225604809.397,0.00527625553531638
1992,DNK,Dinamarca,27124522430.0787,0.00528464177444681
1993,DNK,Dinamarca,26482293347.071,0.00519426296893053
1994,DNK,Dinamarca,29363525208.6865,0.0055506178622741
1995,DNK,Dinamarca,31103698558.7414,0.00559735906976613
1996,DNK,Dinamarca,29982401087.1045,0.00526414275279326
1997,DNK,Dinamarca,32646767775.146,0.0054718041668305
1998,DNK,Dinamarca,33305363742.7303,0.00550518814273672
1999,DNK,Dinamarca,33749250879.985,0.00539433792973098
2000,DNK,Dinamarca,34987020189.2956,0.0052546904229513
2001,DNK,Dinamarca,35557568593.2298,0.00538126044672814
2002,DNK,Dinamarca,34683989483.5047,0.00517995293028873
2003,DNK,Dinamarca,33707793676.0963,0.00486111041934798
2004,DNK,Dinamarca,34327358017.6854,0.00409848008404427
2005,DNK,Dinamarca,33748545879.772,0.00386016406163549
2006,DNK,Dinamarca,35556930901.679,0.00381017242533225
2007,DNK,Dinamarca,35980804736.5883,0.00363515603891583
2008,DNK,Dinamarca,36039051099.8727,0.0035929118663791
2009,DNK,Dinamarca,31749941500.9869,0.00336752989834206
2010,DNK,Dinamarca,32571527570.3053,0.0031600651306619
2011,DNK,Dinamarca,34605527311.6407,0.00321679282837605
2012,DNK,Dinamarca,35442570002.915,0.00321845092135955
2013,DNK,Dinamarca,37389706755.0324,0.00328571471177278
2014,DNK,Dinamarca,37596516826.8016,0.00316763330912944
2015,DNK,Dinamarca,37673196189.4847,0.00306005781145614
2016,DNK,Dinamarca,39506974999.9314,0.00312440267940648
2017,DNK,Dinamarca,43222500487.1753,0.00330188943433632
2018,DNK,Dinamarca,44014815411.8438,0.00323075842321562
2019,DNK,Dinamarca,46595966979.054,0.00336849028426635
2020,DNK,Dinamarca,43325190441.0537,0.00319946702705233
2021,DNK,Dinamarca,50166929271.368,0.00339232374766384
2022,DNK,Dinamarca,54674375550.4452,0.00361886396407807
2023,DNK,Dinamarca,60855114449.4856,0.00396554488843596
1970,DOM,República Dominicana,1479310396.63062,5.2642283336154e-4
1971,DOM,República Dominicana,1670535705.72323,5.7630911366204e-4
1972,DOM,República Dominicana,1807508890.57022,5.8634944514543e-4
1973,DOM,República Dominicana,2048151976.17262,6.0949633189206e-4
1974,DOM,República Dominicana,2145376079.94693,6.3015966384192e-4
1975,DOM,República Dominicana,2301686655.63362,6.9649278548007e-4
1976,DOM,República Dominicana,2456922931.82347,6.9466951660968e-4
1977,DOM,República Dominicana,2596044715.66416,7.0635870589612e-4
1978,DOM,República Dominicana,2591747517.71129,6.8168917071884e-4
1979,DOM,República Dominicana,2711531910.74681,6.8520999615453e-4
1980,DOM,República Dominicana,2929614707.05348,7.3934080866922e-4
1981,DOM,República Dominicana,3015558666.21445,7.5159835823433e-4
1982,DOM,República Dominicana,3113319919.70267,7.8982231338927e-4
1983,DOM,República Dominicana,3147160353.61173,7.836378684052e-4
1984,DOM,República Dominicana,3105799823.29378,7.335335850257e-4
1985,DOM,República Dominicana,2944117750.15736,6.6748158717952e-4
1986,DOM,República Dominicana,3213229772.2191,7.1356026392387e-4
1987,DOM,República Dominicana,3622537877.58386,7.6907276500605e-4
1988,DOM,República Dominicana,3598903288.82581,7.2355292373918e-4
1989,DOM,República Dominicana,3765956859.41194,7.3594762186553e-4
1990,DOM,República Dominicana,3609109133.97682,6.9794189435802e-4
1991,DOM,República Dominicana,3676252852.04652,7.1244879941613e-4
1992,DOM,República Dominicana,4100298442.85364,7.9885677230486e-4
1993,DOM,República Dominicana,4274310805.10076,8.3836751000608e-4
1994,DOM,República Dominicana,4429654351.29567,8.373421920992e-4
1995,DOM,República Dominicana,4683362543.63976,8.4280850912753e-4
1996,DOM,República Dominicana,5117449266.2577,8.9849319904349e-4
1997,DOM,República Dominicana,5708756593.52147,9.5682360750067e-4
1998,DOM,República Dominicana,6064968006.57677,0.00100250488821555
1999,DOM,República Dominicana,6585998718.61002,0.00105267826000923
2000,DOM,República Dominicana,6831452376.89315,0.00102601385272277
2001,DOM,República Dominicana,6701788346.88817,0.00101424450490463
2002,DOM,República Dominicana,7031257331.16337,0.0010500978278031
2003,DOM,República Dominicana,7095416545.09657,0.00102325306807139
2004,DOM,República Dominicana,7266511551.46924,8.6757777452115e-4
2005,DOM,República Dominicana,7727182396.76987,8.8383635526032e-4
2006,DOM,República Dominicana,7978052386.28822,8.5490379622882e-4
2007,DOM,República Dominicana,8170179493.10857,8.2543671662792e-4
2008,DOM,República Dominicana,8580651128.91748,8.5544769691385e-4
2009,DOM,República Dominicana,8136351726.67107,8.6297506098208e-4
2010,DOM,República Dominicana,8863915091.48269,8.5997038183983e-4
2011,DOM,República Dominicana,9177243788.78361,8.5308025328333e-4
2012,DOM,República Dominicana,9248452351.35077,8.3982877056902e-4
2013,DOM,República Dominicana,9525284650.85312,8.3705839460533e-4
2014,DOM,República Dominicana,10026162654.8029,8.4473800949195e-4
2015,DOM,República Dominicana,10462971569.9667,8.4986943296987e-4
2016,DOM,República Dominicana,10796757121.9037,8.5385977743513e-4
2017,DOM,República Dominicana,11084593030.7972,8.4678350858407e-4
2018,DOM,República Dominicana,11772581413.5077,8.6412645852985e-4
2019,DOM,República Dominicana,12072493165.1538,8.7273810525217e-4
2020,DOM,República Dominicana,11797089574.9254,8.7118830236903e-4
2021,DOM,República Dominicana,13311465820.5588,9.0013086858536e-4
2022,DOM,República Dominicana,13713490290.6637,9.0768765687737e-4
2023,DOM,República Dominicana,13566552083.15,8.8404683408643e-4
1970,DZA,Argelia,1414256534.82894,5.0327296682322e-4
1971,DZA,Argelia,1392481708.22645,4.8038476298904e-4
1972,DZA,Argelia,1601372417.71131,5.1947950767755e-4
1973,DZA,Argelia,1839419250.9432,5.4738090693668e-4
1974,DZA,Argelia,1920244454.77288,5.6403192494992e-4
1975,DZA,Argelia,2043512117.26255,6.1836890057594e-4
1976,DZA,Argelia,2278237366.78872,6.441480234525e-4
1977,DZA,Argelia,2363860413.78391,6.4318359877415e-4
1978,DZA,Argelia,2641766251.65172,6.9484524746908e-4
1979,DZA,Argelia,2997388830.1284,7.5744665981093e-4
1980,DZA,Argelia,3175199821.70296,8.0131861647613e-4
1981,DZA,Argelia,3527647200.35408,8.7923139215342e-4
1982,DZA,Argelia,3802803408.51202,9.6473830603391e-4
1983,DZA,Argelia,4205900780.93506,0.00104726253268706
1984,DZA,Argelia,4613872799.49197,0.00108971306845998
1985,DZA,Argelia,4710764260.17762,0.00106801040992463
1986,DZA,Argelia,4988699601.69202,0.00110783792531646
1987,DZA,Argelia,4978721853.76184,0.00105699360825526
1988,DZA,Argelia,4909019867.28362,9.8694946560391e-4
1989,DZA,Argelia,4668478119.81665,9.1231936484446e-4
1990,DZA,Argelia,4831874597.20782,9.3440447060122e-4
1991,DZA,Argelia,4798051455.84739,9.2985062149693e-4
1992,DZA,Argelia,4529360668.9408,8.8245050818214e-4
1993,DZA,Argelia,4470478949.81064,8.7684412214824e-4
1994,DZA,Argelia,4273777920.53484,8.0787670746343e-4
1995,DZA,Argelia,4213945149.67635,7.583330985057e-4
1996,DZA,Argelia,3847331815.46219,6.7549306125008e-4
1997,DZA,Argelia,3701133212.54527,6.2033326771839e-4
1998,DZA,Argelia,4012028457.79764,6.6316559893482e-4
1999,DZA,Argelia,4076220936.78866,6.5152596386436e-4
2000,DZA,Argelia,4138574830.64223,6.2157135445037e-4
2001,DZA,Argelia,4312678056.90114,6.5267803073276e-4
2002,DZA,Argelia,4541920332.26691,6.7832258873948e-4
2003,DZA,Argelia,4617040245.017,6.6583837130571e-4
2004,DZA,Argelia,4727990287.11959,5.6449360359544e-4
2005,DZA,Argelia,4815387517.99451,5.5078479250721e-4
2006,DZA,Argelia,4954491096.68502,5.3090817681488e-4
2007,DZA,Argelia,5088039853.34776,5.1404683509853e-4
2008,DZA,Argelia,5391875566.55322,5.3754283517129e-4
2009,DZA,Argelia,5894276234.41162,6.2517127623215e-4
2010,DZA,Argelia,6051565595.90386,5.8711834697502e-4
2011,DZA,Argelia,6287663709.6158705,5.8447632790525e-4
2012,DZA,Argelia,6550132124.9546,5.9480107596184e-4
2013,DZA,Argelia,6801387064.54513,5.976890293591e-4
2014,DZA,Argelia,7015542033.75858,5.910830710756e-4
2015,DZA,Argelia,7335318165.10046,5.9582143064614e-4
2016,DZA,Argelia,7599988400.25618,6.0104384406196e-4
2017,DZA,Argelia,7933962770.74439,6.0609792468882e-4
2018,DZA,Argelia,8215623801.34693,6.0304003435693e-4
2019,DZA,Argelia,11227320929.0529,8.1163937395817e-4
2020,DZA,Argelia,13658892233.3152,0.00100867820502742
2021,DZA,Argelia,18665201415.2739,0.00126215431033169
2022,DZA,Argelia,21056423918.6361,0.00139371200794415
2023,DZA,Argelia,21552065910.7388,0.00140441252277174
1970,ECU,Ecuador,2806199826.68824,9.9860561185034e-4
1971,ECU,Ecuador,2880967124.26274,9.9388932794736e-4
1972,ECU,Ecuador,2917516498.7165,9.4643195900706e-4
1973,ECU,Ecuador,2976050476.27551,8.8562365972722e-4
1974,ECU,Ecuador,3349310197.26319,9.8379030499021e-4
1975,ECU,Ecuador,4256334097.85308,0.00128797114259301
1976,ECU,Ecuador,4615821605.53653,0.00130507576039221
1977,ECU,Ecuador,4401751973.6418,0.00119767421917534
1978,ECU,Ecuador,5109622760.8962,0.00134394823521905
1979,ECU,Ecuador,5170318537.88498,0.0013065507108438
1980,ECU,Ecuador,5115401827.33715,0.00129096338661383
1981,ECU,Ecuador,5844849670.4728,0.00145677133251349
1982,ECU,Ecuador,5858859382.01681,0.00148634190840527
1983,ECU,Ecuador,5994758827.37536,0.00149268531032953
1984,ECU,Ecuador,6033765029.4764,0.00142506585906772
1985,ECU,Ecuador,6216831798.45626,0.00140946154610832
1986,ECU,Ecuador,6357644147.2167,0.00141183872838605
1987,ECU,Ecuador,6724095313.98358,0.00142754023561481
1988,ECU,Ecuador,6574813359.86676,0.00132185420051205
1989,ECU,Ecuador,6643615953.99729,0.00129830307262089
1990,ECU,Ecuador,7316608442.15031,0.0014149108178293
1991,ECU,Ecuador,7472361713.37945,0.00144812539989916
1992,ECU,Ecuador,7578987508.37281,0.00147660605262281
1993,ECU,Ecuador,7892943254.61268,0.00154812962480227
1994,ECU,Ecuador,8411737892.95868,0.00159007960623243
1995,ECU,Ecuador,8072245877.70986,0.00145266514178852
1996,ECU,Ecuador,8700870259.19414,0.00152765027006563
1997,ECU,Ecuador,8434104365.84749,0.00141360908162129
1998,ECU,Ecuador,8956982381.49468,0.00148053849770878
1999,ECU,Ecuador,8203401794.18874,0.00131119714652567
2000,ECU,Ecuador,9715252940.10031,0.0014591310235821
2001,ECU,Ecuador,9841738824.69888,0.00148944266887991
2002,ECU,Ecuador,10000034073.8923,0.00149347599787161
2003,ECU,Ecuador,9941761687.74096,0.00143373374689972
2004,ECU,Ecuador,10398222296.2043,0.00124148520164302
2005,ECU,Ecuador,10803306564.3133,0.00123568392827818
2006,ECU,Ecuador,11216305712.1488,0.0012019051603947
2007,ECU,Ecuador,11505438632.6249,0.00116239936910671
2008,ECU,Ecuador,12398347231.6915,0.00123605276866988
2009,ECU,Ecuador,12362625933.5508,0.00131123115461354
2010,ECU,Ecuador,11779579857.5004,0.00114284598661166
2011,ECU,Ecuador,12444008605.9834,0.00115674577877367
2012,ECU,Ecuador,12887597702.3409,0.00117029043593055
2013,ECU,Ecuador,13383193727.393,0.00117608187752588
2014,ECU,Ecuador,13747167116.4191,0.00115824518172107
2015,ECU,Ecuador,13900706295,0.00112910422223865
2016,ECU,Ecuador,13861422453.9825,0.0010962283357732
2017,ECU,Ecuador,14512601860.2162,0.00110865882831549
2018,ECU,Ecuador,14636404917.384,0.00107433572150592
2019,ECU,Ecuador,14314674321.7492,0.00103482864508263
2020,ECU,Ecuador,12801661385.5121,9.4537365162101e-4
2021,ECU,Ecuador,15001500443.0571,0.00101441222220904
2022,ECU,Ecuador,15929277375.0812,0.00105434926848499
2023,ECU,Ecuador,15749293828.6064,0.00102628237911455
1970,EGY,Egipto,5648891897.22308,0.00201019724099984
1971,EGY,Egipto,5765282887.80332,0.00198893388491952
1972,EGY,Egipto,6003313334.18171,0.00194745345978416
1973,EGY,Egipto,5677351724.34742,0.00168948646931813
1974,EGY,Egipto,5422702932.30053,0.0015928063563651
1975,EGY,Egipto,5669666438.21508,0.00171564698462756
1976,EGY,Egipto,6209767930.0957,0.00175574757774609
1977,EGY,Egipto,6631634769.04377,0.00180440380135714
1978,EGY,Egipto,7082885367.8502,0.00186296165799753
1979,EGY,Egipto,7470471153.48325,0.00188780426668148
1980,EGY,Egipto,8156092218.27974,0.00205833613605408
1981,EGY,Egipto,8399206656.1862,0.00209341970494149
1982,EGY,Egipto,8715210640.54661,0.00221097349688649
1983,EGY,Egipto,9776624205.21972,0.00243436370936258
1984,EGY,Egipto,10641225845.0504,0.00251326453322733
1985,EGY,Egipto,11698069978.5867,0.00265215150305278
1986,EGY,Egipto,12562998006.3484,0.00278985843172183
1987,EGY,Egipto,13475578672.6487,0.00286089501339953
1988,EGY,Egipto,14486281087.0878,0.00291244031680822
1989,EGY,Egipto,15521473598.5381,0.00303322422670465
1990,EGY,Egipto,16645491302.932,0.00321896215969707
1991,EGY,Egipto,17598467060.3379,0.00341053981684704
1992,EGY,Egipto,17863168246.5947,0.00348026201689894
1993,EGY,Egipto,18381060377.0277,0.00360527919522616
1994,EGY,Egipto,19149678062.7708,0.00361988366030962
1995,EGY,Egipto,20622793456.0741,0.00371123645560243
1996,EGY,Egipto,22170715490.5736,0.00389261056627454
1997,EGY,Egipto,24026906689.0916,0.00402706108742279
1998,EGY,Egipto,25911598007.4721,0.00428304050999089
1999,EGY,Egipto,28416027669.9455,0.0045418980236737
2000,EGY,Egipto,30646698026.3517,0.00460281869512915
2001,EGY,Egipto,32019814448.8581,0.00484585892180551
2002,EGY,Egipto,33293517973.3087,0.00497229005525678
2003,EGY,Egipto,33913908369.5271,0.00489083488881178
2004,EGY,Egipto,34524358720.1388,0.0041220007830486
2005,EGY,Egipto,36043430503.8359,0.00412265333103897
2006,EGY,Egipto,38133949473.04,0.00408631788702352
2007,EGY,Egipto,40904210008.3875,0.00413256977206703
2008,EGY,Egipto,44187868117.0332,0.00440530787749414
2009,EGY,Egipto,45832966643.8682,0.00486123369701777
2010,EGY,Egipto,48153791891.801,0.00467184470663756
2011,EGY,Egipto,47696423057.2745,0.00443367067486411
2012,EGY,Egipto,48047668029.3482,0.00436308826999608
2013,EGY,Egipto,49137039930.3781,0.00431804122054207
2014,EGY,Egipto,51482531821.0673,0.00433757689272095
2015,EGY,Egipto,53056194749.2337,0.00430956328663845
2016,EGY,Egipto,53457482989.4294,0.00422767633023763
2017,EGY,Egipto,54557533523.5009,0.00416780476544036
2018,EGY,Egipto,57165308312.9888,0.00419602580676073
2019,EGY,Egipto,58759294804.6946,0.00424779495935625
2020,EGY,Egipto,59561580398.92,0.0043984875917567
2021,EGY,Egipto,59285718531.8688,0.00400894281938354
2022,EGY,Egipto,64956766953.6966,0.00429944925360625
2023,EGY,Egipto,62770284823.8062,0.00409034449085352
1990,ERI,Eritrea,55290898.9964983,1.069234355455e-5
1991,ERI,Eritrea,60614979.075234,1.174703449593e-5
1992,ERI,Eritrea,67362120.5400083,1.312409009739e-5
1993,ERI,Eritrea,80678718.617257,1.582440293226e-5
1994,ERI,Eritrea,80991408.609284,1.530989062527e-5
1995,ERI,Eritrea,114226717.033613,2.055601038539e-5
1996,ERI,Eritrea,124023972.618575,2.177543735526e-5
1997,ERI,Eritrea,150740994.64772,2.526514135508e-5
1998,ERI,Eritrea,145589878.364601,2.406518296171e-5
1999,ERI,Eritrea,150585137.735174,2.406889335195e-5
2000,ERI,Eritrea,179833012.632004,2.700906805138e-5
2001,ERI,Eritrea,150828091.347752,2.282623009211e-5
2002,ERI,Eritrea,171562274.728478,2.562232663948e-5
2003,ERI,Eritrea,154648809.820668,2.23024072113e-5
2004,ERI,Eritrea,141945782.871623,1.694747273628e-5
2005,ERI,Eritrea,114600069.069424,1.310797418231e-5
2006,ERI,Eritrea,99472866.8592026,1.065920946393e-5
2007,ERI,Eritrea,92094105.0211466,9.30430668427e-6
2008,ERI,Eritrea,88581283.7972472,8.83110781169e-6
2009,ERI,Eritrea,83685357.5154364,8.876014574e-6
2010,ERI,Eritrea,98432661.8631755,9.54986289177e-6
2011,ERI,Eritrea,126292322.187047,1.17396343258e-5
2012,ERI,Eritrea,125775040.610632,1.142131609824e-5
2013,ERI,Eritrea,112737319.347637,9.90707606168e-6
2014,ERI,Eritrea,151599076.403596,1.277273334286e-5
2015,ERI,Eritrea,122976614.699187,9.98894674462e-6
2016,ERI,Eritrea,134898040.254995,1.066838952919e-5
2017,ERI,Eritrea,118835755.82754,9.07820052439e-6
2018,ERI,Eritrea,135285949.984222,9.93020687158e-6
2019,ERI,Eritrea,140807209.917453,1.017915818282e-5
2020,ERI,Eritrea,139507498.727128,1.030231229592e-5
2021,ERI,Eritrea,143811369.423207,9.72462797233e-6
2022,ERI,Eritrea,147588736.062092,9.76880948454e-6
2023,ERI,Eritrea,151619237.362822,9.88007166122e-6
1970,ESP,España,56967138422.3898,0.0202721501079952
1971,ESP,España,60470544850.2706,0.0208614075029499
1972,ESP,España,69362105514.8127,0.0225008199378199
1973,ESP,España,76756582825.4627,0.0228414962487852
1974,ESP,España,81521616413.7392,0.0239452816106735
1975,ESP,España,81042886773.3763,0.0245236621648642
1976,ESP,España,83831868962.7127,0.0237025928385929
1977,ESP,España,87738209431.6,0.0238727197947718
1978,ESP,España,89486102002.825,0.0235369017422795
1979,ESP,España,89402505951.0562,0.02259220720071
1980,ESP,España,90208038631.257,0.0227656162667128
1981,ESP,España,89255489662.1799,0.0222460535240421
1982,ESP,España,88253491073.7044,0.0223891467251365
1983,ESP,España,89475257714.5679,0.0222791953228516
1984,ESP,España,90310413317.5756,0.0213296815683822
1985,ESP,España,91728985893.5652,0.0207965218413335
1986,ESP,España,94674676241.0211,0.021024356100994
1987,ESP,España,100280331245.35,0.021289735051169
1988,ESP,España,105459101759.74,0.021202359521604
1989,ESP,España,109390171823.734,0.0213771532214819
1990,ESP,España,111775399177.412,0.0216155097971633
1991,ESP,España,114007972426.976,0.0220944658456369
1992,ESP,España,113597870625.853,0.0221321519722641
1993,ESP,España,109560082193.535,0.0214892218869634
1994,ESP,España,111828637429.869,0.0211390842216853
1995,ESP,España,115402772310.377,0.0207676509289634
1996,ESP,España,118646332430.551,0.0208312612854217
1997,ESP,España,126024275444.138,0.0211224633399085
1998,ESP,España,132838164760.448,0.0219573968682972
1999,ESP,España,139712380675.398,0.0223310377172629
2000,ESP,España,146608716343.181,0.0220191206202064
2001,ESP,España,151196554169.701,0.0228819930277774
2002,ESP,España,150990438291.017,0.0225499827130066
2003,ESP,España,152617245567.657,0.0220094287312324
2004,ESP,España,152687626599.403,0.0182299842701334
2005,ESP,España,153883098695.772,0.0176011733778006
2006,ESP,España,156707388955.402,0.0167922865416794
2007,ESP,España,157526825253.586,0.015915002299254
2008,ESP,España,153039531758.132,0.0152572704579571
2009,ESP,España,135542807266.111,0.0143762298257985
2010,ESP,España,134526304079.038,0.013051640938835
2011,ESP,España,132922621998.544,0.0123559607493692
2012,ESP,España,125313427023.505,0.0113793981257384
2013,ESP,España,123732870139.155,0.0108733377988148
2014,ESP,España,126420420108.537,0.0106513466535939
2015,ESP,España,132844197420.312,0.0107904548894132
2016,ESP,España,135052150930.511,0.0106805773468515
2017,ESP,España,144236875573.346,0.0110186641246872
2018,ESP,España,142610068296.706,0.0104678089655457
2019,ESP,España,143499885626.636,0.0103738156296648
2020,ESP,España,123223110380.653,0.00909974715910655
2021,ESP,España,140363907940.702,0.00949150815363748
2022,ESP,España,149225885280.817,0.00987717140458495
2023,ESP,España,152323656120.945,0.00992597419925477
1990,EST,Estonia,1479451346.15509,2.8610137206026e-4
1991,EST,Estonia,1355162436.37525,2.6262716131506e-4
1992,EST,Estonia,1080417772.52465,2.1049664226372e-4
1993,EST,Estonia,1008768945.58371,1.9786092954944e-4
1994,EST,Estonia,973943780.603838,1.8410561085735e-4
1995,EST,Estonia,1075724525.49422,1.935852232484e-4
1996,EST,Estonia,1070942591.64759,1.880301269435e-4
1997,EST,Estonia,1286918556.78552,2.1569566610362e-4
1998,EST,Estonia,1349794566.44195,2.2311340298538e-4
1999,EST,Estonia,1336784213.66696,2.1366595108414e-4
2000,EST,Estonia,1611305225.38991,2.4200146484318e-4
2001,EST,Estonia,1822709846.67875,2.7584778126988e-4
2002,EST,Estonia,1959475209.22893,2.9264192219585e-4
2003,EST,Estonia,2106266710.19868,3.0375156408214e-4
2004,EST,Estonia,2172128988.74709,2.5933913689974e-4
2005,EST,Estonia,2382986076.04232,2.725663275356e-4
2006,EST,Estonia,2643691356.65822,2.8328991430901e-4
2007,EST,Estonia,2773041896.75835,2.8016160480471e-4
2008,EST,Estonia,2671096819.85057,2.6629489865571e-4
2009,EST,Estonia,2053022367.94204,2.1775202974137e-4
2010,EST,Estonia,2454015514.04262,2.3808674122792e-4
2011,EST,Estonia,2818771771.54172,2.6202186540512e-4
2012,EST,Estonia,2854608025.51373,2.5921979780471e-4
2013,EST,Estonia,2942951043.11684,2.5861923982847e-4
2014,EST,Estonia,3109057242.3002,2.6194855566193e-4
2015,EST,Estonia,3183173621.48398,2.5855770921719e-4
2016,EST,Estonia,3318816179.80337,2.6246803671132e-4
2017,EST,Estonia,3452289147.51392,2.6373016211388e-4
2018,EST,Estonia,3620249565.94394,2.6573215563614e-4
2019,EST,Estonia,3840924256.19775,2.7766600584598e-4
2020,EST,Estonia,3603638637.84512,2.6612053823246e-4
2021,EST,Estonia,4036770899.37548,2.7296934424179e-4
2022,EST,Estonia,3741460032.18785,2.476449844595e-4
2023,EST,Estonia,3572005965.67771,2.3276515255614e-4
1970,ETF,Etiopía (incluye Eritrea),244710087.091312,8.70817765441e-5
1971,ETF,Etiopía (incluye Eritrea),267223097.806808,9.218785693682e-5
1972,ETF,Etiopía (incluye Eritrea),278162518.613473,9.023493012961e-5
1973,ETF,Etiopía (incluye Eritrea),292034972.514465,8.6904803258e-5
1974,ETF,Etiopía (incluye Eritrea),289101939.420139,8.491769003295e-5
1975,ETF,Etiopía (incluye Eritrea),285543893.788591,8.640588043331e-5
1976,ETF,Etiopía (incluye Eritrea),287172878.461181,8.119515760145e-5
1977,ETF,Etiopía (incluye Eritrea),292445645.288127,7.957163692299e-5
1978,ETF,Etiopía (incluye Eritrea),283443360.555747,7.455211901722e-5
1979,ETF,Etiopía (incluye Eritrea),332741585.662685,8.408452053569e-5
1980,ETF,Etiopía (incluye Eritrea),357647906.36974,9.025886294112e-5
1981,ETF,Etiopía (incluye Eritrea),373551942.601657,9.310415012655e-5
1982,ETF,Etiopía (incluye Eritrea),388084201.928704,9.845360260516e-5
1983,ETF,Etiopía (incluye Eritrea),408317908.381548,1.0167050274021e-4
1984,ETF,Etiopía (incluye Eritrea),426451081.601547,1.0072001047173e-4
1985,ETF,Etiopía (incluye Eritrea),432666944.777271,9.809295807024e-5
1986,ETF,Etiopía (incluye Eritrea),446427579.772184,9.913794039856e-5
1987,ETF,Etiopía (incluye Eritrea),469876387.82329,9.975579138328e-5
1988,ETF,Etiopía (incluye Eritrea),477935575.94965,9.60880733892e-5
1989,ETF,Etiopía (incluye Eritrea),487237936.711155,9.521659811611e-5
1990,ETF,Etiopía (incluye Eritrea),466875626.24583,9.028600879479e-5
1991,ETF,Etiopía (incluye Eritrea),386798161.289399,7.496053637159e-5
1992,ETF,Etiopía (incluye Eritrea),587463371.854865,1.1445486215893e-4
1993,ETF,Etiopía (incluye Eritrea),507043580.248373,9.945202471708e-5
1990,ETH,Etiopía,614897865.592159,1.1891105677794e-4
1991,ETH,Etiopía,400172150.107367,7.7552382651e-5
1992,ETH,Etiopía,328675005.045457,6.403540067321e-5
1993,ETH,Etiopía,426364861.631116,8.362762178482e-5
1994,ETH,Etiopía,474300129.2301,8.965744918817e-5
1995,ETH,Etiopía,516443479.79168,9.293813049834e-5
1996,ETH,Etiopía,533103350.254558,9.359931279617e-5
1997,ETH,Etiopía,548911191.001574,9.2000977335e-5
1998,ETH,Etiopía,549521312.835818,9.083276312408e-5
1999,ETH,Etiopía,594714482.363259,9.505665476785e-5
2000,ETH,Etiopía,639121111.881499,9.598941457544e-5
2001,ETH,Etiopía,661929072.285373,1.001759365489e-4
2002,ETH,Etiopía,670409472.218603,1.0012370438999e-4
2003,ETH,Etiopía,675690846.08643,9.744357176655e-5
2004,ETH,Etiopía,720216890.303574,8.598956492896e-5
2005,ETH,Etiopía,812356551.128515,9.291747191335e-5
2006,ETH,Etiopía,898402319.043217,9.627005638755e-5
2007,ETH,Etiopía,973397827.81156,9.834279744273e-5
2008,ETH,Etiopía,1073743931.07913,1.0704686149298e-4
2009,ETH,Etiopía,1171246217.67983,1.2422721018979e-4
2010,ETH,Etiopía,1307018151.73471,1.2680591898933e-4
2011,ETH,Etiopía,1541186143.3775,1.4326256290108e-4
2012,ETH,Etiopía,1723117284.95463,1.5647196049599e-4
2013,ETH,Etiopía,2014901002.7688,1.7706450363299e-4
2014,ETH,Etiopía,2350123673.6834,1.9800584356331e-4
2015,ETH,Etiopía,2778379755.5493,2.2567776387747e-4
2016,ETH,Etiopía,3289329326.08501,2.6013607369048e-4
2017,ETH,Etiopía,4100318821.53435,3.1323498737079e-4
2018,ETH,Etiopía,4380000692.2678,3.2149911337414e-4
2019,ETH,Etiopía,4717164807.86003,3.4101071089913e-4
2020,ETH,Etiopía,5071540952.52765,3.7452179410577e-4
2021,ETH,Etiopía,5330163667.77806,3.6042949113607e-4
2022,ETH,Etiopía,5586869840.17639,3.6979154737587e-4
2023,ETH,Etiopía,5975399652.15355,3.8937919616647e-4
1970,F206,Sudán (Ex),555564145.118529,1.9770134249952e-4
1971,F206,Sudán (Ex),537035998.644929,1.8526915606971e-4
1972,F206,Sudán (Ex),487159675.169052,1.5803286319797e-4
1973,F206,Sudán (Ex),467976476.440897,1.3926210023511e-4
1974,F206,Sudán (Ex),535632361.094555,1.5733088094211e-4
1975,F206,Sudán (Ex),626588758.681893,1.8960641267858e-4
1976,F206,Sudán (Ex),691063043.490324,1.9539091932849e-4
1977,F206,Sudán (Ex),686945662.669274,1.8691128329809e-4
1978,F206,Sudán (Ex),675716496.861951,1.7772897060344e-4
1979,F206,Sudán (Ex),711462749.493184,1.7978818022099e-4
1980,F206,Sudán (Ex),780802999.207291,1.9704963914039e-4
1981,F206,Sudán (Ex),850611138.198117,2.1200646571008e-4
1982,F206,Sudán (Ex),925013041.371689,2.3466780128436e-4
1983,F206,Sudán (Ex),914080516.917665,2.2760457915849e-4
1984,F206,Sudán (Ex),946726249.275413,2.2359956828526e-4
1985,F206,Sudán (Ex),892670989.811401,2.023837019007e-4
1986,F206,Sudán (Ex),1075638933.71478,2.38866578439e-4
1987,F206,Sudán (Ex),1108436507.07686,2.3532351024023e-4
1988,F206,Sudán (Ex),1109195709.6761,2.2300176868518e-4
1989,F206,Sudán (Ex),983319838.056089,1.9216149397515e-4
1990,F206,Sudán (Ex),1019913426.83677,1.9723435418071e-4
1991,F206,Sudán (Ex),1325113067.94588,2.5680366730572e-4
1992,F206,Sudán (Ex),1296263349.79554,2.5254960586577e-4
1993,F206,Sudán (Ex),1140171195.83103,2.2363429568313e-4
1994,F206,Sudán (Ex),1208499473.36589,2.2844391862831e-4
1995,F206,Sudán (Ex),1280922519.99037,2.3051224186072e-4
1996,F206,Sudán (Ex),1749741128.09145,3.0720978790016e-4
1997,F206,Sudán (Ex),1946138822.308,3.2618513999546e-4
1998,F206,Sudán (Ex),2155558343.64502,3.5630159532492e-4
1999,F206,Sudán (Ex),1831439715.51249,2.927296003854e-4
2000,F206,Sudán (Ex),2224413484.5749,3.3408401661069e-4
2001,F206,Sudán (Ex),2759557065.76423,4.1762966018192e-4
2002,F206,Sudán (Ex),2899988826.77386,4.331048949313e-4
2003,F206,Sudán (Ex),3026058214.07037,4.3639768462219e-4
2004,F206,Sudán (Ex),3218164909.24096,3.8422953438184e-4
2005,F206,Sudán (Ex),3342723751.97088,3.8234127601531e-4
2006,F206,Sudán (Ex),3633867938.89002,3.8939422123757e-4
2007,F206,Sudán (Ex),3942746713.02951,3.9833738096497e-4
1970,FIN,Finlandia,8945395946.29699,0.00318328100060422
1971,FIN,Finlandia,9093435156.86164,0.0031370952069087
1972,FIN,Finlandia,10121266329.806,0.00328330274202893
1973,FIN,Finlandia,10774214938.879,0.00320622910831787
1974,FIN,Finlandia,11253794434.3631,0.00330556837283268
1975,FIN,Finlandia,10677116977.8408,0.00323090674683768
1976,FIN,Finlandia,10778997864.7714,0.00304765002567672
1977,FIN,Finlandia,10679002944.495,0.00290565361013229
1978,FIN,Finlandia,11152497928.9815,0.00293336330514348
1979,FIN,Finlandia,12421321834.5816,0.0031388949740089
1980,FIN,Finlandia,13367411306.25,0.00337350596349137
1981,FIN,Finlandia,13784588153.125,0.0034356731112219
1982,FIN,Finlandia,13909963109.7656,0.00352883723031066
1983,FIN,Finlandia,14298292621.4844,0.00356025187559167
1984,FIN,Finlandia,14935153020.7031,0.00352741224853483
1985,FIN,Finlandia,15583108548.8281,0.00353295584961121
1986,FIN,Finlandia,15935933648.0469,0.00353888449499849
1987,FIN,Finlandia,16887895708.2031,0.00358533743092408
1988,FIN,Finlandia,17643473986.7187,0.00354718817469852
1989,FIN,Finlandia,18430118626.1719,0.0036016349841429
1990,FIN,Finlandia,18382409571.875,0.00355485336774024
1991,FIN,Finlandia,16157836226.1719,0.00313134908935612
1992,FIN,Finlandia,16356439033.5937,0.00318670757138454
1993,FIN,Finlandia,17247377884.7656,0.00338291760021977
1994,FIN,Finlandia,19451979998.4375,0.00367702811118827
1995,FIN,Finlandia,20834433060.1562,0.0037493226933273
1996,FIN,Finlandia,21582244748.4375,0.00378929015562941
1997,FIN,Finlandia,23734699756.25,0.00397808536266769
1998,FIN,Finlandia,26234432298.8281,0.00433640319134668
1999,FIN,Finlandia,28705317506.25,0.00458813689108479
2000,FIN,Finlandia,32782777379.2969,0.00492363583410972
2001,FIN,Finlandia,33968846659.375,0.00514082425151736
2002,FIN,Finlandia,35097221269.1406,0.00524166789534231
2003,FIN,Finlandia,36106877999.6094,0.00520709016260819
2004,FIN,Finlandia,37874332034.375,0.00452196744821996
2005,FIN,Finlandia,39320027330.8594,0.00449743099882957
2006,FIN,Finlandia,43813554537.8906,0.0046949270683027
2007,FIN,Finlandia,48232744381.25,0.00487297472345555
2008,FIN,Finlandia,46973447250.3906,0.00468301608616041
2009,FIN,Finlandia,36069154561.3281,0.00382564347053735
2010,FIN,Finlandia,38959435641.4062,0.00377981517185318
2011,FIN,Finlandia,38969421257.4219,0.0036224431345299
2012,FIN,Finlandia,34528041156.25,0.00313540484967466
2013,FIN,Finlandia,34799871814.4531,0.00305812643938872
2014,FIN,Finlandia,34480332101.9531,0.00290508423903064
2015,FIN,Finlandia,34611254623.0469,0.00281134734469687
2016,FIN,Finlandia,36279962010.5469,0.00286919488304825
2017,FIN,Finlandia,38978297360.5469,0.00297766271669999
2018,FIN,Finlandia,37389474901.1719,0.00274444774665727
2019,FIN,Finlandia,38890645842.1875,0.00281146140238148
2020,FIN,Finlandia,37809980286.7187,0.00279218126889583
2021,FIN,Finlandia,37936464756.25,0.00256529096287519
2022,FIN,Finlandia,36830280404.2969,0.00243777406143444
2023,FIN,Finlandia,36925698512.8906,0.00240621542354126
1970,FJI,Fiji,169090232.590543,6.017192844505e-5
1971,FJI,Fiji,186889204.592271,6.447389988886e-5
1972,FJI,Fiji,169090232.590543,5.4852269096e-5
1973,FJI,Fiji,169090232.590543,5.031847134473e-5
1974,FJI,Fiji,177989718.116116,5.228078283512e-5
1975,FJI,Fiji,177989718.116116,5.385987456375e-5
1976,FJI,Fiji,195788690.117844,5.53572246651e-5
1977,FJI,Fiji,213587662.119572,5.811514096804e-5
1978,FJI,Fiji,213587662.119572,5.6178464634789997e-05
1979,FJI,Fiji,252108149.704396,6.370827634549e-5
1980,FJI,Fiji,232273027.30631801,5.861826383764e-5
1981,FJI,Fiji,255309923.004261,6.363348891892e-5
1982,FJI,Fiji,246766310.738691,6.260247691884e-5
1983,FJI,Fiji,223811304.845408,5.572865508831e-5
1984,FJI,Fiji,261113189.30317,6.167019922227e-5
1985,FJI,Fiji,226680680.938536,5.139236726781e-5
1986,FJI,Fiji,272590691.77452,6.053407311469e-5
1987,FJI,Fiji,241027559.503015,5.117068141003e-5
1988,FJI,Fiji,238158183.409887,4.78812671776e-5
1989,FJI,Fiji,266851941.014136,5.214851330246e-5
1990,FJI,Fiji,284068194.721162,5.49340811238e-5
1991,FJI,Fiji,298415073.285641,5.783211037066e-5
1992,FJI,Fiji,295545698.143094,5.758085314464e-5
1993,FJI,Fiji,309892576.232282,6.078263358742e-5
1994,FJI,Fiji,331735232.700203,6.270825778189e-5
1995,FJI,Fiji,331735232.700203,5.969840564165e-5
1996,FJI,Fiji,342875595.034937,6.020018455056e-5
1997,FJI,Fiji,371321816.281771,6.223587815981e-5
1998,FJI,Fiji,390135455.406846,6.448718289815e-5
1999,FJI,Fiji,418851009.385617,6.694737891722e-5
2000,FJI,Fiji,396076604.128947,5.948663039066e-5
2001,FJI,Fiji,445586179.8233,6.743473696197e-5
2002,FJI,Fiji,448556754.421996,6.699064637803e-5
2003,FJI,Fiji,444595988.290401,6.411663165635e-5
2004,FJI,Fiji,501036904.239754,5.982079285973e-5
2005,FJI,Fiji,423680380.93284,4.846062956085e-5
2006,FJI,Fiji,453255472.248356,4.856947599799e-5
2007,FJI,Fiji,425743759.330393,4.301307347322e-5
2008,FJI,Fiji,417490245.740179,4.162167460681e-5
2009,FJI,Fiji,411801367.274843,4.36773534349e-5
2010,FJI,Fiji,431376001.633049,4.185177554299e-5
2011,FJI,Fiji,441408001.759453,4.103154047214e-5
2012,FJI,Fiji,433203391.821026,3.933811389602e-5
2013,FJI,Fiji,458364195.188597,4.027990883556e-5
2014,FJI,Fiji,464200690.51413,3.911047334962e-5
2015,FJI,Fiji,491480607.290012,3.992119659697e-5
2016,FJI,Fiji,520804262.484642,4.118772022297e-5
2017,FJI,Fiji,528210737.468149,4.035151676767e-5
2018,FJI,Fiji,540447417.184176,3.96697118694e-5
2019,FJI,Fiji,528075429.221551,3.817534151597e-5
2020,FJI,Fiji,484135926.803486,3.575233988934e-5
2021,FJI,Fiji,475792080.337525,3.217340181115e-5
2022,FJI,Fiji,480747979.128287,3.182041897973e-5
2023,FJI,Fiji,468693693.322191,3.054181882015e-5
1970,FRA,Francia,119188568286.136,0.0424140761562974
1971,FRA,Francia,126997297593.774,0.0438121135411807
1972,FRA,Francia,127179691271.033,0.0412566387914208
1973,FRA,Francia,134127750414.106,0.0399142118521393
1974,FRA,Francia,144657565394.346,0.0424901552847307
1975,FRA,Francia,140570807063.269,0.0425368730052988
1976,FRA,Francia,149478458276.39,0.0422634861718491
1977,FRA,Francia,155026645946.502,0.0421812537933012
1978,FRA,Francia,149662105910.18,0.0393645739674674
1979,FRA,Francia,152619391394.833,0.0385672512930001
1980,FRA,Francia,152694058806.46,0.038535084031749
1981,FRA,Francia,151417645053.794,0.0377393597760791
1982,FRA,Francia,151424028832.498,0.0384149653231366
1983,FRA,Francia,154148876374.695,0.0383828223943832
1984,FRA,Francia,154272676083.134,0.0364364078811611
1985,FRA,Francia,156123857911.262,0.0353959349858307
1986,FRA,Francia,155380945664.577,0.0345053657711462
1987,FRA,Francia,155465188744.261,0.0330056017659872
1988,FRA,Francia,162476857682.278,0.0326656750630059
1989,FRA,Francia,169824928958.789,0.0331873829856407
1990,FRA,Francia,175986073380.539,0.0340327900532345
1991,FRA,Francia,176673583547.756,0.0342389078099115
1992,FRA,Francia,177974392454.756,0.0346745610571646
1993,FRA,Francia,174501958827.895,0.034226985211076
1994,FRA,Francia,180220912578.341,0.0340673474796804
1995,FRA,Francia,188354302631.499,0.0338958616825843
1996,FRA,Francia,190576997580.993,0.033460446271482
1997,FRA,Francia,199756415373.229,0.0334804349857409
1998,FRA,Francia,209945952149.334,0.0347028777501451
1999,FRA,Francia,218211691614.553,0.0348780365221447
2000,FRA,Francia,229662594664.95,0.0344929585362427
2001,FRA,Francia,232050241896.314,0.0351183401389286
2002,FRA,Francia,231055854367.109,0.0345075196859486
2003,FRA,Francia,236476594455.237,0.0341030578353596
2004,FRA,Francia,242320829862.751,0.0289316496372921
2005,FRA,Francia,246524890127.515,0.0281975562609129
2006,FRA,Francia,253116825615.74,0.0271232281553069
2007,FRA,Francia,258866102315.031,0.0261533526554002
2008,FRA,Francia,251027620038.79,0.0250261892946859
2009,FRA,Francia,234457610444.032,0.0248675422926235
2010,FRA,Francia,239782935839.744,0.0232635602625441
2011,FRA,Francia,248953575936.263,0.0231417389036854
2012,FRA,Francia,247037416360.612,0.0224328484145112
2013,FRA,Francia,247659720788.209,0.0217637221238124
2014,FRA,Francia,251167037205.845,0.0211616697598279
2015,FRA,Francia,252062134176.992,0.0204740977850958
2016,FRA,Francia,253215204205.412,0.0200254831580303
2017,FRA,Francia,258347306299.278,0.0197358836588351
2018,FRA,Francia,263158167529.072,0.0193162338277979
2019,FRA,Francia,268228939748.961,0.0193906605245385
2020,FRA,Francia,244339243893.714,0.0180438988564045
2021,FRA,Francia,265433870641.019,0.0179488287580673
2022,FRA,Francia,261978080437.209,0.0173401712434344
2023,FRA,Francia,267644710001.491,0.0174407216429499
1970,FSM,Micronesia,1612446.65150006,5.7380029023e-7
1971,FSM,Micronesia,1649557.62208569,5.690719976e-7
1972,FSM,Micronesia,1667158.51501162,5.4082028328e-7
1973,FSM,Micronesia,2232823.09683383,6.6445141918e-7
1974,FSM,Micronesia,2575055.83328905,7.563691669e-7
1975,FSM,Micronesia,2576969.42044725,7.7979363757e-7
1976,FSM,Micronesia,2586145.54046275,7.3120587105e-7
1977,FSM,Micronesia,2648900.63343297,7.2074029086e-7
1978,FSM,Micronesia,2798305.71177903,7.3601872367e-7
1979,FSM,Micronesia,2857572.61711502,7.2211479946e-7
1980,FSM,Micronesia,2651992.60286726,6.6927789202e-7
1981,FSM,Micronesia,2909835.26516108,7.2524783965e-7
1982,FSM,Micronesia,2833423.85156648,7.188151038e-7
1983,FSM,Micronesia,2888490.84398317,7.1922957636e-7
1984,FSM,Micronesia,2774008.73127422,6.5517054714e-7
1985,FSM,Micronesia,3232575.53365438,7.3287987471e-7
1986,FSM,Micronesia,3492889.42353592,7.756641372e-7
1987,FSM,Micronesia,3559402.71950625,7.5566903197e-7
1988,FSM,Micronesia,3768212.64582088,7.5759226029e-7
1989,FSM,Micronesia,3812592.01916307,7.4506111843e-7
1990,FSM,Micronesia,3944611.92338094,7.6282257369e-7
1991,FSM,Micronesia,4183006.14195727,8.1065634593e-7
1992,FSM,Micronesia,4413010.80701871,8.5978218868e-7
1993,FSM,Micronesia,4566047.88553083,8.9558910685e-7
1994,FSM,Micronesia,4723641.47334219,8.9291488506e-7
1995,FSM,Micronesia,5181286.7015388,9.3241393968e-7
1996,FSM,Micronesia,4220306.41679398,7.4097786144e-7
1997,FSM,Micronesia,4761842.77771505,7.9811488023e-7
1998,FSM,Micronesia,5274100.08113584,8.7177889587e-7
1999,FSM,Micronesia,4957191.55755563,7.9233659256e-7
2000,FSM,Micronesia,5753367.0832503,8.640965349e-7
2001,FSM,Micronesia,6813966.89578213,1.03122153713e-6
2002,FSM,Micronesia,6535101.18929481,9.7599835138e-7
2003,FSM,Micronesia,6074639.87692904,8.7604354895e-7
2004,FSM,Micronesia,4881085.37872246,5.8277223673e-7
2005,FSM,Micronesia,1923199.11823314,2.1997582195e-7
2006,FSM,Micronesia,1265447.55684712,1.3560150621e-7
2007,FSM,Micronesia,1263340.2630134,1.2763580525e-7
2008,FSM,Micronesia,1312893.95255175,1.3088891403e-7
2009,FSM,Micronesia,1335538.55641537,1.4165273403e-7
2010,FSM,Micronesia,1412011.60395218,1.3699230483e-7
2011,FSM,Micronesia,1456520.11507805,1.3539234407e-7
2012,FSM,Micronesia,1338853.58202148,1.2157793704e-7
2013,FSM,Micronesia,1160540.71730322,1.0198544036e-7
2014,FSM,Micronesia,1169407.20013285,9.852649957e-8
2015,FSM,Micronesia,1325570,1.0767126879e-7
2016,FSM,Micronesia,1870736.89361231,1.4794692235e-7
2017,FSM,Micronesia,1921071.27975202,1.4675608513e-7
2018,FSM,Micronesia,1936773.26026791,1.4216228026e-7
2019,FSM,Micronesia,2237312.1022916,1.617385488e-7
2020,FSM,Micronesia,2121088.09697775,1.5663754408e-7
2021,FSM,Micronesia,2139725.02712277,1.4468974139e-7
2022,FSM,Micronesia,2029664.41603011,1.3434226436e-7
2023,FSM,Micronesia,2045513.14402745,1.3329322056e-7
1970,GAB,Gabón,94168360.02191,3.3510462042750003e-05
1971,GAB,Gabón,103853819.350916,3.582796965996e-5
1972,GAB,Gabón,115558768.370193,3.748685280003e-5
1973,GAB,Gabón,127385551.674118,3.790784442984e-5
1974,GAB,Gabón,177836662.714034,5.223582598973e-5
1975,GAB,Gabón,211305724.621525,6.394133292179e-5
1976,GAB,Gabón,287640334.752133,8.132732602703e-5
1977,GAB,Gabón,251942947.513219,6.85512438562e-5
1978,GAB,Gabón,188498744.155344,4.95795025197e-5
1979,GAB,Gabón,193997614.851728,4.902361812512e-5
1980,GAB,Gabón,198327870.174868,5.005159469048e-5
1981,GAB,Gabón,194853131.872554,4.856522794699e-5
1982,GAB,Gabón,217038042.707861,5.506067266012e-5
1983,GAB,Gabón,214632454.694858,5.344313615753e-5
1984,GAB,Gabón,245370611.39749,5.795208786104e-5
1985,GAB,Gabón,329299111.850798,7.46577115753e-5
1986,GAB,Gabón,306045034.959871,6.796326170217e-5
1987,GAB,Gabón,234946363.083498,4.98796300248e-5
1988,GAB,Gabón,227195004.119856,4.567714003326e-5
1989,GAB,Gabón,228798733.559175,4.471211172477e-5
1990,GAB,Gabón,230937039.481041,4.465939621926e-5
1991,GAB,Gabón,251464776.323184,4.873325780275e-5
1992,GAB,Gabón,238688398.444683,4.650340608754e-5
1993,GAB,Gabón,241927385.063592,4.745187438779e-5
1994,GAB,Gabón,245415524.495501,4.639115311471e-5
1995,GAB,Gabón,261112151.952956,4.698921799283e-5
1996,GAB,Gabón,321905439.237183,5.65183615589e-5
1997,GAB,Gabón,346820720.914275,5.81293400594e-5
1998,GAB,Gabón,388180088.493366,6.416397181329e-5
1999,GAB,Gabón,397647895.528775,6.355836261837e-5
2000,GAB,Gabón,404873327.216684,6.080780768191e-5
2001,GAB,Gabón,429290303.256684,6.496852907763e-5
2002,GAB,Gabón,497792388.07656,7.434384503313e-5
2003,GAB,Gabón,464754987.089089,6.702382635576e-5
2004,GAB,Gabón,488345259.473,5.830548680898e-5
2005,GAB,Gabón,528555888.308211,6.045630682523e-5
2006,GAB,Gabón,525549466.307374,5.631628022703e-5
2007,GAB,Gabón,607540919.936724,6.138011809809e-5
2008,GAB,Gabón,585842281.703605,5.840552460513e-5
2009,GAB,Gabón,612795331.230641,6.499560320196e-5
2010,GAB,Gabón,731749719.057765,7.099380790706e-5
2011,GAB,Gabón,748109413.420936,6.954128958247e-5
2012,GAB,Gabón,808557097.678076,7.342304284874e-5
2013,GAB,Gabón,805784268.124996,7.081032332346e-5
2014,GAB,Gabón,884532627.432463,7.452485629385e-5
2015,GAB,Gabón,909488093.410182,7.387443663309e-5
2016,GAB,Gabón,1016796597.11437,8.041319317515e-5
2017,GAB,Gabón,1019569426.66745,7.788780101892e-5
2018,GAB,Gabón,1162370148.65106,8.531984318258e-5
2019,GAB,Gabón,1206735421.50034,8.723666030648e-5
2020,GAB,Gabón,1144069473.60073,8.44869352028e-5
2021,GAB,Gabón,1298793362.66259,8.782533895258e-5
2022,GAB,Gabón,1337612976.40571,8.853579669568e-5
2023,GAB,Gabón,1339276674.13755,8.72722336877e-5
1970,GBR,Reino Unido,136076591364.969,0.0484237959414646
1971,GBR,Reino Unido,135386249341.878,0.0467061728120721
1972,GBR,Reino Unido,137783638297.766,0.0446965214320616
1973,GBR,Reino Unido,150100306545.407,0.0446673817761604
1974,GBR,Reino Unido,147255415339.15,0.0432532197484539
1975,GBR,Reino Unido,139173735397.996,0.042114117660526
1976,GBR,Reino Unido,143393229081.225,0.0405429506317591
1977,GBR,Reino Unido,151693936356.123,0.0412744556864799
1978,GBR,Reino Unido,155348484967.13,0.0408602223657914
1979,GBR,Reino Unido,159944091416.031,0.040418218878322
1980,GBR,Reino Unido,154118879714.672,0.0388946631395238
1981,GBR,Reino Unido,144595919616.795,0.0360391117602744
1982,GBR,Reino Unido,144391196714.72,0.0366307966940827
1983,GBR,Reino Unido,147483449179.648,0.0367231417387273
1984,GBR,Reino Unido,152954769094.035,0.0361251421546343
1985,GBR,Reino Unido,157362332754.021,0.0356767183049362
1986,GBR,Reino Unido,159338644691.144,0.0353842499350938
1987,GBR,Reino Unido,166988323330.746,0.035451988602355
1988,GBR,Reino Unido,179198104261.747,0.0360274511042526
1989,GBR,Reino Unido,186343334965.785,0.0364154288904885
1990,GBR,Reino Unido,186038257698.846,0.0359767159100358
1991,GBR,Reino Unido,176993305677.761,0.0343008691756925
1992,GBR,Reino Unido,176790618098.022,0.034443927561838
1993,GBR,Reino Unido,179250876539.357,0.035158442584796
1994,GBR,Reino Unido,188015798919.673,0.0355408229923479
1995,GBR,Reino Unido,180205778651.972,0.0324294696869226
1996,GBR,Reino Unido,180722402444.218,0.0317302314224358
1997,GBR,Reino Unido,189606413174.017,0.0317792306058921
1998,GBR,Reino Unido,199000195921.63,0.0328936061906596
1999,GBR,Reino Unido,208770826263.056,0.0333690484193817
2000,GBR,Reino Unido,218788120484.069,0.0328597244104514
2001,GBR,Reino Unido,227254172973.456,0.0343925060334079
2002,GBR,Reino Unido,235402303129.153,0.035156649164321
2003,GBR,Reino Unido,242004672972.771,0.0349002799952785
2004,GBR,Reino Unido,248224713803.028,0.0296365378706152
2005,GBR,Reino Unido,252642737957.412,0.0288973166716771
2006,GBR,Reino Unido,271183639573.049,0.0290592129157491
2007,GBR,Reino Unido,271083603666.328,0.0273876920244824
2008,GBR,Reino Unido,269742026232.351,0.0268919213279391
2009,GBR,Reino Unido,244520644544.56,0.0259348692418877
2010,GBR,Reino Unido,244246573567.241,0.0236966190408935
2011,GBR,Reino Unido,243237992370.706,0.0226104408813176
2012,GBR,Reino Unido,250864017314.611,0.0227803324531986
2013,GBR,Reino Unido,260605870203.418,0.0229013976309528
2014,GBR,Reino Unido,270392944803.483,0.0227815173000955
2015,GBR,Reino Unido,272141517638.779,0.0221050736625451
2016,GBR,Reino Unido,268238746921.755,0.0212136175853612
2017,GBR,Reino Unido,272941804892.551,0.0208507988109296
2018,GBR,Reino Unido,284441823100.861,0.0208784884657413
2019,GBR,Reino Unido,285684734983.003,0.0206525653730084
2020,GBR,Reino Unido,292080181238.744,0.0215694587748038
2021,GBR,Reino Unido,303089612397.653,0.0204951370303146
2022,GBR,Reino Unido,280718568873.981,0.0185805928777058
2023,GBR,Reino Unido,282652139618.967,0.0184186613994768
1990,GEO,Georgia,3224541533.63223,6.2357289371839e-4
1991,GEO,Georgia,2943994505.03033,5.705389250984e-4
1992,GEO,Georgia,790698557.963339,1.5405095670087e-4
1993,GEO,Georgia,314927459.911737,6.177018060634e-5
1994,GEO,Georgia,288182552.98522,5.447544921215e-5
1995,GEO,Georgia,327818001.053868,5.899346850877e-5
1996,GEO,Georgia,637082214.34111,1.1185534179914e-4
1997,GEO,Georgia,655574716.156344,1.0987845682732e-4
1998,GEO,Georgia,610295146.924924,1.0087833396367e-4
1999,GEO,Georgia,599073938.332209,9.575345182477e-5
2000,GEO,Georgia,610064174.445369,9.162536156264e-5
2001,GEO,Georgia,602622894.570195,9.12005762807e-5
2002,GEO,Georgia,683378781.721644,1.020606330353e-4
2003,GEO,Georgia,737433496.48135,1.0634767993918e-4
2004,GEO,Georgia,792741030.034617,9.464851101351e-5
2005,GEO,Georgia,900158835.337805,1.0296031118832e-4
2006,GEO,Georgia,1044495619.5322,1.1192496953481e-4
2007,GEO,Georgia,1209966507.09377,1.2224343194512e-4
2008,GEO,Georgia,1183592100.6373,1.1799817069399e-4
2009,GEO,Georgia,1104028701.95771,1.1709784291586e-4
2010,GEO,Georgia,1237871728.99508,1.2009738501168e-4
2011,GEO,Georgia,1410590634.04608,1.3112292133307e-4
2012,GEO,Georgia,1489211375.3757,1.3523155128939e-4
2013,GEO,Georgia,1557800320.7815,1.3689562920434e-4
2014,GEO,Georgia,1558689082.88765,1.3132481076043e-4
2015,GEO,Georgia,1406479211.95941,1.1424323217917e-4
2016,GEO,Georgia,1385018997.02677,1.0953400166291e-4
2017,GEO,Georgia,1569008624.77794,1.1986102012015e-4
2018,GEO,Georgia,1627390170.397,1.194530626034e-4
2019,GEO,Georgia,1660954509.08866,1.2007281937058e-4
2020,GEO,Georgia,1562722732.61301,1.1540352862898e-4
2021,GEO,Georgia,1674316829.66022,1.1321850519583e-4
2022,GEO,Georgia,1898642780.19168,1.2567002126166e-4
2023,GEO,Georgia,1960925797.7572,1.2778119545487e-4
1970,GHA,Ghana,4760381567.71297,0.00169401469662169
1971,GHA,Ghana,4467352037.49035,0.00154116771304075
1972,GHA,Ghana,4059267968.26023,0.0013168120684237
1973,GHA,Ghana,4932963376.97694,0.00146796874382525
1974,GHA,Ghana,4652242446.33552,0.00136649959114228
1975,GHA,Ghana,5075737903.94419,0.00153592358996046
1976,GHA,Ghana,4852954462.98141,0.0013721226202346
1977,GHA,Ghana,4990900866.27922,0.00135797594544089
1978,GHA,Ghana,4835711162.71032,0.00127190318880091
1979,GHA,Ghana,4023206848.03515,0.00101667309831209
1980,GHA,Ghana,3965269358.73287,0.00100070683261467
1981,GHA,Ghana,3201046285.26838,7.9782932416302e-4
1982,GHA,Ghana,2545111138.22897,6.4567266418955e-4
1983,GHA,Ghana,2260941547.6086,5.6297081047156e-4
1984,GHA,Ghana,2552698190.40847,6.0290101153818e-4
1985,GHA,Ghana,3172767272.46249,7.1932032428435e-4
1986,GHA,Ghana,3524530600.47674,7.826906769095e-4
1987,GHA,Ghana,3877328864.60696,8.2316545237339e-4
1988,GHA,Ghana,4073404611.87685,8.1895054686445e-4
1989,GHA,Ghana,4097569097.50302,8.0075166692375e-4
1990,GHA,Ghana,4338521115.43972,8.3899808335409e-4
1991,GHA,Ghana,4384088014.44254,8.4962552036797e-4
1992,GHA,Ghana,4537358493.11187,8.8400871573503e-4
1993,GHA,Ghana,2506179447.78979,4.9156449286855e-4
1994,GHA,Ghana,2543430669.67133,4.80787357996e-4
1995,GHA,Ghana,2589649778.88059,4.6602816864238e-4
1996,GHA,Ghana,2679328646.88892,4.7042157957582e-4
1997,GHA,Ghana,2875932319.58214,4.8202439390622e-4
1998,GHA,Ghana,2991135173.23949,4.9441771650474e-4
1999,GHA,Ghana,3134621362.57972,5.0102465893655e-4
2000,GHA,Ghana,3253736975.41081,4.886778134002e-4
2001,GHA,Ghana,3374125243.4502,5.1063802822397e-4
2002,GHA,Ghana,3536106757.69134,5.2810725738538e-4
2003,GHA,Ghana,3698767668.91774,5.3341130027368e-4
2004,GHA,Ghana,3868910982.64542,4.6192470160806e-4
2005,GHA,Ghana,4062356531.00615,4.6465298808441e-4
2006,GHA,Ghana,4233014364.19529,4.5359692744827e-4
2007,GHA,Ghana,4181479996.97593,4.2245670639922e-4
2008,GHA,Ghana,4336315235.92341,4.3230878705251e-4
2009,GHA,Ghana,4279673859.25181,4.5391988126137e-4
2010,GHA,Ghana,4604897501.66379,4.4676369549662e-4
2011,GHA,Ghana,5387894894.20382,5.0083738067729e-4
2012,GHA,Ghana,5492356449.74439,4.9874711892114e-4
2013,GHA,Ghana,5429054504.20796,4.7709184702529e-4
2014,GHA,Ghana,5289648481.4607,4.4567071999383e-4
2015,GHA,Ghana,5483227487.26323,4.4538278674306e-4
2016,GHA,Ghana,5917448321.80945,4.6798043616204e-4
2017,GHA,Ghana,6480562431.9361,4.9506854951429e-4
2018,GHA,Ghana,6749170721.87764,4.9540001373171e-4
2019,GHA,Ghana,7175814982.12135,5.1875011113804e-4
2020,GHA,Ghana,7313111696.0755,5.4005670831565e-4
2021,GHA,Ghana,7908545250.2096205,5.3478150350079e-4
2022,GHA,Ghana,7712257614.22289,5.1046968311594e-4
2023,GHA,Ghana,7784925222.52486,5.0729459146223e-4
1970,GIN,Guinea,256230943.656156,9.118155301389e-5
1971,GIN,Guinea,269977743.105708,9.313816717875e-5
1972,GIN,Guinea,276253117.531253,8.961552722047e-5
1973,GIN,Guinea,280597729.863201,8.350126801061e-5
1974,GIN,Guinea,295300063.628954,8.673826028372e-5
1975,GIN,Guinea,303710332.888079,9.190306387472e-5
1976,GIN,Guinea,327839709.985637,9.269328309462e-5
1977,GIN,Guinea,317030676.449623,8.626098656742e-5
1978,GIN,Guinea,338532443.576559,8.904181412197e-5
1979,GIN,Guinea,334152942.062739,8.444117335973e-5
1980,GIN,Guinea,342440129.980658,8.642090784536e-5
1981,GIN,Guinea,345424830.732565,8.60937439489e-5
1982,GIN,Guinea,352514461.41821,8.942986734466e-5
1983,GIN,Guinea,355785177.241404,8.858993714243e-5
1984,GIN,Guinea,359121917.623834,8.481808316176e-5
1985,GIN,Guinea,376036888.088797,8.525396067672e-5
1986,GIN,Guinea,396147105.317624,8.797218159344e-5
1987,GIN,Guinea,409986574.071397,8.704105209984e-5
1988,GIN,Guinea,421033598.504238,8.464803489886e-5
1989,GIN,Guinea,433915463.913686,8.479625913925e-5
1990,GIN,Guinea,455611237.137135,8.810766262086e-5
1991,GIN,Guinea,492344889.978544,9.54152339028e-5
1992,GIN,Guinea,506130546.912826,9.860887462383e-5
1993,GIN,Guinea,521314463.294188,1.0225112970272e-4
1994,GIN,Guinea,539560469.584591,1.0199367953842e-4
1995,GIN,Guinea,554999699.888979,9.987663036356e-5
1996,GIN,Guinea,568813748.056163,9.986914526358e-5
1997,GIN,Guinea,594410366.718646,9.962692612695e-5
1998,GIN,Guinea,625340325.760691,1.0336521688054e-4
1999,GIN,Guinea,666183733.213632,1.0647999841606e-4
2000,GIN,Guinea,712578671.776796,1.0702198420803e-4
2001,GIN,Guinea,751770498.724465,1.1377248247995e-4
2002,GIN,Guinea,796124958.149207,1.1889894649524e-4
2003,GIN,Guinea,764279959.823284,1.1021929562332e-4
2004,GIN,Guinea,787208358.617834,9.398794332282e-5
2005,GIN,Guinea,814760651.169545,9.319245325957e-5
2006,GIN,Guinea,877175830.233979,9.399549049289e-5
2007,GIN,Guinea,830954039.6901,8.395164081389e-5
2008,GIN,Guinea,863719250.479263,8.610845872903e-5
2009,GIN,Guinea,789624684.790866,8.375085460927e-5
2010,GIN,Guinea,798206186.752063,7.744136446745e-5
2011,GIN,Guinea,788326518.538365,7.327971246951e-5
2012,GIN,Guinea,905753072.184062,8.224916560664e-5
2013,GIN,Guinea,902729714.606702,7.93296487579e-5
2014,GIN,Guinea,955393526.945501,8.049512600384e-5
2015,GIN,Guinea,1065746196.99852,8.656671864929e-5
2016,GIN,Guinea,1145886588.8974,9.062225413748e-5
2017,GIN,Guinea,1208931995.24214,9.235374485346e-5
2018,GIN,Guinea,1314801394.38745,9.650854240842e-5
2019,GIN,Guinea,1321412713.02707,9.552684865062e-5
2020,GIN,Guinea,1313757696.14593,9.701802548505e-5
2021,GIN,Guinea,1404030372.09903,9.494154102892e-5
2022,GIN,Guinea,1455485981.10375,9.633773983165e-5
2023,GIN,Guinea,1630879155.70873,1.0627413255373e-4
1970,GMB,Gambia,22302597.8363162,7.9365336518e-6
1971,GMB,Gambia,22302597.8363162,7.69405307972e-6
1972,GMB,Gambia,22302597.8363162,7.23488328873e-6
1973,GMB,Gambia,24330104.2587501,7.24023874828e-6
1974,GMB,Gambia,25794411.4118378,7.57657260012e-6
1975,GMB,Gambia,27130536.555091,8.20972869203e-6
1976,GMB,Gambia,26572643.1139814,7.51313967073e-6
1977,GMB,Gambia,16221939.089397,4.41383302574e-6
1978,GMB,Gambia,2852527.0157865,7.5028017295e-7
1979,GMB,Gambia,13893920.9495468,3.51102396496e-6
1980,GMB,Gambia,33494379.6646594,8.45290736953e-6
1981,GMB,Gambia,40888693.5388381,1.019110497781e-5
1982,GMB,Gambia,42951860.6541739,1.089651523814e-5
1983,GMB,Gambia,39832256.99801,9.91816795476e-6
1984,GMB,Gambia,38691988.0735657,9.13834578471e-6
1985,GMB,Gambia,43027532.3967122,9.75507369399e-6
1986,GMB,Gambia,48277072.3580542,1.072086434375e-5
1987,GMB,Gambia,48964052.8578784,1.039517619686e-5
1988,GMB,Gambia,48028542.7049392,9.65605066548e-6
1989,GMB,Gambia,48952182.7777011,9.56629187356e-6
1990,GMB,Gambia,48661365.9769689,9.41030173686e-6
1991,GMB,Gambia,49740058.9144111,9.63950160194e-6
1992,GMB,Gambia,52195680.3492352,1.016922873131e-5
1993,GMB,Gambia,52668034.2365625,1.033035984821e-5
1994,GMB,Gambia,53455302.2080311,1.010471165026e-5
1995,GMB,Gambia,54782617.6714059,9.85856975528e-6
1996,GMB,Gambia,54976987.419419,9.65255281101e-6
1997,GMB,Gambia,55801642.2330901,9.35270715281e-6
1998,GMB,Gambia,56638666.8612319,9.36205109883e-6
1999,GMB,Gambia,57488246.8709924,9.18867893431e-6
2000,GMB,Gambia,58638011.8179315,8.80682600157e-6
2001,GMB,Gambia,59612530.8151175,9.02172355693e-6
2002,GMB,Gambia,62399477.4547746,9.31918043176e-6
2003,GMB,Gambia,63436197.352249,9.14834008051e-6
2004,GMB,Gambia,67036858.5542471,8.00379771551e-6
2005,GMB,Gambia,78793281.1439687,9.01238806714e-6
2006,GMB,Gambia,82037996.2061523,8.79094182336e-6
2007,GMB,Gambia,85230282.926645,8.61085181244e-6
2008,GMB,Gambia,78173461.3455667,7.79350033734e-6
2009,GMB,Gambia,74839336.2653373,7.93776903298e-6
2010,GMB,Gambia,75151536.0952739,7.29114556318e-6
2011,GMB,Gambia,78096151.0314265,7.25950904603e-6
2012,GMB,Gambia,80021787.9017994,7.266577931e-6
2013,GMB,Gambia,82565184.2933148,7.25562365305e-6
2014,GMB,Gambia,85254985.757484,7.1830200095e-6
2015,GMB,Gambia,87503923.9425225,7.10762805063e-6
2016,GMB,Gambia,81338382.5638043,6.43263272931e-6
2017,GMB,Gambia,74939617.9658969,5.72485001991e-6
2018,GMB,Gambia,74036770.4273265,5.43441833045e-6
2019,GMB,Gambia,70204056.197692,5.07515342098e-6
2020,GMB,Gambia,49398403.200126,3.64796001169e-6
2021,GMB,Gambia,35467480.5539148,2.39833647983e-6
2022,GMB,Gambia,26827093.9893043,1.77566918179e-6
2023,GMB,Gambia,32633416.0117216,2.12651438138e-6
1970,GNB,Guinea-Bissau,64231772.6885556,2.285732044306e-5
1971,GNB,Guinea-Bissau,59257994.0860225,2.0443096147e-5
1972,GNB,Guinea-Bissau,63886714.0573684,2.072462245421e-5
1973,GNB,Guinea-Bissau,61760412.6065454,1.837888270877e-5
1974,GNB,Guinea-Bissau,62472284.4207627,1.834993599397e-5
1975,GNB,Guinea-Bissau,73854388.4736203,2.234841507292e-5
1976,GNB,Guinea-Bissau,45855778.2938232,1.29652464587e-5
1977,GNB,Guinea-Bissau,60160822.6392247,1.636917907025e-5
1978,GNB,Guinea-Bissau,82194255.2922548,2.161897844798e-5
1979,GNB,Guinea-Bissau,82214243.9691921,2.077571780391e-5
1980,GNB,Guinea-Bissau,71361277.9635717,1.800929822963e-5
1981,GNB,Guinea-Bissau,68674754.8906051,1.711650766612e-5
1982,GNB,Guinea-Bissau,74942510.6924394,1.901226622799e-5
1983,GNB,Guinea-Bissau,72840122.7294226,1.813707345561e-5
1984,GNB,Guinea-Bissau,93123092.3082683,2.199398532939e-5
1985,GNB,Guinea-Bissau,93193573.4824771,2.112856876722e-5
1986,GNB,Guinea-Bissau,88381457.232371,1.962682422961e-5
1987,GNB,Guinea-Bissau,84075970.1696031,1.784951352724e-5
1988,GNB,Guinea-Bissau,72271927.8189821,1.453013890094e-5
1989,GNB,Guinea-Bissau,74824960.4771139,1.462237985591e-5
1990,GNB,Guinea-Bissau,73715989.3215855,1.425545067264e-5
1991,GNB,Guinea-Bissau,72892086.3285122,1.412630781443e-5
1992,GNB,Guinea-Bissau,68999930.6192494,1.344318288826e-5
1993,GNB,Guinea-Bissau,71779355.6148738,1.407887315187e-5
1994,GNB,Guinea-Bissau,72817469.4282454,1.376476235811e-5
1995,GNB,Guinea-Bissau,75927346.9657501,1.366373273517e-5
1996,GNB,Guinea-Bissau,78575205.4753866,1.379579631567e-5
1997,GNB,Guinea-Bissau,78933985.0592097,1.322983369521e-5
1998,GNB,Guinea-Bissau,77454864.852632,1.28028508224e-5
1999,GNB,Guinea-Bissau,86379322.5902727,1.380650663477e-5
2000,GNB,Guinea-Bissau,82011160.5766952,1.231723244008e-5
2001,GNB,Guinea-Bissau,77154283.4071433,1.167648154867e-5
2002,GNB,Guinea-Bissau,78492843.9449673,1.172267789992e-5
2003,GNB,Guinea-Bissau,80015213.2803923,1.153925382127e-5
2004,GNB,Guinea-Bissau,77204019.9053177,9.21769563003e-6
2005,GNB,Guinea-Bissau,85879795.1520864,9.8229446699e-6
2006,GNB,Guinea-Bissau,90209032.9497012,9.66652523557e-6
2007,GNB,Guinea-Bissau,79584884.4483616,8.0404947979e-6
2008,GNB,Guinea-Bissau,88526641.8375412,8.82566028354e-6
2009,GNB,Guinea-Bissau,91158351.3278995,9.66863115545e-6
2010,GNB,Guinea-Bissau,92873179.286695,9.01048606959e-6
2011,GNB,Guinea-Bissau,96153625.7097628,8.93806040925e-6
2012,GNB,Guinea-Bissau,101092676.224125,9.17997247122e-6
2013,GNB,Guinea-Bissau,102563146.604933,9.01299499066e-6
2014,GNB,Guinea-Bissau,102868052.963306,8.66698030865e-6
2015,GNB,Guinea-Bissau,112188240.2299,9.11264600811e-6
2016,GNB,Guinea-Bissau,119086476.281044,9.41793456912e-6
2017,GNB,Guinea-Bissau,122418821.658729,9.35192108838e-6
2018,GNB,Guinea-Bissau,172209381.023614,1.264044624731e-5
2019,GNB,Guinea-Bissau,168705251.931261,1.219594825214e-5
2020,GNB,Guinea-Bissau,167930068.482834,1.240125459327e-5
2021,GNB,Guinea-Bissau,178740523.263269,1.208656241357e-5
2022,GNB,Guinea-Bissau,187308250.971678,1.239782023647e-5
2023,GNB,Guinea-Bissau,194298281.570998,1.266119642179e-5
1970,GNQ,Guinea Ecuatorial,12018170.7136737,4.27674914833e-6
1971,GNQ,Guinea Ecuatorial,12526441.1022016,4.32142943381e-6
1972,GNQ,Guinea Ecuatorial,12810281.2182734,4.15560959267e-6
1973,GNQ,Guinea Ecuatorial,13749855.4736407,4.09173077619e-6
1974,GNQ,Guinea Ecuatorial,14150213.3800227,4.15633127925e-6
1975,GNQ,Guinea Ecuatorial,15118174.9014137,4.57477551198e-6
1976,GNQ,Guinea Ecuatorial,15091933.4636034,4.26708790417e-6
1977,GNQ,Guinea Ecuatorial,16297359.2912814,4.4343541346e-6
1978,GNQ,Guinea Ecuatorial,15444923.076792,4.06236978412e-6
1979,GNQ,Guinea Ecuatorial,14560970.565343799,3.67958884995e-6
1980,GNQ,Guinea Ecuatorial,15585117.9070149,3.93318399475e-6
1981,GNQ,Guinea Ecuatorial,15832836.2573143,3.94617881937e-6
1982,GNQ,Guinea Ecuatorial,17186167.8994985,4.35998202522e-6
1983,GNQ,Guinea Ecuatorial,17254856.1950625,4.29643145218e-6
1984,GNQ,Guinea Ecuatorial,16824943.8762269,3.97374657143e-6
1985,GNQ,Guinea Ecuatorial,22242400.5532071,5.04273065272e-6
1986,GNQ,Guinea Ecuatorial,15032670.4689468,3.33829731071e-6
1987,GNQ,Guinea Ecuatorial,27130011.9193247,5.75976124654e-6
1988,GNQ,Guinea Ecuatorial,15880466.8258484,3.19273880958e-6
1989,GNQ,Guinea Ecuatorial,16117719.1059086,3.14974320968e-6
1990,GNQ,Guinea Ecuatorial,16407506.284492,3.17293980115e-6
1991,GNQ,Guinea Ecuatorial,16601117.709785,3.21725595526e-6
1992,GNQ,Guinea Ecuatorial,28785232.8084988,5.60819620618e-6
1993,GNQ,Guinea Ecuatorial,42301196.7207923,8.29699817869e-6
1994,GNQ,Guinea Ecuatorial,50214162.3804001,9.49203560086e-6
1995,GNQ,Guinea Ecuatorial,50235323.469742,9.04024783145e-6
1996,GNQ,Guinea Ecuatorial,190857761.1961,3.350974118103e-5
1997,GNQ,Guinea Ecuatorial,197537782.837807,3.310857818093e-5
1998,GNQ,Guinea Ecuatorial,204451605.238357,3.379469329973e-5
1999,GNQ,Guinea Ecuatorial,213651927.472749,3.414922305164e-5
2000,GNQ,Guinea Ecuatorial,241426678.045293,3.625980280989e-5
2001,GNQ,Guinea Ecuatorial,278316674.449654,4.212027343641e-5
2002,GNQ,Guinea Ecuatorial,316167742.174411,4.721873253127e-5
2003,GNQ,Guinea Ecuatorial,370880569.958889,5.348589172833e-5
2004,GNQ,Guinea Ecuatorial,447300511.398652,5.3404990754179997e-05
2005,GNQ,Guinea Ecuatorial,526472701.916361,6.02180316334e-5
2006,GNQ,Guinea Ecuatorial,619658370.155272,6.640070375085e-5
2007,GNQ,Guinea Ecuatorial,1393313557.73509,1.4076706262085e-4
2008,GNQ,Guinea Ecuatorial,2400659241.03361,2.3933363423857e-4
2009,GNQ,Guinea Ecuatorial,2728884279.20926,2.894367348383e-4
2010,GNQ,Guinea Ecuatorial,2394565444.85092,2.3231894018565e-4
2011,GNQ,Guinea Ecuatorial,2600305179.75433,2.417140758612e-4
2012,GNQ,Guinea Ecuatorial,2467345134.93563,2.2405342564584e-4
2013,GNQ,Guinea Ecuatorial,2595512491.40524,2.2808720147163e-4
2014,GNQ,Guinea Ecuatorial,2619722978.9419,2.2072049405578e-4
2015,GNQ,Guinea Ecuatorial,2352913524.4562,1.911186768964e-4
2016,GNQ,Guinea Ecuatorial,2479812712.53104,1.9611558423472e-4
2017,GNQ,Guinea Ecuatorial,2711936937.9336,2.0717255644675e-4
2018,GNQ,Guinea Ecuatorial,2432248162.86717,1.7853093704942e-4
2019,GNQ,Guinea Ecuatorial,2147634941.69634,1.5525565632122e-4
2020,GNQ,Guinea Ecuatorial,1993186853.95989,1.4719232744459e-4
2021,GNQ,Guinea Ecuatorial,2207284971.46525,1.4925819330218e-4
2022,GNQ,Guinea Ecuatorial,2486746464.40378,1.6459624965494e-4
2023,GNQ,Guinea Ecuatorial,2293309609.90165,1.4944055702492e-4
1970,GRC,Grecia,10289475243.5171,0.00366158091218246
1971,GRC,Grecia,11400586523.1323,0.0039330269277479
1972,GRC,Grecia,12299918321.7757,0.0039900496871316
1973,GRC,Grecia,14458648807.2038,0.00430265601118827
1974,GRC,Grecia,14048874310.0634,0.00412656503227441
1975,GRC,Grecia,14817044851.9252,0.00448365324456366
1976,GRC,Grecia,16296786094.2483,0.00460774750878357
1977,GRC,Grecia,16529451126.1265,0.0044975040823351
1978,GRC,Grecia,17615082034.4891,0.0046331714729833
1979,GRC,Grecia,18587722113.7524,0.00469715770174284
1980,GRC,Grecia,18614246763.5543,0.00469763898365199
1981,GRC,Grecia,18559944332.9542,0.00462588370302889
1982,GRC,Grecia,18159150621.549,0.00460681931925131
1983,GRC,Grecia,17843778810.8919,0.00444307223672734
1984,GRC,Grecia,18060779678.3354,0.00426562857221064
1985,GRC,Grecia,18698624387.008,0.00423929629962891
1986,GRC,Grecia,18681915946.5337,0.0041486833555030404
1987,GRC,Grecia,18234338601.8007,0.00387119022090029
1988,GRC,Grecia,19048875067.0766,0.00382974149139265
1989,GRC,Grecia,19465959507.7873,0.00380406020087122
1990,GRC,Grecia,18955934367.8014,0.00366576355850222
1991,GRC,Grecia,18813494914.4841,0.00364600923932209
1992,GRC,Grecia,18524021186.2483,0.0036090152902759
1993,GRC,Grecia,17736009370.7743,0.0034787582587294
1994,GRC,Grecia,17948833129.0404,0.00339288668730948
1995,GRC,Grecia,18135111108.0482,0.00326355814084759
1996,GRC,Grecia,17738114009.953,0.00311435912162071
1997,GRC,Grecia,18009839045.0188,0.00301856260347782
1998,GRC,Grecia,18794187757.9392,0.00310657287506606
1999,GRC,Grecia,20092192965.8795,0.00321145138873571
2000,GRC,Grecia,20237552883.5407,0.00303947220271269
2001,GRC,Grecia,22451838843.9742,0.00339784740935287
2002,GRC,Grecia,23861833810.1133,0.00356369546316301
2003,GRC,Grecia,25449905028.6578,0.00367021347332966
2004,GRC,Grecia,25192768692.917,0.00300786505901966
2005,GRC,Grecia,25885304603.1437,0.00296076526999148
2006,GRC,Grecia,25070128243.0045,0.00268643859041637
2007,GRC,Grecia,25742541160.2269,0.0026007799058613
2008,GRC,Grecia,23877065039.6795,0.00238042311595915
2009,GRC,Grecia,23745692704.184,0.00251856621958491
2010,GRC,Grecia,21619679355.408,0.00209752504605898
2011,GRC,Grecia,19036656333.0168,0.00176957221361886
2012,GRC,Grecia,17652459207.0518,0.00160297556284787
2013,GRC,Grecia,15814252973.5006,0.00138971733560691
2014,GRC,Grecia,16225383227.0192,0.00136704324499171
2015,GRC,Grecia,16137377917.9816,0.00131078098884858
2016,GRC,Grecia,15583590891.6058,0.00123242574600035
2017,GRC,Grecia,16184260036.6382,0.00123636153890225
2018,GRC,Grecia,17388699288.082,0.00127635856627079
2019,GRC,Grecia,17743714815.5519,0.00128271897415172
2020,GRC,Grecia,17718555740.7935,0.00130847514534962
2021,GRC,Grecia,20097722239.7914,0.00135902239619254
2022,GRC,Grecia,20891829380.750702,0.00138281759468674
2023,GRC,Grecia,22078164840.6709,0.00143869507964928
1970,GRD,Granada,3313485.32798433,1.17912666512e-6
1971,GRD,Granada,3559287.84924743,1.22789954063e-6
1972,GRD,Granada,3813141.45987287,1.23696950588e-6
1973,GRD,Granada,4124648.31136663,1.2274274787e-6
1974,GRD,Granada,4329570.5578159,1.27172142581e-6
1975,GRD,Granada,4617145.73083813,1.3971531195e-6
1976,GRD,Granada,5065277.07934713,1.43215464133e-6
1977,GRD,Granada,5150960.03873618,1.40152650111e-6
1978,GRD,Granada,5358254.66190818,1.4093441402e-6
1979,GRD,Granada,5351973.00666055,1.35245518917e-6
1980,GRD,Granada,6928669.02095215,1.74857388059e-6
1981,GRD,Granada,6193715.35697869,1.54372267594e-6
1982,GRD,Granada,9799387.11052658,2.48601968222e-6
1983,GRD,Granada,8279225.44632885,2.06151382574e-6
1984,GRD,Granada,9573247.52161167,2.2610274243e-6
1985,GRD,Granada,11426336.3667993,2.5905448698e-6
1986,GRD,Granada,12054502.4386978,2.67693708554e-6
1987,GRD,Granada,14542039.0110315,3.08730689063e-6
1988,GRD,Granada,16539606.4740496,3.32525763027e-6
1989,GRD,Granada,18719341.9392492,3.65815533671e-6
1990,GRD,Granada,19680435.7392724,3.8058701169e-6
1991,GRD,Granada,20823697.5414771,4.03558158535e-6
1992,GRD,Granada,23198164.3193534,4.51967361152e-6
1993,GRD,Granada,20308601.2640361,3.98334895373e-6
1994,GRD,Granada,21847607.8939767,4.12987615629e-6
1995,GRD,Granada,23531092.0474782,4.23460802401e-6
1996,GRD,Granada,24887930.6752374,4.36968405283e-6
1997,GRD,Granada,26207078.8243759,4.39247168661e-6
1998,GRD,Granada,29913257.0618859,4.94449210522e-6
1999,GRD,Granada,33236254.3292902,5.31234272453e-6
2000,GRD,Granada,34228756.4055516,5.14080700501e-6
2001,GRD,Granada,34595336.7570817,5.23563687556e-6
2002,GRD,Granada,36811232.9118528,5.49765054795e-6
2003,GRD,Granada,35952231.1925959,5.18478804422e-6
2004,GRD,Granada,30147130.4019484,3.59938604887e-6
2005,GRD,Granada,35837332.8734596,4.09907985119e-6
2006,GRD,Granada,34923617.6688996,3.74230850808e-6
2007,GRD,Granada,35536408.7042931,3.59025851835e-6
2008,GRD,Granada,33785577.1745974,3.36825186675e-6
2009,GRD,Granada,32007388.9022502,3.39483583277e-6
2010,GRD,Granada,33251054.3270647,3.225992306e-6
2011,GRD,Granada,33204036.2934695,3.08651577131e-6
2012,GRD,Granada,33130534.7444483,3.0085007962e-6
2013,GRD,Granada,32382842.1396918,2.84572386524e-6
2014,GRD,Granada,32889412.9618529,2.77104393727e-6
2015,GRD,Granada,34090306.6666667,2.76903262164e-6
2016,GRD,Granada,35641400.0526456,2.81869431467e-6
2017,GRD,Granada,36605112.4400754,2.7963683879e-6
2018,GRD,Granada,40060338.5230857,2.94049344315e-6
2019,GRD,Granada,41336585.2812633,2.98828192507e-6
2020,GRD,Granada,37103184.0694296,2.73998597167e-6
2021,GRD,Granada,41230744.232484,2.78805250441e-6
2022,GRD,Granada,44635261.3101806,2.9543810433299998e-06
2023,GRD,Granada,49592303.0786317,3.23161834068e-6
1970,GRL,Groenlandia,36930509.5198321,1.314197716935e-5
1971,GRL,Groenlandia,41753943.2601268,1.440446794983e-5
1972,GRL,Groenlandia,44333223.9807675,1.438153992948e-5
1973,GRL,Groenlandia,47350547.8992747,1.409074404313e-5
1974,GRL,Groenlandia,50052507.6352358,1.470188452303e-5
1975,GRL,Groenlandia,50375924.8810165,1.524380747294e-5
1976,GRL,Groenlandia,53378013.2425399,1.509208049487e-5
1977,GRL,Groenlandia,58087163.9851195,1.580495656878e-5
1978,GRL,Groenlandia,61582108.2358978,1.619750998412e-5
1979,GRL,Groenlandia,64575364.7040859,1.631833474841e-5
1980,GRL,Groenlandia,70177892.3979737,1.771064966027e-5
1981,GRL,Groenlandia,70644817.5909078,1.760752643083e-5
1982,GRL,Groenlandia,67522569.0011613,1.712989125113e-5
1983,GRL,Groenlandia,69856809.2785462,1.739423320257e-5
1984,GRL,Groenlandia,66238762.5019866,1.564439425919e-5
1985,GRL,Groenlandia,68660629.8941113,1.556653303558e-5
1986,GRL,Groenlandia,73532973.6373798,1.632942920218e-5
1987,GRL,Groenlandia,77590750.4708833,1.647268711054e-5
1988,GRL,Groenlandia,81937266.0625244,1.647333747667e-5
1989,GRL,Groenlandia,87390779.0822133,1.707800658358e-5
1990,GRL,Groenlandia,77158387.6593539,1.492115346183e-5
1991,GRL,Groenlandia,77060357.2619923,1.493410851305e-5
1992,GRL,Groenlandia,73114430.9232258,1.424480659402e-5
1993,GRL,Groenlandia,69479604.5676454,1.362779772778e-5
1994,GRL,Groenlandia,73528919.6475918,1.389924853671e-5
1995,GRL,Groenlandia,76273200.5166074,1.372597184497e-5
1996,GRL,Groenlandia,77645987.036417007,1.363264932497e-5
1997,GRL,Groenlandia,78360219.6991919,1.313366700241e-5
1998,GRL,Groenlandia,84682198.3811863,1.399748815326e-5
1999,GRL,Groenlandia,86753918.0892571,1.386638039954e-5
2000,GRL,Groenlandia,90185611.4436535,1.354495084682e-5
2001,GRL,Groenlandia,93913436.623193,1.421280143471e-5
2002,GRL,Groenlandia,96095911.6814103,1.435164485733e-5
2003,GRL,Groenlandia,81928998.7891897,1.181524704606e-5
2004,GRL,Groenlandia,100867862.897267,1.204301615613e-5
2005,GRL,Groenlandia,108425769.12068,1.240175676919e-5
2006,GRL,Groenlandia,56693673.6409039,6.07512140445e-6
2007,GRL,Groenlandia,68905349.7495858,6.96153685526e-6
2008,GRL,Groenlandia,85284727.6595561,8.50245776948e-6
2009,GRL,Groenlandia,58352708.4082143,6.18912920541e-6
2010,GRL,Groenlandia,55598249.6499717,5.39410040457e-6
2011,GRL,Groenlandia,66917925.9891728,6.22042549657e-6
2012,GRL,Groenlandia,73704166.2396994,6.69289054723e-6
2013,GRL,Groenlandia,76974477.3779369,6.764326193e-6
2014,GRL,Groenlandia,112138642.053368,9.4480586977e-6
2015,GRL,Groenlandia,101458004.267351,8.24106765275e-6
2016,GRL,Groenlandia,120408920.693952,9.52251987e-6
2017,GRL,Groenlandia,49761115.3449379,3.80139277335e-6
2018,GRL,Groenlandia,55043630.9698984,4.04029126866e-6
2019,GRL,Groenlandia,48933733.3795826,3.53749082052e-6
2020,GRL,Groenlandia,60298870.2663307,4.45293477585e-6
2021,GRL,Groenlandia,62844660.9289623,4.2496010575e-6
2022,GRL,Groenlandia,65683379.8119512,4.34754332074e-6
2023,GRL,Groenlandia,72455474.5585032,4.72146736348e-6
1970,GTM,Guatemala,2536490059.07168,9.0262752613055e-4
1971,GTM,Guatemala,2718500480.38219,9.3784083571001e-4
1972,GTM,Guatemala,2867336588.4496,9.3015377487422e-4
1973,GTM,Guatemala,3101349987.25763,9.2291073276669e-4
1974,GTM,Guatemala,3242116667.84677,9.523044321428e-4
1975,GTM,Guatemala,3194596705.61496,9.6668829900598e-4
1976,GTM,Guatemala,3528133044.29074,9.9754308312515e-4
1977,GTM,Guatemala,3905602932.84733,0.00106267685481079
1978,GTM,Guatemala,4157548392.99506,0.00109353079220735
1979,GTM,Guatemala,4389768585.69681,0.00110930404462626
1980,GTM,Guatemala,4638127633.49354,0.00117051468474744
1981,GTM,Guatemala,4493774540.69184,0.0011200291358613001
1982,GTM,Guatemala,4259761141.8838,0.00108066452736721
1983,GTM,Guatemala,4179066866.40889,0.00104058093111054
1984,GTM,Guatemala,4199688736.76958,9.9189030534736e-4
1985,GTM,Guatemala,4167411026.57962,9.4482298688703e-4
1986,GTM,Guatemala,4195205721.50387,9.3162715213605e-4
1987,GTM,Guatemala,4280383012.2445,9.0873473508231e-4
1988,GTM,Guatemala,4374526333.65497,8.7949051826918e-4
1989,GTM,Guatemala,4474945876.43743,8.7449907120162e-4
1990,GTM,Guatemala,4574468816.16675,8.8462645841888e-4
1991,GTM,Guatemala,4682957786.56592,9.0754575025981e-4
1992,GTM,Guatemala,4836276909.89904,9.4224667205581e-4
1993,GTM,Guatemala,4976146987.43503,9.7602634658707e-4
1994,GTM,Guatemala,5123189889.39615,9.6844193978085e-4
1995,GTM,Guatemala,5289061455.61169,9.518088677849e-4
1996,GTM,Guatemala,5389480998.53258,9.4625501330994e-4
1997,GTM,Guatemala,5532040885.08957,9.2720494030513e-4
1998,GTM,Guatemala,5729293558.58035,9.4701980163297e-4
1999,GTM,Guatemala,5881716078.86033,9.401086930472e-4
2000,GTM,Guatemala,5991101652.31264,8.9980182093263e-4
2001,GTM,Guatemala,6057450278.79885,9.1673078005477e-4
2002,GTM,Guatemala,6126535646.02461,9.1498027605032e-4
2003,GTM,Guatemala,6279859814.83241,9.0563898282e-4
2004,GTM,Guatemala,6587170171.24496,7.8646849964826e-4
2005,GTM,Guatemala,6758713352.65902,7.73062711495e-4
2006,GTM,Guatemala,7012655084.59503,7.5145476153647e-4
2007,GTM,Guatemala,7226036533.30581,7.3004955096965e-4
2008,GTM,Guatemala,7371223910.73773,7.3487389513206e-4
2009,GTM,Guatemala,7304035466.32143,7.7469616158579e-4
2010,GTM,Guatemala,7548528495.97969,7.3235256272414e-4
2011,GTM,Guatemala,7777371457.54635,7.2295366294955e-4
2012,GTM,Guatemala,8032151211.98317,7.2937951357873e-4
2013,GTM,Guatemala,8309579778.15564,7.302252650607e-4
2014,GTM,Guatemala,8593749483.59938,7.2405237006311e-4
2015,GTM,Guatemala,8908979979.13731,7.2364430244107e-4
2016,GTM,Guatemala,9173674298.80865,7.2549853688494e-4
2017,GTM,Guatemala,9448086086.55438,7.2176610034744e-4
2018,GTM,Guatemala,9758448005.93261,7.1628581871082e-4
2019,GTM,Guatemala,10075359794.0538,7.2836242655967e-4
2020,GTM,Guatemala,10011586627.9539,7.3933296030625e-4
2021,GTM,Guatemala,10829644084.0226,7.3230830227323e-4
2022,GTM,Guatemala,11237443072.2224,7.4379958386398e-4
2023,GTM,Guatemala,11452920543.284,7.4631476629269e-4
1970,GUY,Guyana,126271987.661413,4.493475991943e-5
1971,GUY,Guyana,141779074.341405,4.891159906944e-5
1972,GUY,Guyana,143994371.326902,4.671126110199e-5
1973,GUY,Guyana,144658961.377195,4.304812697516e-5
1974,GUY,Guyana,175008546.671876,5.140512564255e-5
1975,GUY,Guyana,198490698.295529,6.006349257374e-5
1976,GUY,Guyana,213776262.74467,6.044302455724e-5
1977,GUY,Guyana,224409702.171745,6.105971359434e-5
1978,GUY,Guyana,230070113.269489,6.051372815063e-5
1979,GUY,Guyana,239199945.656796,6.044634518002e-5
1980,GUY,Guyana,241025908.466208,6.082721036544e-5
1981,GUY,Guyana,255633308.567255,6.371408959201e-5
1982,GUY,Guyana,222766545.977813,5.651394435132e-5
1983,GUY,Guyana,186247313.825122,4.637528171534e-5
1984,GUY,Guyana,175290936.969171,4.14005398716e-5
1985,GUY,Guyana,169814704.783865,3.849988291721e-5
1986,GUY,Guyana,169813381.962008,3.771036939164e-5
1987,GUY,Guyana,162664835.737346,3.453410266981e-5
1988,GUY,Guyana,156547065.021164,3.147350109422e-5
1989,GUY,Guyana,144967555.410542,2.832972645063e-5
1990,GUY,Guyana,125907255.030912,2.434837651829e-5
1991,GUY,Guyana,139211254.498961,2.69788001872e-5
1992,GUY,Guyana,166036428.824308,3.234870033589e-5
1993,GUY,Guyana,171831924.367595,3.370328203548e-5
1994,GUY,Guyana,181544930.753621,3.431762801927e-5
1995,GUY,Guyana,198129569.948788,3.565499913932e-5
1996,GUY,Guyana,206239491.860799,3.621037965787e-5
1997,GUY,Guyana,215975681.224504,3.619888622964e-5
1998,GUY,Guyana,197164896.093035,3.259024151544e-5
1999,GUY,Guyana,227819508.909328,3.641370951943e-5
2000,GUY,Guyana,196119852.473398,2.945518380721e-5
2001,GUY,Guyana,217461025.178466,3.291041710092e-5
2002,GUY,Guyana,128661197.328488,1.921517553316e-5
2003,GUY,Guyana,136416253.897518,1.967303109666e-5
2004,GUY,Guyana,147590557.828872,1.762142491545e-5
2005,GUY,Guyana,178841808.015525,2.045595453145e-5
2006,GUY,Guyana,203165886.865786,2.177063768649e-5
2007,GUY,Guyana,214719376.450943,2.169319012434e-5
2008,GUY,Guyana,196595668.368646,1.959959788627e-5
2009,GUY,Guyana,204415022.815638,2.168110139606e-5
2010,GUY,Guyana,203667983.533176,1.975971472649e-5
2011,GUY,Guyana,217203141.538961,2.019034421036e-5
2012,GUY,Guyana,219846204.044249,1.996368259709e-5
2013,GUY,Guyana,237872200.202095,2.09036190855e-5
2014,GUY,Guyana,251699788.865319,2.120655588344e-5
2015,GUY,Guyana,254182566.585956,2.064633285971e-5
2016,GUY,Guyana,212902700.885098,1.683737540268e-5
2017,GUY,Guyana,216125338.444131,1.651042775076e-5
2018,GUY,Guyana,220983061.844711,1.622051306503e-5
2019,GUY,Guyana,253373606.215361,1.831674683797e-5
2020,GUY,Guyana,231658433.873438,1.710744980394e-5
2021,GUY,Guyana,239977345.714913,1.622744027975e-5
2022,GUY,Guyana,247687318.020221,1.639427429245e-5
2023,GUY,Guyana,309600693.333738,2.017472907597e-5
1970,HKG,Hong Kong,3193578361.84569,0.00113645694212255
1971,HKG,Hong Kong,3427048239.74878,0.00118227891014854
1972,HKG,Hong Kong,3792050168.79539,0.00123012756619713
1973,HKG,Hong Kong,4252659593.52868,0.00126552153023574
1974,HKG,Hong Kong,4361156067.07123,0.00128099901312209
1975,HKG,Hong Kong,4386567959.06377,0.00132738004498919
1976,HKG,Hong Kong,5066160874.60439,0.00143240452528821
1977,HKG,Hong Kong,5710647505.87459,0.00155381205791232
1978,HKG,Hong Kong,6180082149.29082,0.00162550365980274
1979,HKG,Hong Kong,6716703051.2497,0.00169732543204715
1980,HKG,Hong Kong,7795241203.05284,0.00196726891115088
1981,HKG,Hong Kong,8284880836.7819,0.00206492511814046
1982,HKG,Hong Kong,7659057240.4127,0.00194303652179163
1983,HKG,Hong Kong,8930361822.92814,0.00222364573669575
1984,HKG,Hong Kong,10335210404.4523,0.00244098923668968
1985,HKG,Hong Kong,9457651028.17038,0.00214421040698383
1986,HKG,Hong Kong,10852716284.7489,0.00241005705953241
1987,HKG,Hong Kong,12055053099.9591,0.00255931430758815
1988,HKG,Hong Kong,12350441083.7942,0.00248303359064793
1989,HKG,Hong Kong,11738439403.4671,0.00229393933225866
1990,HKG,Hong Kong,11121669254.0216,0.00215074651927251
1991,HKG,Hong Kong,9981165699.00299,0.00193432546813791
1992,HKG,Hong Kong,9286986582.49236,0.00180937369050754
1993,HKG,Hong Kong,7918354995.38989,0.00155311390854104
1994,HKG,Hong Kong,7033330526.84399,0.00132951782104245
1995,HKG,Hong Kong,6521385340.27969,0.0011735753969232
1996,HKG,Hong Kong,6016716104.97311,0.00105638145482722
1997,HKG,Hong Kong,5561692735.34657,9.3217477740839e-4
1998,HKG,Hong Kong,4853850290.91974,8.0231398385562e-4
1999,HKG,Hong Kong,4668545862.19566,7.4620068192582e-4
2000,HKG,Hong Kong,5159639279.00907,7.7492472804492e-4
2001,HKG,Hong Kong,4697901068.2735,7.109774431021e-4
2002,HKG,Hong Kong,4242982052.92511,6.3367702636009e-4
2003,HKG,Hong Kong,3797242723.67484,5.4761270779757e-4
2004,HKG,Hong Kong,3885629986.96248,4.6392085016639e-4
2005,HKG,Hong Kong,3946740468.70141,4.5142880443376e-4
2006,HKG,Hong Kong,4017161774.91129,4.3046682136851e-4
2007,HKG,Hong Kong,3983065797.97541,4.0241083530257e-4
2008,HKG,Hong Kong,3702429680.11852,3.6911359001289e-4
2009,HKG,Hong Kong,3399631177.2533,3.6057892051172e-4
2010,HKG,Hong Kong,3513328146.49719,3.4086045686234e-4
2011,HKG,Hong Kong,3539162405.94476,3.2898652701852e-4
2012,HKG,Hong Kong,3511229932.53191,3.1884598691723e-4
2013,HKG,Hong Kong,3514246115.107,3.0882323407479e-4
2014,HKG,Hong Kong,3500083170.84133,2.9489380858752e-4
2015,HKG,Hong Kong,3446447576.35373,2.7994250274785e-4
2016,HKG,Hong Kong,3431235525.10541,2.7135870231352e-4
2017,HKG,Hong Kong,3446185299.60807,2.6326387185575e-4
2018,HKG,Hong Kong,3489985516.13339,2.561705643349e-4
2019,HKG,Hong Kong,3504673013.89039,2.5335791404709e-4
2020,HKG,Hong Kong,3300228290.64792,2.4371437240511e-4
2021,HKG,Hong Kong,3480805830.03527,2.3537458739725e-4
2022,HKG,Hong Kong,3488018440.54094,2.3086983826394e-4
2023,HKG,Hong Kong,3618632259.87994,2.3580349476144e-4
1970,HND,Honduras,593527546.334173,2.1121088132079e-4
1971,HND,Honduras,632820310.656742,2.1831326986455e-4
1972,HND,Honduras,698997598.077344,2.2675233075138e-4
1973,HND,Honduras,787923327.990079,2.3447301948733e-4
1974,HND,Honduras,792059408.497117,2.3265100010517e-4
1975,HND,Honduras,823080011.904469,2.4906487108537e-4
1976,HND,Honduras,880985138.409853,2.4908942495207e-4
1977,HND,Honduras,1000931471.8288,2.7234379086988e-4
1978,HND,Honduras,1075380920.16462,2.8284990056486e-4
1979,HND,Honduras,1145694287.9934,2.8951943200772e-4
1980,HND,Honduras,1093993282.24857,2.7608882356746e-4
1981,HND,Honduras,1087789161.48801,2.7112075684e-4
1982,HND,Honduras,1038156195.99671,2.6337124019681e-4
1983,HND,Honduras,1104333483.31845,2.7497726192534e-4
1984,HND,Honduras,1189123132.82301,2.8084931556586e-4
1985,HND,Honduras,1203599414.49878,2.7287646612471e-4
1986,HND,Honduras,1253232379.99009,2.7830466266534e-4
1987,HND,Honduras,1335953989.24112,2.8362597249412e-4
1988,HND,Honduras,1402131276.66173,2.8189592864156e-4
1989,HND,Honduras,1455900322.66007,2.8451371593838e-4
1990,HND,Honduras,1466240523.82881,2.8354661795942e-4
1991,HND,Honduras,1491057006.57446,2.8896319620768e-4
1992,HND,Honduras,1582050776.74072,3.0822926544096e-4
1993,HND,Honduras,1681316707.82219,3.297751067111e-4
1994,HND,Honduras,1650296104.31598,3.1195719756249e-4
1995,HND,Honduras,1741289874.48223,3.1335902557111e-4
1996,HND,Honduras,1821943443.47975,3.1988666771982e-4
1997,HND,Honduras,1933617615.98348,3.2408650685015e-4
1998,HND,Honduras,1999794903.40408,3.3055478015995e-4
1999,HND,Honduras,2051495909.1489,3.2790245433189e-4
2000,HND,Honduras,2165238121.90615,3.2519648604056e-4
2001,HND,Honduras,2248564652.78287,3.4029638433251e-4
2002,HND,Honduras,2423126639.48024,3.6188691449712e-4
2003,HND,Honduras,2578489243.49434,3.7185230953326e-4
2004,HND,Honduras,2682568771.58622,3.2028257691025e-4
2005,HND,Honduras,2870273748.77852,3.2830236928019e-4
2006,HND,Honduras,3000729053.93623,3.2154898657637e-4
2007,HND,Honduras,3151341858.88302,3.183814112239e-4
2008,HND,Honduras,3258120257.71665,3.2481817858077e-4
2009,HND,Honduras,2992553353.9237,3.1740256565224e-4
2010,HND,Honduras,3127912101.89425,3.0346768181615e-4
2011,HND,Honduras,3265613825.56369,3.0355853386419e-4
2012,HND,Honduras,3324455139.31776,3.0188543622191e-4
2013,HND,Honduras,3436591735.74122,3.019991597811e-4
2014,HND,Honduras,3540799781.48747,2.9832432032114e-4
2015,HND,Honduras,3680508357.75974,2.9895441559152e-4
2016,HND,Honduras,3790282206.53749,2.9975385060063e-4
2017,HND,Honduras,3938888158.88145,3.0090284107237e-4
2018,HND,Honduras,4093257633.72517,3.0045171051633e-4
2019,HND,Honduras,4142618298.97619,2.9947590738482e-4
2020,HND,Honduras,3563043221.66668,2.6312265884197e-4
2021,HND,Honduras,4245185273.13588,2.8706247371434e-4
2022,HND,Honduras,4530257202.47265,2.9985499373298e-4
2023,HND,Honduras,4275742816.95541,2.7862325501201e-4
1990,HRV,Croacia,9411551460.89186,0.0018200380790993
1991,HRV,Croacia,6829737991.20216,0.00132358649635593
1992,HRV,Croacia,5596965100.16332,0.00109045074082649
1993,HRV,Croacia,4937883192.83861,9.6852124841759e-4
1994,HRV,Croacia,5251067181.13984,9.9261471790225e-4
1995,HRV,Croacia,5027781476.8305,9.0478944801341e-4
1996,HRV,Croacia,4996848820.00755,8.773188453529e-4
1997,HRV,Croacia,5308918458.26657,8.8980821444203e-4
1998,HRV,Croacia,5454722157.96053,9.016347029833e-4
1999,HRV,Croacia,5710494604.53174,9.127413746839e-4
2000,HRV,Croacia,6085291474.24076,9.1394816299169e-4
2001,HRV,Croacia,6171880977.6477,9.340486512695e-4
2002,HRV,Croacia,6296625300.0433,9.4038267107079e-4
2003,HRV,Croacia,6563376673.91352,9.4652587001836e-4
2004,HRV,Croacia,6786858223.00905,8.1031005199712e-4
2005,HRV,Croacia,6949739638.57729,7.9491232855277e-4
2006,HRV,Croacia,7212224630.10357,7.7284002623592e-4
2007,HRV,Croacia,7701927994.31564,7.7812906811839e-4
2008,HRV,Croacia,7721331115.67939,7.6977781997885e-4
2009,HRV,Croacia,6802388253.57186,7.2148938678586e-4
2010,HRV,Croacia,6441804164.72246,6.2497899969698e-4
2011,HRV,Croacia,6502480740.83135,6.0444486874567e-4
2012,HRV,Croacia,6130723848.57021,5.567156619119e-4
2013,HRV,Croacia,5989074637.00655,5.2630502757471e-4
2014,HRV,Croacia,6191700655.68798,5.2167165717687e-4
2015,HRV,Croacia,6432254381.34028,5.2246881750869e-4
2016,HRV,Croacia,6856323480.27465,5.422312250605e-4
2017,HRV,Croacia,7080398844.20694,5.4089175478199e-4
2018,HRV,Croacia,7071609055.18673,5.1906750731447e-4
2019,HRV,Croacia,7231298716.0074,5.2276111103024e-4
2020,HRV,Croacia,6828558205.20224,5.0427353226703e-4
2021,HRV,Croacia,7535184566.58148,5.0953458622059e-4
2022,HRV,Croacia,8046327305.27289,5.3258155461443e-4
2023,HRV,Croacia,7968921990.29267,5.1928450304996e-4
1970,HTI,Haití,765729566.451909,2.724901608739e-4
1971,HTI,Haití,877616991.863595,3.0276435815341e-4
1972,HTI,Haití,942301909.240289,3.0567938256072e-4
1973,HTI,Haití,937057186.428893,2.7885280220698e-4
1974,HTI,Haití,1059434057.46337,3.1118674984495e-4
1975,HTI,Haití,972022006.534046,2.9413487418966e-4
1976,HTI,Haití,1160832036.58582,3.2821323749118e-4
1977,HTI,Haití,1260481774.75633,3.4296492269577e-4
1978,HTI,Haití,1349642066.61538,3.5498688621134e-4
1979,HTI,Haití,1487753107.43915,3.759584377329e-4
1980,HTI,Haití,1708031475.6922,4.3105237334804e-4
1981,HTI,Haití,1496494312.79867,3.7298649872345e-4
1982,HTI,Haití,1456284769.21567,3.6944683972129e-4
1983,HTI,Haití,1552438024.83806,3.8655457235255e-4
1984,HTI,Haití,1461529492.02707,3.4518675668235e-4
1985,HTI,Haití,1449291804.78589,3.2857911137999e-4
1986,HTI,Haití,1423068190.04025,3.1602001265085e-4
1987,HTI,Haití,1368872718.28634,2.9061469112808e-4
1988,HTI,Haití,1391631897.33918,2.7978504763238e-4
1989,HTI,Haití,1401348174.09332,2.7385307230806e-4
1990,HTI,Haití,1411842734.03424,2.7302698692341e-4
1991,HTI,Haití,1462047303.33654,2.8334118676626e-4
1992,HTI,Haití,1424577226.1398,2.7754886153629e-4
1993,HTI,Haití,1445189656.20154,2.8346091540895e-4
1994,HTI,Haití,989447180.613232,1.8703623476597e-4
1995,HTI,Haití,1101973471.28804,1.9830893076933e-4
1996,HTI,Haití,1242657905.878,2.1817894405536e-4
1997,HTI,Haití,1330790360.23522,2.230488570405e-4
1998,HTI,Haití,1425722838.26574,2.3566391661951e-4
1999,HTI,Haití,1477148561.25681,2.3610119644346e-4
2000,HTI,Haití,1569228781.94973,2.3568201599671e-4
2001,HTI,Haití,1569829544.04218,2.3757703261712e-4
2002,HTI,Haití,1609198765.13214,0.00024032915425797001
2003,HTI,Haití,1648636220.81964,2.3775518468371e-4
2004,HTI,Haití,1683855267.88292,2.0104219137038e-4
2005,HTI,Haití,1749742329.66007,2.0013580680299e-4
2006,HTI,Haití,1818849311.24729,1.9490235281307e-4
2007,HTI,Haití,1830048741.34736,1.8489060437423e-4
2008,HTI,Haití,1842721362.37951,1.8371003806332e-4
2009,HTI,Haití,1982306942.8193,2.1025165975274e-4
2010,HTI,Haití,1800065395.10162,1.7464099206564e-4
2011,HTI,Haití,1861356080.37141,1.7302429280939e-4
2012,HTI,Haití,2041994468.06279,1.8542839801423e-4
2013,HTI,Haití,2113638881.37654,1.8574134355785e-4
2014,HTI,Haití,2272000625.98942,1.9142371338284e-4
2015,HTI,Haití,2413038504.70052,1.9600241212648e-4
2016,HTI,Haití,2440459871.99888,1.9300337125458e-4
2017,HTI,Haití,2460270423.31367,1.8794703741769e-4
2018,HTI,Haití,2491803775.11904,1.8290241501955e-4
2019,HTI,Haití,2516250087.92921,1.8190338184813e-4
2020,HTI,Haití,2410647272.14924,1.7802083228206e-4
2021,HTI,Haití,2370223958.8833,1.602762445257e-4
2022,HTI,Haití,2427652361.75633,1.6068484661819e-4
2023,HTI,Haití,2364700969.39049,1.5409268270508e-4
1970,HUN,Hungría,6074034424.41728,0.00216148714895817
1971,HUN,Hungría,6496703814.38296,0.00224126285009329
1972,HUN,Hungría,6908752312.18001,0.00224117463876816
1973,HUN,Hungría,7443116069.37159,0.00221494888802456
1974,HUN,Hungría,8054046125.75665,0.00236570876622232
1975,HUN,Hungría,8633837419.50462,0.0026126082188357
1976,HUN,Hungría,9152262334.01926,0.00258770739981638
1977,HUN,Hungría,9725112007.99346,0.00264610909481338
1978,HUN,Hungría,10266723390.3187,0.00270038424118044
1979,HUN,Hungría,10829400229.1012,0.00273661293084123
1980,HUN,Hungría,10284310967.1106,0.0025954303030779
1981,HUN,Hungría,11104192590.9942,0.00276761086242968
1982,HUN,Hungría,11758556138.22,0.0029830439051357
1983,HUN,Hungría,12052369996.1776,0.00300102075262755
1984,HUN,Hungría,12555036171.0884,0.00296527181939848
1985,HUN,Hungría,12470570193.1835,0.00282729044554516
1986,HUN,Hungría,12360334933.8815,0.00274485314864889
1987,HUN,Hungría,12834313511.3396,0.0027247530081601
1988,HUN,Hungría,12634106017.4224,0.00254006390672401
1989,HUN,Hungría,12494455572.1361,0.00244168088166948
1990,HUN,Hungría,11389509487.539,0.00220254238163826
1991,HUN,Hungría,9285848791.48151,0.00179957475432298
1992,HUN,Hungría,9434000145.48689,0.00183801618618333
1993,HUN,Hungría,9994006626.90748,0.0019602342536219
1994,HUN,Hungría,10667649048.602,0.0020165168499634
1995,HUN,Hungría,11545063590.2634,0.00207762643648134
1996,HUN,Hungría,12070793230.3718,0.00211932254923564
1997,HUN,Hungría,13759581662.9804,0.00230619266188608
1998,HUN,Hungría,15090367992.5583,0.00249435242875253
1999,HUN,Hungría,16014086406.3988,0.00255962403489249
2000,HUN,Hungría,16746347304.1877,0.00251512904850509
2001,HUN,Hungría,17514439760.4573,0.00265062448469822
2002,HUN,Hungría,18782890534.5997,0.0028051700601012
2003,HUN,Hungría,20359520511.0034,0.0029361125868986
2004,HUN,Hungría,21591912008.7712,0.00257794442842916
2005,HUN,Hungría,22734402256.4354,0.00260036455691138
2006,HUN,Hungría,24265420634.4198,0.00260020857385047
2007,HUN,Hungría,25760994870.0807,0.0026026442920335
2008,HUN,Hungría,24881595681.677,0.00248056976115722
2009,HUN,Hungría,20472172848.8745,0.00217136318662094
2010,HUN,Hungría,22383249434.4744,0.0021716060413843
2011,HUN,Hungría,22490454287.1423,0.00209062359912263
2012,HUN,Hungría,22185965889.188202,0.00201465193837345
2013,HUN,Hungría,21726747618.3626,0.0019092927033727
2014,HUN,Hungría,23281759181.7179,0.00196156671158874
2015,HUN,Hungría,25308927532.6,0.00205575287549737
2016,HUN,Hungría,25391305220.0777,0.00200806723530152
2017,HUN,Hungría,26215555274.8938,0.00200268064091099
2018,HUN,Hungría,26884921673.3258,0.00197339660159559
2019,HUN,Hungría,27400306414.8236,0.00198080803829534
2020,HUN,Hungría,25372679670.7783,0.00187371483352311
2021,HUN,Hungría,27153862420.8229,0.00183616365739027
2022,HUN,Hungría,28386487551.2351,0.00187888450177423
2023,HUN,Hungría,27326348374.6713,0.00178068617727682
1970,IDN,Indonesia,3805738554.36305,0.00135429837942342
1971,IDN,Indonesia,4286923888.82272,0.00147892277802853
1972,IDN,Indonesia,4934336884.27757,0.00160068130748947
1973,IDN,Indonesia,5686735770.88721,0.00169227900718194
1974,IDN,Indonesia,6605362318.49212,0.00194018798712348
1975,IDN,Indonesia,7419002974.94213,0.00224499804734712
1976,IDN,Indonesia,8136406564.50021,0.00230048470055441
1977,IDN,Indonesia,9256256070.15186,0.00251853792028499
1978,IDN,Indonesia,10813546788.9487,0.00284421136422941
1979,IDN,Indonesia,12204609846.7503,0.00308413138455601
1980,IDN,Indonesia,14916745368.2504,0.00376450819854304
1981,IDN,Indonesia,16430291965.7327,0.00409508878242372
1982,IDN,Indonesia,16631514923.7795,0.0042192713666003
1983,IDN,Indonesia,20642853591.5868,0.00514003735708839
1984,IDN,Indonesia,25196546941.469,0.00595096737066684
1985,IDN,Indonesia,28016791288.2581,0.00635188328176226
1986,IDN,Indonesia,30618007782.6709,0.00679932506013645
1987,IDN,Indonesia,33865877936.4806,0.00718980042835006
1988,IDN,Indonesia,37927280113.4025,0.00762521029690708
1989,IDN,Indonesia,42206693325.9406,0.00824808056481147
1990,IDN,Indonesia,47248731092.6478,0.00913712156120891
1991,IDN,Indonesia,52242832458.8074,0.0101245329854435
1992,IDN,Indonesia,57560286635.9345,0.0112144092523479
1993,IDN,Indonesia,64109270521.6802,0.0125744551452431
1994,IDN,Indonesia,72034464888.6066,0.0136167501915531
1995,IDN,Indonesia,79868144309.0327,0.0143729107035059
1996,IDN,Indonesia,89126842182.1063,0.0156483938357451
1997,IDN,Indonesia,93807178017.4081,0.0157226746332001
1998,IDN,Indonesia,83079011574.8148,0.0137324904470316
1999,IDN,Indonesia,86336072099.3066,0.0137995936586989
2000,IDN,Indonesia,91503616078.3572,0.0137429015809545
2001,IDN,Indonesia,94523560348.2167,0.0143051371820352
2002,IDN,Indonesia,99522114980.0612,0.014863338352835
2003,IDN,Indonesia,104829875683.178,0.0151178568920642
2004,IDN,Indonesia,111521114049.781,0.0133149502693442
2005,IDN,Indonesia,116648998926.325,0.0133423311062135
2006,IDN,Indonesia,121997575780.064,0.01307288867197
2007,IDN,Indonesia,127689293062.859,0.0129005037041414
2008,IDN,Indonesia,132359182760.924,0.0131955438296111
2009,IDN,Indonesia,135211804543.559,0.0143411223102589
2010,IDN,Indonesia,141269680665.935,0.0137058782683301
2011,IDN,Indonesia,150112450511.553,0.01395385915975
2012,IDN,Indonesia,158548433818.956,0.0143973857669679
2013,IDN,Indonesia,165475263349.766,0.0145415558026441
2014,IDN,Indonesia,173160391174.646,0.0145893468119279
2015,IDN,Indonesia,180657039369.112,0.0146741195447147
2016,IDN,Indonesia,188346733737.085,0.0148953707426759
2017,IDN,Indonesia,196432895563.277,0.0150060661716904
2018,IDN,Indonesia,204828452357.274,0.0150347386800449
2019,IDN,Indonesia,212607395094.066,0.0153696980912419
2020,IDN,Indonesia,206374157155.69,0.0152402633279524
2021,IDN,Indonesia,213368849812.606,0.0144281546976033
2022,IDN,Indonesia,223807584446.279,0.0148136891201019
2023,IDN,Indonesia,234191735349.101,0.0152608017818858
1970,IND,India,20209924188.619,0.00719184126443435
1971,IND,India,20870297790.3401,0.00719993160290254
1972,IND,India,21688496529.5831,0.00703567101246609
1973,IND,India,22653444958.0935,0.00674129252482436
1974,IND,India,23313818559.8146,0.00684794997196377
1975,IND,India,23805291575.7766,0.00720350608897877
1976,IND,India,25893013570.3195,0.00732098145508868
1977,IND,India,27504491290.2503,0.00748370656209678
1978,IND,India,30490709023.8291,0.0080197573286145
1979,IND,India,29906479128.8054,0.00755743215398873
1980,IND,India,29964625232.1067,0.00756211053871237
1981,IND,India,32370766363.7572,0.00806809535041452
1982,IND,India,34483408116.8552,0.00874814213600069
1983,IND,India,37901568332.0805,0.00943742958088561
1984,IND,India,40360317842.8874,0.0095323750159379
1985,IND,India,41975948855.9137,0.00951666181293678
1986,IND,India,44917864796.5094,0.00997488686809934
1987,IND,India,48203119632.7678,0.0102336283982809
1988,IND,India,52421480983.8224,0.0105392428716688
1989,IND,India,58540666140.2473,0.0114400843229699
1990,IND,India,62109729337.8354,0.0120109923371443
1991,IND,India,59807420533.5011,0.0115905316282988
1992,IND,India,62306318544.2132,0.012139073586992
1993,IND,India,67518701375.4289,0.0132431842540351
1994,IND,India,75588039770.6379,0.0142884861658596
1995,IND,India,86850572150.0605,0.0156294543821026
1996,IND,India,95237884874.6107,0.0167213366266943
1997,IND,India,96677646812.5719,0.016203783305958
1998,IND,India,99308063895.7937,0.0164150609511538
1999,IND,India,103261490921.259,0.0165048812235256
2000,IND,India,110004586033.208,0.016521556896871
2001,IND,India,113930569495.956,0.0172421819476862
2002,IND,India,118934437980.421,0.0177625123206177
2003,IND,India,127089861307.03,0.018328041726184
2004,IND,India,139401452584.821,0.0166436950030171
2005,IND,India,152434205984.331,0.0174354487983241
2006,IND,India,179548947221.153,0.0192399183605346
2007,IND,India,192082475191.455,0.0194061743414004
2008,IND,India,201040593162.435,0.0200427344991821
2009,IND,India,223089979868.343,0.0236618444542275
2010,IND,India,240256938362.171,0.023309547631105
2011,IND,India,247765100971.886,0.0230312629757307
2012,IND,India,261275938332.675,0.0237258128963762
2013,IND,India,274250502826.69,0.0241004541103403
2014,IND,India,295904416862.047,0.0249309448396175
2015,IND,India,334547739285.659,0.0271741059016335
2016,IND,India,361066741146.447,0.028554904380416
2017,IND,India,388244464401.487,0.0296590960841612
2018,IND,India,409254534445.408,0.0300399427335302
2019,IND,India,397079363707.139,0.0287054452444656
2020,IND,India,409284038682.754,0.0302246977597459
2021,IND,India,450029163814.307,0.0304312949132384
2022,IND,India,440123768403.218,0.0291315269570679
2023,IND,India,483530020591.625,0.0315086089132918
1970,IRL,Irlanda,6342820444.02814,0.00225713651256287
1971,IRL,Irlanda,6741512132.11618,0.0023257179528047
1972,IRL,Irlanda,7044414227.22205,0.00228518288073436
1973,IRL,Irlanda,7480644450.89474,0.00222611671694854
1974,IRL,Irlanda,7753774916.26908,0.00227751033509375
1975,IRL,Irlanda,7391327845.47136,0.00223662352427012
1976,IRL,Irlanda,7931112540.3289,0.00224243994111701
1977,IRL,Irlanda,8536921975.83588,0.00232281405740152
1978,IRL,Irlanda,9327829232.05151,0.00245343349626099
1979,IRL,Irlanda,10329724681.6443,0.00261034383601905
1980,IRL,Irlanda,10199020229.2967,0.00257390565585534
1981,IRL,Irlanda,10743947347.9563,0.00267782327638052
1982,IRL,Irlanda,10645536055.2595,0.00270068034487025
1983,IRL,Irlanda,10859305222.3379,0.00270394954201442
1984,IRL,Irlanda,11543792872.536,0.0027264344942892
1985,IRL,Irlanda,12047310705.0505,0.00273133031796103
1986,IRL,Irlanda,12239836437.7851,0.00271809411030673
1987,IRL,Irlanda,13026247345.0903,0.00276550098353236
1988,IRL,Irlanda,14142937162.9626,0.00284341164884701
1989,IRL,Irlanda,15688245687.8265,0.00306581502024988
1990,IRL,Irlanda,16622180522.533,0.00321445424108705
1991,IRL,Irlanda,16961803205.4077,0.00328715592098031
1992,IRL,Irlanda,18087807416.2513,0.00352402822672639
1993,IRL,Irlanda,18456930107.8074,0.0036201603585713
1994,IRL,Irlanda,20469555977.7065,0.00386938156216563
1995,IRL,Irlanda,24134728594.6092,0.00434323724364329
1996,IRL,Irlanda,25631943848.5117,0.00450031373598629
1997,IRL,Irlanda,30282869279.6665,0.00507559987099891
1998,IRL,Irlanda,34667804254.981,0.00573039184899751
1999,IRL,Irlanda,39194195125.1157,0.00626463485487541
2000,IRL,Irlanda,44833776306.7149,0.00673357187062517
2001,IRL,Irlanda,47180437289.1317,0.00714025820909708
2002,IRL,Irlanda,52684142024.3002,0.00786822334807564
2003,IRL,Irlanda,52259037839.0134,0.00753644560024934
2004,IRL,Irlanda,51934650141.7273,0.00620068486389237
2005,IRL,Irlanda,54905625144.0492,0.0062801141630734
2006,IRL,Irlanda,56071453669.6647,0.00600844620732896
2007,IRL,Irlanda,59371941187.5225,0.00599837252473977
2008,IRL,Irlanda,53685144392.7637,0.00535213848451513
2009,IRL,Irlanda,50961961001.7896,0.00540523601740602
2010,IRL,Irlanda,53225474677.9547,0.00516389555969346
2011,IRL,Irlanda,55205510549.9556,0.00513168572247702
2012,IRL,Irlanda,54053248187.7091,0.00490843994715678
2013,IRL,Irlanda,50949571193.9071,0.00447732197332101
2014,IRL,Irlanda,57468595737.2141,0.00484192296123353
2015,IRL,Irlanda,105407167427.875,0.00856184392873902
2016,IRL,Irlanda,104071120831.65,0.00823044763047051
2017,IRL,Irlanda,107762648235.002,0.00823229442102342
2018,IRL,Irlanda,119661144144.925,0.0087833209286573
2019,IRL,Irlanda,121856085957.117,0.00880915384393225
2020,IRL,Irlanda,149734493714.98,0.0110575526749329
2021,IRL,Irlanda,185939301317.115,0.0125733489500636
2022,IRL,Irlanda,219939785814.125,0.0145576818598581
2023,IRL,Irlanda,167316074364.571,0.0109029357590043
1970,IRN,Irán,2877706999.76192,0.00102405193382636
1971,IRN,Irán,3341946305.33474,0.0011529200522534
1972,IRN,Irán,3905665462.10167,0.00126698396260974
1973,IRN,Irán,4622208738.0945,0.00137549327583228
1974,IRN,Irán,5375516306.91998,0.00157894626522976
1975,IRN,Irán,5815966952.42462,0.00175991767299844
1976,IRN,Irán,7562631296.21797,0.00213825568510687
1977,IRN,Irán,7938924646.3872,0.00216010475689911
1978,IRN,Irán,7109205017.94882,0.00186988433095342
1979,IRN,Irán,6192981171.08081,0.00156497977678332
1980,IRN,Irán,6954939161.74921,0.00175520362172971
1981,IRN,Irán,7513612239.10779,0.00187269400081411
1982,IRN,Irán,7184896209.07483,0.00182274597268349
1983,IRN,Irán,8039846234.55524,0.00200190878685992
1984,IRN,Irán,9027436061.6278,0.00213211665742624
1985,IRN,Irán,8837126781.08245,0.00200352700214804
1986,IRN,Irán,8275570229.7762,0.0018377515757927
1987,IRN,Irán,9195398419.07885,0.00195220332443013
1988,IRN,Irán,9384265962.65037,0.00188668950774643
1989,IRN,Irán,9717358171.70085,0.00189897731287225
1990,IRN,Irán,12450307152.8219,0.00240768306997824
1991,IRN,Irán,15088289469.0474,0.00292407354719406
1992,IRN,Irán,14950810784.6879,0.00291285051887206
1993,IRN,Irán,14167953719.4743,0.00277891632669821
1994,IRN,Irán,14639318453.1966,0.00276728566888126
1995,IRN,Irán,14637577536.795,0.00263414902990559
1996,IRN,Irán,16755066819.0471,0.00294176117889334
1997,IRN,Irán,19054465267.2576,0.00319364854628831
1998,IRN,Irán,18380771153.7687,0.0030382374500315
1999,IRN,Irán,20301217967.5267,0.00324486106347656
2000,IRN,Irán,22636590528.9364,0.00339978297143078
2001,IRN,Irán,25382036542.7607,0.00384130171743443
2002,IRN,Irán,28758315863.7339,0.0042949708135324
2003,IRN,Irán,31563357798.3783,0.00455185435563263
2004,IRN,Irán,32755669129.8463,0.00391082988382194
2005,IRN,Irán,37230036192.8786,0.00425837747905094
2006,IRN,Irán,41328826910.911,0.00442867122313548
2007,IRN,Irán,43349102272.6321,0.00437957827962911
2008,IRN,Irán,45976104966.0902,0.00458358608401706
2009,IRN,Irán,51122664190.6786,0.0054222808611997
2010,IRN,Irán,58102918569.5205,0.00563710150114733
2011,IRN,Irán,63137193878.2125,0.00586898360606408
2012,IRN,Irán,60426843162.3461,0.00548721012710722
2013,IRN,Irán,57110228397.5826,0.00501870525136935
2014,IRN,Irán,61097761205.3487,0.00514769238860267
2015,IRN,Irán,56117877497.4229,0.00455825273052513
2016,IRN,Irán,60593611793.0934,0.00479203591369843
2017,IRN,Irán,63684142132.1744,0.00486501228922172
2018,IRN,Irán,61616941575.9427,0.00452278286632766
2019,IRN,Irán,61848821394.1062,0.00447114133403485
2020,IRN,Irán,66299047652.5768,0.00489603426389997
2021,IRN,Irán,68467139136.3601,0.00462979706751633
2022,IRN,Irán,74964595534.8251,0.00496186139542397
2023,IRN,Irán,80537925077.233,0.00524814980637932
1970,IRQ,Iraq,1830186145.77031,6.512843948301e-4
1971,IRQ,Iraq,2131890981.85935,7.3546958497816e-4
1972,IRQ,Iraq,2309157247.42199,7.4908238506771e-4
1973,IRQ,Iraq,2496989051.99061,7.4306286138341e-4
1974,IRQ,Iraq,2674255317.55325,7.8550695502231e-4
1975,IRQ,Iraq,3176705394.77705,9.6127436966382e-4
1976,IRQ,Iraq,3919814971.60362,0.00110828709205882
1977,IRQ,Iraq,4377654995.24122,0.00119111766397568
1978,IRQ,Iraq,4815537889.64272,0.00126659715428399
1979,IRQ,Iraq,5654911266.30954,0.00142900834457633
1980,IRQ,Iraq,6423847716.26629,0.00162117317129701
1981,IRQ,Iraq,6078706775.36902,0.00151505791737442
1982,IRQ,Iraq,6144447906.96931,0.00155879324500833
1983,IRQ,Iraq,6209015089.78951,0.00154603477521396
1984,IRQ,Iraq,6129186572.84721,0.00144760269684861
1985,IRQ,Iraq,6848817174.10375,0.00155274338379599
1986,IRQ,Iraq,6772510503.49748,0.00150396788430272
1987,IRQ,Iraq,9235455040.90998,0.00196070743341381
1988,IRQ,Iraq,8671959627.202,0.00174348162182967
1989,IRQ,Iraq,7233872373.47111,0.00141365166115211
1990,IRQ,Iraq,5578604595.70538,0.00107880967708804
1991,IRQ,Iraq,1904991607.74916,3.6918270817067e-4
1992,IRQ,Iraq,2383999139.98745,4.6447200970632e-4
1993,IRQ,Iraq,3485908385.02729,6.8372948672265e-4
1994,IRQ,Iraq,3471486157.13743,6.5621865683702e-4
1995,IRQ,Iraq,2727416634.1655,4.9082041498845e-4
1996,IRQ,Iraq,3868315597.31195,6.7917727662796e-4
1997,IRQ,Iraq,5827142129.23347,9.7666576988755e-4
1998,IRQ,Iraq,5908306747.17503,9.7660966862429e-4
1999,IRQ,Iraq,6241490914.10043,9.9761358543132e-4
2000,IRQ,Iraq,5962189140.59795,8.9545945917708e-4
2001,IRQ,Iraq,6511584936.82729,9.8545923842304e-4
2002,IRQ,Iraq,5935247943.88544,8.8641201421022e-4
2003,IRQ,Iraq,4242044884.7398,6.1175907229946e-4
2004,IRQ,Iraq,3296374777.38442,3.9356732224179e-4
2005,IRQ,Iraq,3260225829.89839,3.7290515052776e-4
2006,IRQ,Iraq,3602617747.59941,3.8604554591261e-4
2007,IRQ,Iraq,3826339986.87587,3.8657675980472e-4
2008,IRQ,Iraq,4082704714.21855,4.0702509547177e-4
2009,IRQ,Iraq,5552019270.86272,5.8887008942112e-4
2010,IRQ,Iraq,5904042613.64114,5.7280577808449e-4
2011,IRQ,Iraq,6041790859.90402,5.6162096111592e-4
2012,IRQ,Iraq,6168668459.75329,5.6016131691978e-4
2013,IRQ,Iraq,5584995340.02969,4.9079554097995e-4
2014,IRQ,Iraq,4346292263.84188,3.6618977788768e-4
2015,IRQ,Iraq,3627684380.35409,2.9466371448192e-4
2016,IRQ,Iraq,3762212707.76718,2.9753397886487e-4
2017,IRQ,Iraq,4054718066.95865,3.0975141635953e-4
2018,IRQ,Iraq,4564045327.3514,3.3500828635329e-4
2019,IRQ,Iraq,4868548872.84917,3.5195448533218e-4
2020,IRQ,Iraq,4566454267.81655,3.3722228827359e-4
2021,IRQ,Iraq,6106891728.576,4.129523998409e-4
2022,IRQ,Iraq,8242924493.13791,5.455942039852e-4
2023,IRQ,Iraq,9138127380.44162,5.9547426130415e-4
1970,ISL,Islandia,514354257.669739,1.830365191043e-4
1971,ISL,Islandia,577454012.162307,1.9921274881447e-4
1972,ISL,Islandia,608365619.033592,1.9735163961122e-4
1973,ISL,Islandia,673816214.257451,2.0051661973188e-4
1974,ISL,Islandia,677552677.408591,1.990170261624e-4
1975,ISL,Islandia,675061756.902264,2.0427439255692e-4
1976,ISL,Islandia,748961459.839904,2.117610969914e-4
1977,ISL,Islandia,850677196.800552,2.3146105313276e-4
1978,ISL,Islandia,864378284.072336,2.2735135719431e-4
1979,ISL,Islandia,924992140.310598,2.3374752050424e-4
1980,ISL,Islandia,1000551766.09469,2.5250718126134e-4
1981,ISL,Islandia,1033763090.84987,2.5765528974482e-4
1982,ISL,Islandia,995154433.34738,2.5246206525447e-4
1983,ISL,Islandia,932473562.367675,2.3218441790531e-4
1984,ISL,Islandia,999236984.506376,2.3600165150305e-4
1985,ISL,Islandia,1011952361.48319,2.2942681839296e-4
1986,ISL,Islandia,1063972245.536,2.362757630644e-4
1987,ISL,Islandia,1150804493.2604,2.4431832696349e-4
1988,ISL,Islandia,1072175248.67231,2.1555887271167e-4
1989,ISL,Islandia,1033737676.69869,2.0201420600394e-4
1990,ISL,Islandia,1005381919.26687,1.9442420144088e-4
1991,ISL,Islandia,1022203500.02206,1.981005348814e-4
1992,ISL,Islandia,991874771.954812,1.9324590390132e-4
1993,ISL,Islandia,969424964.090454,1.9014396246346e-4
1994,ISL,Islandia,998982949.726939,1.8883879116875e-4
1995,ISL,Islandia,1008057647.70749,1.8140802794196e-4
1996,ISL,Islandia,1093523522.32876,1.9199476080492e-4
1997,ISL,Islandia,1144565936.06267,1.9183646911985e-4
1998,ISL,Islandia,1173586709.88255,1.9398724150337e-4
1999,ISL,Islandia,1199058699.71595,1.9165248576487e-4
2000,ISL,Islandia,1217981663.939,1.829283131345e-4
2001,ISL,Islandia,1290811894.87622,1.9535067410053e-4
2002,ISL,Islandia,1262279831.11699,1.8851782068347e-4
2003,ISL,Islandia,1274696947.8359,1.8382818745655e-4
2004,ISL,Islandia,1346991818.77118,1.6082272162512e-4
2005,ISL,Islandia,1292132708.29284,1.4779434530852e-4
2006,ISL,Islandia,1333737224.17432,1.4291921899109e-4
2007,ISL,Islandia,1387438705.06535,1.4017352375154e-4
2008,ISL,Islandia,1491828917.52076,1.4872782875203e-4
2009,ISL,Islandia,1444432736.38509,1.5320250041309e-4
2010,ISL,Islandia,1477525912.1136,1.4334845378195e-4
2011,ISL,Islandia,1593062784.64084,1.4808481011244e-4
2012,ISL,Islandia,1645152985.35389,1.4939221791913e-4
2013,ISL,Islandia,1749337222.47553,1.5372741715782e-4
2014,ISL,Islandia,1790045769.91246,1.5081739172174e-4
2015,ISL,Islandia,1880095127.89397,1.5271334434847e-4
2016,ISL,Islandia,1857684743.23244,1.4691469517112e-4
2017,ISL,Islandia,1882425911.78092,1.4380385583834e-4
2018,ISL,Islandia,1971231518.95596,1.4469157201694e-4
2019,ISL,Islandia,1936286141.95209,1.3997694392e-4
2020,ISL,Islandia,1797394340.94933,1.3273349453136e-4
2021,ISL,Islandia,1957145260.66784,1.3234356660495e-4
2022,ISL,Islandia,2049225225.24932,1.3563698254024e-4
2023,ISL,Islandia,2053670508.31017,1.3382478466162e-4
1970,ISR,Israel,10199196834.8699,0.00362945471623354
1971,ISR,Israel,10973587944.5135,0.003785718988423
1972,ISR,Israel,11934590959.9931,0.00387153879238845
1973,ISR,Israel,11647465793.7481,0.00346609419599506
1974,ISR,Israel,12120714773.1229,0.00356020821633467
1975,ISR,Israel,11842410769.0065,0.00358352586487667
1976,ISR,Israel,13204134386.1756,0.00373333226390062
1977,ISR,Israel,12872457230.1359,0.00350247134647519
1978,ISR,Israel,12978162090.5622,0.00341355494411072
1979,ISR,Israel,11742921288.0237,0.00296746168419371
1980,ISR,Israel,11376788476.5662,0.00287113659419841
1981,ISR,Israel,14181648538.7419,0.00353463650971024
1982,ISR,Israel,14561642848.3341,0.00369416273876476
1983,ISR,Israel,15458055147.8067,0.00384903088011251
1984,ISR,Israel,17206920376.9135,0.00406396249258053
1985,ISR,Israel,16421507802.6671,0.0037230352255508
1986,ISR,Israel,15860689738.4332,0.00352217511913411
1987,ISR,Israel,17953466814.6306,0.00381156052225511
1988,ISR,Israel,17720965855.7523,0.00356276777323326
1989,ISR,Israel,18694334276.4033,0.00365326831046779
1990,ISR,Israel,19306188502.7229,0.00373349690359076
1991,ISR,Israel,19419337860.1261,0.00376342011845057
1992,ISR,Israel,21029574588.654,0.00409716958728123
1993,ISR,Israel,21993847518.4598,0.00431389480556735
1994,ISR,Israel,22550916994.64,0.00426282341072864
1995,ISR,Israel,23759901249.4319,0.00427578406806154
1996,ISR,Israel,25017362770.1214,0.00439240901813487
1997,ISR,Israel,26793332579.9923,0.00449073151327678
1998,ISR,Israel,28362388881.0943,0.00468814237172142
1999,ISR,Israel,29248889224.3043,0.0046750191020902
2000,ISR,Israel,33667864852.2791,0.00505656686517754
2001,ISR,Israel,31086078684.1045,0.00470454792846834
2002,ISR,Israel,29431204325.8866,0.00439546474785743
2003,ISR,Israel,29968122302.8172,0.00432180026300049
2004,ISR,Israel,30601117261.9528,0.00365358934943381
2005,ISR,Israel,33918058615.068,0.00387955295534102
2006,ISR,Israel,35092357185.541,0.00376039012078921
2007,ISR,Israel,36744906163.8867,0.00371235353180468
2008,ISR,Israel,35242285152.0947,0.00351347831468637
2009,ISR,Israel,33124934185.3266,0.00351336730010142
2010,ISR,Israel,38075674096.9084,0.00369407329086344
2011,ISR,Israel,39162355940.6544,0.00364037757892597
2012,ISR,Israel,39320579106.7279,0.00357060320524249
2013,ISR,Israel,39414729592.1273,0.00346366869710654
2014,ISR,Israel,39024827339.308,0.00328797328572987
2015,ISR,Israel,39108131878.0499,0.0031766124605665
2016,ISR,Israel,37766527276.1031,0.00298675965480879
2017,ISR,Israel,39179671213.3271,0.00299304623661097
2018,ISR,Israel,42669586391.75,0.00313201644401712
2019,ISR,Israel,44189354681.3602,0.00319451277787783
2020,ISR,Israel,48152931699.4126,0.00355598476682487
2021,ISR,Israel,49857761526.3497,0.00337141760294519
2022,ISR,Israel,52482029209.8967,0.00347375388117882
2023,ISR,Israel,52764958620.9854,0.00343836033899287
1970,ITA,Italia,112536348820.31,0.0400468378624823
1971,ITA,Italia,113583002863.378,0.039184388267192
1972,ITA,Italia,121342216992.883,0.0393629829306387
1973,ITA,Italia,137951513835.83,0.0410521009378501
1974,ITA,Italia,149335648517.491,0.0438642450379727
1975,ITA,Italia,142589842533.626,0.0431478352469619
1976,ITA,Italia,164442057082.601,0.0464942887805972
1977,ITA,Italia,172133945576.475,0.0468359848752015
1978,ITA,Italia,178856907117.129,0.0470434777526791
1979,ITA,Italia,196264465554.656,0.0495964562153866
1980,ITA,Italia,204310356004.358,0.0515613822746285
1981,ITA,Italia,200573576644.382,0.0499909925812681
1982,ITA,Italia,198127056611.492,0.0502631191891265
1983,ITA,Italia,198340930121.117,0.0493865727303176
1984,ITA,Italia,205147763221.957,0.048452180687104
1985,ITA,Italia,211882444612.008,0.0480373553053515
1986,ITA,Italia,216950323037.367,0.0481780453745769
1987,ITA,Italia,224756126229.723,0.0477162203109474
1988,ITA,Italia,240087316516.453,0.0482691158602517
1989,ITA,Italia,250831048329.925,0.0490176920235017
1990,ITA,Italia,253903966824.186,0.0491008193468024
1991,ITA,Italia,253129745213.576,0.0490559246961293
1992,ITA,Italia,252585993226.453,0.0492110596559093
1993,ITA,Italia,246527441039.882,0.0483541338749007
1994,ITA,Italia,263003429938.542,0.0497158132642864
1995,ITA,Italia,275453879153.762,0.0495701263909742
1996,ITA,Italia,274296561446.533,0.0481594603400832
1997,ITA,Italia,277258217080.216,0.0464702257190217
1998,ITA,Italia,281196535459.36,0.0464801959452375
1999,ITA,Italia,280543282292.093,0.0448408551046373
2000,ITA,Italia,288670443349.061,0.0433553302295664
2001,ITA,Italia,287890822186.833,0.0435692190355507
2002,ITA,Italia,286722848149.083,0.0428212232666292
2003,ITA,Italia,279720834744.939,0.0403394501981778
2004,ITA,Italia,284009907248.519,0.0339090747365299
2005,ITA,Italia,284713225062.954,0.0325655441030153
2006,ITA,Italia,298522321447.83,0.0319887428043735
2007,ITA,Italia,308086679685.353,0.0311261285667934
2008,ITA,Italia,297839713105.919,0.0296931191815142
2009,ITA,Italia,241530054126.319,0.0256176748732993
2010,ITA,Italia,265333682694.968,0.0257424745236356
2011,ITA,Italia,270544527788.68,0.0251487483172742
2012,ITA,Italia,259815211456.007,0.023593167950999
2013,ITA,Italia,257276793100.592,0.0226088465905008
2014,ITA,Italia,256770717932.229,0.0216337987552982
2015,ITA,Italia,263201310745,0.0213788929104862
2016,ITA,Italia,268526359531.85,0.0212363633817582
2017,ITA,Italia,278377031253.579,0.0212660111723716
2018,ITA,Italia,281237351215.886,0.0206432750623119
2019,ITA,Italia,281671948544.617,0.0203624751998263
2020,ITA,Italia,243056724270.689,0.0179491876917531
2021,ITA,Italia,281036589970.114,0.0190038958326716
2022,ITA,Italia,289029139455.679,0.0191306645355209
2023,ITA,Italia,286012794729.507,0.0186376541466921
1970,JAM,Jamaica,1599227447.85487,5.6909614520848e-4
1971,JAM,Jamaica,1637840585.43336,5.6502980024732e-4
1972,JAM,Jamaica,1829067552.46322,5.933429982643e-4
1973,JAM,Jamaica,1841938598.32272,5.4813062326849e-4
1974,JAM,Jamaica,1779881770.08561,5.2280330166786e-4
1975,JAM,Jamaica,1820333628.49096,5.5083485682446e-4
1976,JAM,Jamaica,1740349272.09369,4.9206573471153e-4
1977,JAM,Jamaica,1611179133.30094,4.3838628845579e-4
1978,JAM,Jamaica,1535791578.98869,4.0394848677324e-4
1979,JAM,Jamaica,1453968501.74669,3.6742099458319e-4
1980,JAM,Jamaica,1293540108.73649,3.2644804374333e-4
1981,JAM,Jamaica,1303653073.33783,3.2492271518559e-4
1982,JAM,Jamaica,1401564957.89527,3.5556489726758e-4
1983,JAM,Jamaica,1428686090.24334,3.5574053959265e-4
1984,JAM,Jamaica,1368927663.04874,3.2331588429677e-4
1985,JAM,Jamaica,1374443825.5472,3.1160980097223e-4
1986,JAM,Jamaica,1407081120.41159,3.1246977241524e-4
1987,JAM,Jamaica,1487051062.77931,3.1570421378717e-4
1988,JAM,Jamaica,1567211183.36943,3.1508494195009e-4
1989,JAM,Jamaica,1681888651.26279,3.2867661509345e-4
1990,JAM,Jamaica,1744076929.8807,3.3727557443124e-4
1991,JAM,Jamaica,1610566108.62009,3.121237675009e-4
1992,JAM,Jamaica,1661799760.65171,3.2376667491727e-4
1993,JAM,Jamaica,1644832464.23969,3.2261905142138e-4
1994,JAM,Jamaica,1683723347.28521,3.1827598424062e-4
1995,JAM,Jamaica,1619554283.48204,2.914517333206e-4
1996,JAM,Jamaica,1538414002.91579,2.7010614996168e-4
1997,JAM,Jamaica,1436783211.16295,2.4081392730274e-4
1998,JAM,Jamaica,1353892215.60429,2.2379072120223e-4
1999,JAM,Jamaica,1301549410.21919,2.08034168697e-4
2000,JAM,Jamaica,1285953755.23585,1.9313702182798e-4
2001,JAM,Jamaica,1276110449.51326,1.9312576644876e-4
2002,JAM,Jamaica,1252118508.34186,1.8700025668727e-4
2003,JAM,Jamaica,1246866363.36465,1.7981464846762e-4
2004,JAM,Jamaica,1270751117.90386,1.5172004049431e-4
2005,JAM,Jamaica,1220659231.79471,1.396191976645e-4
2006,JAM,Jamaica,1200865433.71734,1.2868108259221e-4
2007,JAM,Jamaica,1216570421.5308,1.2291062823553e-4
2008,JAM,Jamaica,1207118155.49105,1.2034359986244e-4
2009,JAM,Jamaica,1149580993.97972,1.2192930710351e-4
2010,JAM,Jamaica,1101230396.83481,1.0684054563763e-4
2011,JAM,Jamaica,1119994131.23394,1.0411022079599e-4
2012,JAM,Jamaica,1118127149.50817,1.0153432311019e-4
2013,JAM,Jamaica,1115829056.01984,9.805629044401e-5
2014,JAM,Jamaica,1107169027.53009,9.328272367882e-5
2015,JAM,Jamaica,1129031254.90802,9.170713558738e-5
2016,JAM,Jamaica,1150896986.71717,9.101850063251e-5
2017,JAM,Jamaica,1173271734.6229,8.962955637669e-5
2018,JAM,Jamaica,1183320214.28143,8.685761178092e-5
2019,JAM,Jamaica,1204267357.09934,8.705824033809e-5
2020,JAM,Jamaica,1139609314.7758,8.415756259185e-5
2021,JAM,Jamaica,1173341280.47187,7.934217915408e-5
2022,JAM,Jamaica,1246792083.17146,8.252441651252e-5
2023,JAM,Jamaica,1275779487.75911,8.313452159643e-5
1970,JOR,Jordania,538780043.466227,1.9172860387255e-4
1971,JOR,Jordania,525397039.512572,1.8125389425966e-4
1972,JOR,Jordania,580617340.732073,1.8835019697892e-4
1973,JOR,Jordania,638805761.861129,1.9009808509105e-4
1974,JOR,Jordania,414453053.815809,1.2173697633344e-4
1975,JOR,Jordania,517128318.666473,1.5648356922827e-4
1976,JOR,Jordania,461400352.299308,1.3045617163799e-4
1977,JOR,Jordania,473194694.83903,1.2875170842267e-4
1978,JOR,Jordania,566519203.434036,1.4900757243756e-4
1979,JOR,Jordania,754198450.938771,1.9058758468572e-4
1980,JOR,Jordania,908519603.45441,2.2928121458859e-4
1981,JOR,Jordania,983406572.911373,2.4510442259274e-4
1982,JOR,Jordania,981985566.988773,2.4912123785467e-4
1983,JOR,Jordania,958894234.475056,2.3876312278391e-4
1984,JOR,Jordania,1144335398.25012,2.7027126502313e-4
1985,JOR,Jordania,1183199888.19717,2.6825154642074e-4
1986,JOR,Jordania,1131333202.29545,2.5123457568932e-4
1987,JOR,Jordania,1159611203.11773,2.4618801085071e-4
1988,JOR,Jordania,1037795542.60085,2.086468956873e-4
1989,JOR,Jordania,1260395988.93423,2.4630803413129e-4
1990,JOR,Jordania,1295032987.70481,2.5043791781903e-4
1991,JOR,Jordania,1301818287.8523,2.5228919597356e-4
1992,JOR,Jordania,1752951879.08428,3.4152574493002e-4
1993,JOR,Jordania,1786734676.72409,3.5045189043789e-4
1994,JOR,Jordania,2087026219.27914,3.9451274768392e-4
1995,JOR,Jordania,2102040796.4773,3.782790363326e-4
1996,JOR,Jordania,1944387736.6007,3.4138475375973e-4
1997,JOR,Jordania,2167322239.34131,3.6325687558939e-4
1998,JOR,Jordania,2353650238.69711,3.8904506452216e-4
1999,JOR,Jordania,2536276387.23176,4.0538772148092e-4
2000,JOR,Jordania,2748468713.80881,4.1279171961752e-4
2001,JOR,Jordania,2954241918.56419,4.470931454369e-4
2002,JOR,Jordania,3560357874.25734,5.3172909109567e-4
2003,JOR,Jordania,3664239980.13267,5.2843195011739e-4
2004,JOR,Jordania,4267067744.29382,5.0946222421911e-4
2005,JOR,Jordania,4774009642.59478,5.4605198451798e-4
2006,JOR,Jordania,5310941162.78927,5.6910428031532e-4
2007,JOR,Jordania,5797837049.22916,5.8575794834081e-4
2008,JOR,Jordania,6095034327.20091,6.0764422180542e-4
2009,JOR,Jordania,6216032522.69608,6.5929807677267e-4
2010,JOR,Jordania,6340576387.74692,6.1515795683725e-4
2011,JOR,Jordania,6587379959.80078,6.1233676405639e-4
2012,JOR,Jordania,6743969560.71423,6.1240296751946e-4
2013,JOR,Jordania,6877002430.90848,6.0433392024643e-4
2014,JOR,Jordania,6986464489.85112,5.8863318995886e-4
2015,JOR,Jordania,7085197183.09859,5.7550500564906e-4
2016,JOR,Jordania,7180832159.21622,5.6789494104933e-4
2017,JOR,Jordania,7271454465.79647,5.5548703573952e-4
2018,JOR,Jordania,7396785284.76334,5.42935966898e-4
2019,JOR,Jordania,7565371499.28872,5.4691171885487e-4
2020,JOR,Jordania,7489577112.73681,5.5308827900871e-4
2021,JOR,Jordania,7663379205.63523,5.1820319968172e-4
2022,JOR,Jordania,7918754030.03841,5.2413755641824e-4
2023,JOR,Jordania,8197253716.92712,5.34163444937e-4
1970,JPN,Japón,290091333621.749,0.103231006911474
1971,JPN,Japón,303939786573.396,0.104854549595461
1972,JPN,Japón,331481719007.583,0.107531488796513
1973,JPN,Japón,373423714940.61,0.111124753995612
1974,JPN,Japón,363691856094.076,0.106826928817048
1975,JPN,Japón,345019037484.826,0.104403121021401
1976,JPN,Japón,374718723125.13,0.105947838609955
1977,JPN,Japón,386750245749.12,0.1052310083274
1978,JPN,Japón,397978400159.606,0.104677467120096
1979,JPN,Japón,432658018694.712,0.109333619918336
1980,JPN,Japón,447734384037.74,0.112993801118788
1981,JPN,Japón,463674234047.734,0.115566245475609
1982,JPN,Japón,475846864315.215,0.120718230341188
1983,JPN,Japón,485090846519.806,0.120786840909904
1984,JPN,Japón,510449381167.637,0.120558885261624
1985,JPN,Japón,561744556696.975,0.127357048906592
1986,JPN,Japón,559400367683.51,0.124225748639098
1987,JPN,Japón,579285951558.716,0.122983682586522
1988,JPN,Japón,625750445988.216,0.125805982653563
1989,JPN,Japón,666024756746.388,0.130155324165773
1990,JPN,Japón,715811773815.576,0.138426134227237
1991,JPN,Japón,751757911200.105,0.145688842101256
1992,JPN,Japón,736896134023.682,0.143568687829561
1993,JPN,Japón,709925890018.891,0.139245559773924
1994,JPN,Japón,699490119578.732,0.132225348442474
1995,JPN,Japón,734122146862.287,0.132111145859243
1996,JPN,Japón,763714685442.844,0.134088764768905
1997,JPN,Japón,781748619688.376,0.131025998778396
1998,JPN,Japón,749978361071.573,0.123967178757552
1999,JPN,Japón,743153571534.611,0.118782532767909
2000,JPN,Japón,781661874391.03,0.117397570388272
2001,JPN,Japón,741228652079.204,0.112177085926367
2002,JPN,Japón,731186025083.524,0.109200505755512
2003,JPN,Japón,762996764839.089,0.110034241906444
2004,JPN,Japón,804202433370.145,0.0960169336367039
2005,JPN,Japón,843693023450.804,0.0965017426166921
2006,JPN,Japón,876004407493.913,0.0938699643996893
2007,JPN,Japón,921290409583.019,0.0930783627689508
2008,JPN,Japón,918997029150.311,0.0916193748290157
2009,JPN,Japón,754326365832.865,0.0800069691457833
2010,JPN,Japón,877804578950.279,0.0851639406683845
2011,JPN,Japón,851654589455.852,0.0791664392495351
2012,JPN,Japón,869501814775.667,0.0789572798095168
2013,JPN,Japón,864473065966.626,0.0759677493430881
2014,JPN,Japón,884300562503.012,0.0745053040410802
2015,JPN,Japón,909542617885.21,0.0738788654594897
2016,JPN,Japón,910495163864.646,0.0720063616505765
2017,JPN,Japón,948146753641.555,0.0724316204005423
2018,JPN,Japón,980530838505.297,0.0719725446098597
2019,JPN,Japón,962765401608.695,0.0695997124129759
2020,JPN,Japón,907776318402.094,0.0670372217432732
2021,JPN,Japón,997477565024.084,0.0674501485488436
2022,JPN,Japón,987249881394.065,0.0653454746094166
2023,JPN,Japón,995261938509.108,0.0648549580197695
1990,KAZ,Kazajstán,9738146922.09888,0.00188319622877609
1991,KAZ,Kazajstán,10413535552.1785,0.00201811768678988
1992,KAZ,Kazajstán,9379575570.39865,0.00182741270426731
1993,KAZ,Kazajstán,9485620127.31501,0.00186051882738864
1994,KAZ,Kazajstán,7462764699.49665,0.00141069421156288
1995,KAZ,Kazajstán,7023754728.96388,0.00126398078227677
1996,KAZ,Kazajstán,7096093838.67574,0.00124589257696483
1997,KAZ,Kazajstán,7528421050.58384,0.001261810846267
1998,KAZ,Kazajstán,7280928216.7995,0.00120349622952222
1999,KAZ,Kazajstán,7426545662.80182,0.00118702773872499
2000,KAZ,Kazajstán,8466262578.31177,0.00127154552310394
2001,KAZ,Kazajstán,9626141218.6819,0.00145681426048279
2002,KAZ,Kazajstán,10357728167.389,0.0015468965701687
2003,KAZ,Kazajstán,11175988429.6106,0.00161172559449415
2004,KAZ,Kazajstán,12304762937.17,0.00146911468720941
2005,KAZ,Kazajstán,13178401614.2333,0.00150734767898706
2006,KAZ,Kazajstán,14219494724.6609,0.00152371774864017
2007,KAZ,Kazajstán,15300173834.3547,0.00154578308399698
2008,KAZ,Kazajstán,14841162816.9266,0.00147958917808433
2009,KAZ,Kazajstán,14425614058.5405,0.00153004019369827
2010,KAZ,Kazajstán,16387497570.5011,0.00158990270074281
2011,KAZ,Kazajstán,17545405917.2705,0.00163095147828124
2012,KAZ,Kazajstán,18074232429.902,0.00164127573175705
2013,KAZ,Kazajstán,18607100165.83,0.00163514582125116
2014,KAZ,Kazajstán,18900158257.5508,0.00159240206001628
2015,KAZ,Kazajstán,18946663409.4275,0.00153896911415314
2016,KAZ,Kazajstán,19284927351.0386,0.00152514533668672
2017,KAZ,Kazajstán,20546765462.1391,0.00156962570477276
2018,KAZ,Kazajstán,21470927345.0168,0.001576000688066
2019,KAZ,Kazajstán,22722732889.2631,0.00164265943882803
2020,KAZ,Kazajstán,23632127663.9326,0.00174517901641345
2021,KAZ,Kazajstán,24744631315.5656,0.00167324972164258
2022,KAZ,Kazajstán,25627246773.4528,0.00169625201775586
2023,KAZ,Kazajstán,26666933304.5592,0.0017377162464124
1970,KEN,Kenia,904978807.657088,3.2204296619836e-4
1971,KEN,Kenia,1026802877.91726,3.5423119329373e-4
1972,KEN,Kenia,1113820070.96025,3.613192632172e-4
1973,KEN,Kenia,1274854298.0914,3.7937566519626e-4
1974,KEN,Kenia,1348661652.1831,3.9614134851229e-4
1975,KEN,Kenia,1348661652.1831,4.0810642426068e-4
1976,KEN,Kenia,1596922752.34363,4.515133714879e-4
1977,KEN,Kenia,1851893611.95788,5.038823743316e-4
1978,KEN,Kenia,2086735193.18074,5.4885932122176e-4
1979,KEN,Kenia,2241059660.84809,5.6632063797798e-4
1980,KEN,Kenia,2355125571.73265,5.9435817294679e-4
1981,KEN,Kenia,2442352444.75196,6.0873234146346e-4
1982,KEN,Kenia,2496030520.46234,6.3322133632514e-4
1983,KEN,Kenia,2610096431.34691,6.4990981519115e-4
1984,KEN,Kenia,2724162342.23147,6.4339773416879e-4
1985,KEN,Kenia,2844938012.56976,6.44995853157e-4
1986,KEN,Kenia,3012681999.16471,6.6902472429104e-4
1987,KEN,Kenia,3180425985.74959,6.7521143723387e-4
1988,KEN,Kenia,3375009010.19973,6.7853938852934e-4
1989,KEN,Kenia,3569592034.6398,6.9757378190825e-4
1990,KEN,Kenia,3757465299.62614,7.2663151815416e-4
1991,KEN,Kenia,3905080007.81963,7.5679494179685e-4
1992,KEN,Kenia,3952048324.06621,7.6997335978284e-4
1993,KEN,Kenia,4019145918.70419,7.8831921913448e-4
1994,KEN,Kenia,4099663032.26977,7.7496358814198e-4
1995,KEN,Kenia,4253987499.92705,7.6553903936599e-4
1996,KEN,Kenia,4415021727.0582,7.7516488957631e-4
1997,KEN,Kenia,4415957975.6062,7.4014240606893e-4
1998,KEN,Kenia,4336895455.03433,7.1686427506906e-4
1999,KEN,Kenia,4236003670.44038,6.7706496215854e-4
2000,KEN,Kenia,4278683982.52521,6.4261430736788e-4
2001,KEN,Kenia,4347339734.72921,6.5792370762499e-4
2002,KEN,Kenia,4352434392.51247,6.5002341487004e-4
2003,KEN,Kenia,4610706210.60224,6.6492491962786e-4
2004,KEN,Kenia,4816349441.66246,5.750431552082e-4
2005,KEN,Kenia,5041019171.79398,5.7659257706382e-4
2006,KEN,Kenia,5357122839.75541,5.7405296817082e-4
2007,KEN,Kenia,5591536716.97821,5.649153378405e-4
2008,KEN,Kenia,5655401428.12235,5.6381503619305e-4
2009,KEN,Kenia,5412554845.2086,5.7407791655583e-4
2010,KEN,Kenia,5713369841.13279,5.5430684896704e-4
2011,KEN,Kenia,6155359635.82956,5.7217786494908e-4
2012,KEN,Kenia,6178015942.03342,5.610101383499e-4
2013,KEN,Kenia,6485754177.0289,5.6995199390103e-4
2014,KEN,Kenia,6607599882.68545,5.5671256936422e-4
2015,KEN,Kenia,6994642121.07783,5.6814954466004e-4
2016,KEN,Kenia,7127371193.94807,5.6366698932364e-4
2017,KEN,Kenia,7176977109.31422,5.4826964244582e-4
2018,KEN,Kenia,7433709181.91021,5.4564624048677e-4
2019,KEN,Kenia,7629931523.74984,5.5157885700542e-4
2020,KEN,Kenia,7607924634.82886,5.6182797503341e-4
2021,KEN,Kenia,8163896774.79333,5.5204855678527e-4
2022,KEN,Kenia,8376077256.87262,5.5440750516232e-4
2023,KEN,Kenia,8542821938.48492,5.5668195150791e-4
1990,KGZ,Kirguistán,1922727425.38178,3.7182361956631e-4
1991,KGZ,Kirguistán,1774451463.16392,3.438843478488e-4
1992,KGZ,Kirguistán,1768417936.70541,3.4453898044048e-4
1993,KGZ,Kirguistán,1166184220.20244,2.287365157753e-4
1994,KGZ,Kirguistán,762845674.466547,1.4420151520499e-4
1995,KGZ,Kirguistán,423700962.866318,7.624837357812e-5
1996,KGZ,Kirguistán,416958742.072774,7.320729030071e-5
1997,KGZ,Kirguistán,681550486.597827,1.142321597702e-4
1998,KGZ,Kirguistán,688539485.20362,1.1381168027556e-4
1999,KGZ,Kirguistán,945120070.797594,1.5106400625552e-4
2000,KGZ,Kirguistán,851908396.925598,1.2794787525021e-4
2001,KGZ,Kirguistán,929204715.543768,1.4062526715116e-4
2002,KGZ,Kirguistán,828146083.237889,1.236812083747e-4
2003,KGZ,Kirguistán,975921763.131828,1.4074084755635e-4
2004,KGZ,Kirguistán,997404731.153316,1.1908412596906e-4
2005,KGZ,Kirguistán,829543849.835011,9.488335788129e-5
2006,KGZ,Kirguistán,712199985.08289,7.631718136721e-5
2007,KGZ,Kirguistán,757372218.530029,7.651763805874e-5
2008,KGZ,Kirguistán,918011603.810456,9.15211328862e-5
2009,KGZ,Kirguistán,832585364.963072,8.830744174278e-5
2010,KGZ,Kirguistán,926907525.982366,8.992787169353e-5
2011,KGZ,Kirguistán,978064077.96558,9.091696489287e-5
2012,KGZ,Kirguistán,708394993.778827,6.432757331724e-5
2013,KGZ,Kirguistán,1030280343.39316,9.053848171948e-5
2014,KGZ,Kirguistán,1000848596.15649,8.43248688485e-5
2015,KGZ,Kirguistán,912549249.945464,7.41230833346e-5
2016,KGZ,Kirguistán,976172923.328327,7.720047655423e-5
2017,KGZ,Kirguistán,1044183159.40342,7.976811389172e-5
2018,KGZ,Kirguistán,1096483609.69497,8.048366498401e-5
2019,KGZ,Kirguistán,1182916718.57167,8.551477159806e-5
2020,KGZ,Kirguistán,1107947857.95837,8.181943583269e-5
2021,KGZ,Kirguistán,1177854756.29796,7.964738362746e-5
2022,KGZ,Kirguistán,1367670717.23962,9.052530044493e-5
2023,KGZ,Kirguistán,1395130040.50505,9.091184612627e-5
1970,KHM,Camboya,386996754.255082,1.3771547089826e-4
1971,KHM,Camboya,367704966.047862,1.2685255534866e-4
1972,KHM,Camboya,347640320.708425,1.1277328162588e-4
1973,KHM,Camboya,281743337.124411,8.3842181884e-5
1974,KHM,Camboya,267047057.605942,7.843952658179e-5
1975,KHM,Camboya,263535167.810924,7.974601697035e-5
1976,KHM,Camboya,263637679.169896,7.45408237177e-5
1977,KHM,Camboya,224534339.406515,6.109362618272e-5
1978,KHM,Camboya,224581069.355743,5.906998343089e-5
1979,KHM,Camboya,196116343.918521,4.95590255566e-5
1980,KHM,Camboya,185223585.055469,4.674449333894e-5
1981,KHM,Camboya,185408625.672062,4.621127760467e-5
1982,KHM,Camboya,183021215.387612,4.64308980333e-5
1983,KHM,Camboya,193140781.171716,4.809174400212e-5
1984,KHM,Camboya,204601661.343491,4.832320132864e-5
1985,KHM,Camboya,213827006.519984,4.847822057598e-5
1986,KHM,Camboya,221398818.846588,4.916592052472e-5
1987,KHM,Camboya,247554157.83307,5.255629260125e-5
1988,KHM,Camboya,327082250.137479,6.575928814896e-5
1989,KHM,Camboya,327901001.945798,6.407879102125e-5
1990,KHM,Camboya,313800276.360029,6.068377297625e-5
1991,KHM,Camboya,335124212.342653,6.494625161756e-5
1992,KHM,Camboya,345185762.341019,6.725217390698e-5
1993,KHM,Camboya,372786795.520247,7.311876739297e-5
1994,KHM,Camboya,391008848.0096,7.391281123927e-5
1995,KHM,Camboya,437009441.026442,7.864334055588e-5
1996,KHM,Camboya,511565277.184374,8.981777805744e-5
1997,KHM,Camboya,652291923.32341,1.093282400455e-4
1998,KHM,Camboya,745444426.312256,1.2321774500058e-4
1999,KHM,Camboya,897665159.358366,1.4347901334297e-4
2000,KHM,Camboya,1170837402.44103,1.7584773016258e-4
2001,KHM,Camboya,1327078762.40064,2.0083927940897e-4
2002,KHM,Camboya,1500277452.523,2.2406207308241e-4
2003,KHM,Camboya,1679565426.84298,2.4221558595194e-4
2004,KHM,Camboya,1948987164.76933,2.3269734521222e-4
2005,KHM,Camboya,2142887941.50125,2.4510386460393e-4
2006,KHM,Camboya,2482797725.38824,0.00026604904279028003
2007,KHM,Camboya,2724078870.78147,2.7521484942038e-4
2008,KHM,Camboya,2881367246.28144,2.8725780104119e-4
2009,KHM,Camboya,2876841162.41389,3.0512965281869e-4
2010,KHM,Camboya,3301477402.95631,3.2030685690842e-4
2011,KHM,Camboya,3787235716.10641,3.5204643990044e-4
2012,KHM,Camboya,4118370503.585,3.7397889996896e-4
2013,KHM,Camboya,4561662863.70221,4.0086762058909e-4
2014,KHM,Camboya,4941325140.99855,4.1632330409682e-4
2015,KHM,Camboya,5428817663.75957,4.4096327307624e-4
2016,KHM,Camboya,5910135244.25121,4.6740208261516e-4
2017,KHM,Camboya,6530893728.48159,4.9891350004716e-4
2018,KHM,Camboya,7325759405.31195,5.3772255282011e-4
2019,KHM,Camboya,8098334146.14752,5.8544036444834e-4
2020,KHM,Camboya,8031214067.35418,5.9308693935595e-4
2021,KHM,Camboya,9229245891.87436,6.2408822837604e-4
2022,KHM,Camboya,10208736803.3629,6.7571013595502e-4
2023,KHM,Camboya,11162767653.4406,7.2740732819826e-4
1970,KIR,Kiribati,804790824.628767,2.8639037968597e-4
1971,KIR,Kiribati,656588359.345541,2.2651288093924e-4
1972,KIR,Kiribati,486349424.013155,1.5777002060938e-4
1973,KIR,Kiribati,509288357.078085,1.5155583624926e-4
1974,KIR,Kiribati,733403649.010661,2.1542208904111e-4
1975,KIR,Kiribati,573444032.772504,1.7352476312319e-4
1976,KIR,Kiribati,311735969.455823,8.814011722012e-5
1977,KIR,Kiribati,220782686.816326,6.007283772997e-5
1978,KIR,Kiribati,170820762.700347,4.492978705332e-5
1979,KIR,Kiribati,2605572.44739094,6.5843380989e-7
1980,KIR,Kiribati,2755604.94075892,6.9542632359e-7
1981,KIR,Kiribati,3261355.9122122,8.128609059e-7
1982,KIR,Kiribati,3307696.09065883,8.3913386535e-7
1983,KIR,Kiribati,3494967.59280569,8.7024131179e-7
1984,KIR,Kiribati,3638063.82697462,8.5924468844e-7
1985,KIR,Kiribati,3925228.55600427,8.8991610015e-7
1986,KIR,Kiribati,3972954.03727158,8.8227183623e-7
1987,KIR,Kiribati,4089355.45610092,8.6817916444e-7
1988,KIR,Kiribati,4299638.12745054,8.6443438138e-7
1989,KIR,Kiribati,4224892.49457514,8.2563335165e-7
1990,KIR,Kiribati,4530096.89480603,8.7604566418e-7
1991,KIR,Kiribati,4557653.77629486,8.8326213994e-7
1992,KIR,Kiribati,4528732.58142202,8.8232813856e-7
1993,KIR,Kiribati,4790817.93211348,9.3967572405e-7
1994,KIR,Kiribati,4857382.18242124,9.1819603109e-7
1995,KIR,Kiribati,5230532.38766688,9.4127609436e-7
1996,KIR,Kiribati,5356155.66542486,9.4040393719e-7
1997,KIR,Kiribati,5339923.33464607,8.9500482725e-7
1998,KIR,Kiribati,5069642.35855494,8.3798319141e-7
1999,KIR,Kiribati,5327469.10246916,8.5152019377e-7
2000,KIR,Kiribati,5519290.06501578,8.2894057536e-7
2001,KIR,Kiribati,5705478.36230556,8.6346356782e-7
2002,KIR,Kiribati,6083181.02644192,9.0850538973e-7
2003,KIR,Kiribati,5856135.29141468,8.445322929e-7
2004,KIR,Kiribati,6070714.05067845,7.2480674509e-7
2005,KIR,Kiribati,6385952.90088648,7.3042631155e-7
2006,KIR,Kiribati,6848677.02639717,7.3388337222e-7
2007,KIR,Kiribati,6768633.80962901,6.8383795883e-7
2008,KIR,Kiribati,6592414.74513812,6.5723054417e-7
2009,KIR,Kiribati,6594914.73697092,6.994838889e-7
2010,KIR,Kiribati,6652386.06346106,6.4540949728e-7
2011,KIR,Kiribati,6605723.54723689,6.1404191132e-7
2012,KIR,Kiribati,7214698.31939998,6.5514866589e-7
2013,KIR,Kiribati,7797723.40122552,6.8524459594e-7
2014,KIR,Kiribati,8086039.55078146,6.8127609634e-7
2015,KIR,Kiribati,8734785.55733398,7.09495118e-7
2016,KIR,Kiribati,9326767.13163873,7.3760585861e-7
2017,KIR,Kiribati,10241211.6704821,7.8235521379e-7
2018,KIR,Kiribati,11437866.6816766,8.395578575e-7
2019,KIR,Kiribati,11651857.7367135,8.4232975779e-7
2020,KIR,Kiribati,11773999.0168513,8.6948311703e-7
2021,KIR,Kiribati,12078287.3780957,8.167424576e-7
2022,KIR,Kiribati,11952448.2089891,7.9112534291e-7
2023,KIR,Kiribati,12346668.0605449,8.0455466824e-7
1970,KNA,Saint Kitts y Nevis,24930590.0569893,8.87172285482e-6
1971,KNA,Saint Kitts y Nevis,26511942.018034,9.14621205253e-6
1972,KNA,Saint Kitts y Nevis,27831842.1734483,9.02855045466e-6
1973,KNA,Saint Kitts y Nevis,28918516.7036359,8.60567480327e-6
1974,KNA,Saint Kitts y Nevis,30446842.8958839,8.94312771716e-6
1975,KNA,Saint Kitts y Nevis,31493473.0135315,9.52995782025e-6
1976,KNA,Saint Kitts y Nevis,33118569.3774252,9.36393253619e-6
1977,KNA,Saint Kitts y Nevis,34988231.6579528,9.51996007094e-6
1978,KNA,Saint Kitts y Nevis,37776219.2471356,9.9360139811e-6
1979,KNA,Saint Kitts y Nevis,38262260.6670415,9.66895627546e-6
1980,KNA,Saint Kitts y Nevis,40705968.9171243,1.02728812442e-5
1981,KNA,Saint Kitts y Nevis,36122328.3044,9.00313529077e-6
1982,KNA,Saint Kitts y Nevis,38849560.7160946,9.85579725512e-6
1983,KNA,Saint Kitts y Nevis,35717293.7878117,8.89354873098e-6
1984,KNA,Saint Kitts y Nevis,40354939.0027478,9.53110463145e-6
1985,KNA,Saint Kitts y Nevis,38984572.221624,8.83846583262e-6
1986,KNA,Saint Kitts y Nevis,42380111.5856893,9.41132933276e-6
1987,KNA,Saint Kitts y Nevis,42535374.8170481,9.03035369858e-6
1988,KNA,Saint Kitts y Nevis,44169014.0339543,8.88009948535e-6
1989,KNA,Saint Kitts y Nevis,45060089.9704485,8.80569461966e-6
1990,KNA,Saint Kitts y Nevis,41718555.208595,8.06767719436e-6
1991,KNA,Saint Kitts y Nevis,40300934.400536,7.810222388e-6
1992,KNA,Saint Kitts y Nevis,41529539.1008538,8.09115580824e-6
1993,KNA,Saint Kitts y Nevis,42380111.5856893,8.31247661762e-6
1994,KNA,Saint Kitts y Nevis,42704139.1989599,8.07240806906e-6
1995,KNA,Saint Kitts y Nevis,44803568.1099426,8.06276005551e-6
1996,KNA,Saint Kitts y Nevis,47031257.9511783,8.25748594914e-6
1997,KNA,Saint Kitts y Nevis,53680574.5985029,8.99720284069e-6
1998,KNA,Saint Kitts y Nevis,52215699.7635085,8.63095966833e-6
1999,KNA,Saint Kitts y Nevis,54949682.7504796,8.78292555119e-6
2000,KNA,Saint Kitts y Nevis,63846940.9648692,9.58915356059e-6
2001,KNA,Saint Kitts y Nevis,82350267.7976781,1.246283861381e-5
2002,KNA,Saint Kitts y Nevis,62274056.9254513,9.30044924057e-6
2003,KNA,Saint Kitts y Nevis,67904036.7060287,9.79266170664e-6
2004,KNA,Saint Kitts y Nevis,73243741.7497178,8.7448622375e-6
2005,KNA,Saint Kitts y Nevis,79022234.1863776,9.03857575265e-6
2006,KNA,Saint Kitts y Nevis,69193396.5838348,7.41455364659e-6
2007,KNA,Saint Kitts y Nevis,73426007.2821826,7.41826081265e-6
2008,KNA,Saint Kitts y Nevis,80946148.140172,8.06992324477e-6
2009,KNA,Saint Kitts y Nevis,79251753.7457776,8.40576825083e-6
2010,KNA,Saint Kitts y Nevis,72447173.8670942,7.02877037186e-6
2011,KNA,Saint Kitts y Nevis,65818108.945599,6.11819085797e-6
2012,KNA,Saint Kitts y Nevis,60269136.0683392,5.47288914129e-6
2013,KNA,Saint Kitts y Nevis,61450486.7417218,5.40011639181e-6
2014,KNA,Saint Kitts y Nevis,62658839.7162102,5.27921851672e-6
2015,KNA,Saint Kitts y Nevis,62692592.5925926,5.09229311785e-6
2016,KNA,Saint Kitts y Nevis,56016273.6441621,4.43003787216e-6
2017,KNA,Saint Kitts y Nevis,54821421.8202266,4.18796394107e-6
2018,KNA,Saint Kitts y Nevis,59155291.1477214,4.34209375559e-6
2019,KNA,Saint Kitts y Nevis,60836184.3915629,4.39793633099e-6
2020,KNA,Saint Kitts y Nevis,48860663.8511021,3.60824918067e-6
2021,KNA,Saint Kitts y Nevis,43811233.5443013,2.96254704295e-6
2022,KNA,Saint Kitts y Nevis,46133431.4394075,3.0535440212e-6
2023,KNA,Saint Kitts y Nevis,42278852.9565422,2.75504681483e-6
1970,KOR,Corea del Sur,5641469007.11726,0.00200755575422996
1971,KOR,Corea del Sur,6618025535.80575,0.00228311697718652
1972,KOR,Corea del Sur,7615720031.38968,0.00247051244842261
1973,KOR,Corea del Sur,9938089688.89047,0.0029574119898623
1974,KOR,Corea del Sur,11582816474.05,0.00340221176317514
1975,KOR,Corea del Sur,13067736721.1038,0.00395431077750081
1976,KOR,Corea del Sur,15826285255.6629,0.00447471826888715
1977,KOR,Corea del Sur,18429851269.4575,0.00501458461558958
1978,KOR,Corea del Sur,23113972107.8452,0.00607950595902553
1979,KOR,Corea del Sur,25549223771.1321,0.00645634427261714
1980,KOR,Corea del Sur,25241714592.9767,0.00637019934206261
1981,KOR,Corea del Sur,27632936134.3486,0.00688723773291485
1982,KOR,Corea del Sur,29119785988.3388,0.00738743763182132
1983,KOR,Corea del Sur,34120186945.5024,0.00849587169489975
1984,KOR,Corea del Sur,40982570886.9958,0.00967933989848269
1985,KOR,Corea del Sur,43981969450.9943,0.00997146081363832
1986,KOR,Corea del Sur,51251851293.717,0.0113814719544551
1987,KOR,Corea del Sur,61667957246.4257,0.0130922430612145
1988,KOR,Corea del Sur,70070342942.0697,0.0140875142881884
1989,KOR,Corea del Sur,73209111752.5283,0.0143066088392672
1990,KOR,Corea del Sur,81591850541.1823,0.0157785117093817
1991,KOR,Corea del Sur,93361926597.4804,0.0180933127269861
1992,KOR,Corea del Sur,99246613788.0046,0.0193361119093796
1993,KOR,Corea del Sur,106431943763.145,0.0208756657497469
1994,KOR,Corea del Sur,119101742908.296,0.0225139269524491
1995,KOR,Corea del Sur,135057750375.737,0.0243047212722998
1996,KOR,Corea del Sur,146991667602.826,0.0258079771358011
1997,KOR,Corea del Sur,156061171042.067,0.0261568364706086
1998,KOR,Corea del Sur,144637634849.685,0.0239077824976997
1999,KOR,Corea del Sur,172922602709.763,0.0276392195495597
2000,KOR,Corea del Sur,200446165214.574,0.0301049514640459
2001,KOR,Corea del Sur,206293839035.679,0.0312203820544065
2002,KOR,Corea del Sur,225360285175.374,0.0336569029961234
2003,KOR,Corea del Sur,236135999693.524,0.034053939558416
2004,KOR,Corea del Sur,260075054185.541,0.0310513972379411
2005,KOR,Corea del Sur,273100778101.073,0.0312373105669812
2006,KOR,Corea del Sur,294171121044.337,0.0315224814208945
2007,KOR,Corea del Sur,317403588559.966,0.0320674198416141
2008,KOR,Corea del Sur,327928717304.588,0.0326928413421599
2009,KOR,Corea del Sur,322467315708.41,0.0342022150451025
2010,KOR,Corea del Sur,367699144197.828,0.0356738946813506
2011,KOR,Corea del Sur,386639376501.993,0.0359404658769937
2012,KOR,Corea del Sur,393404227583.786,0.0357240515749745
2013,KOR,Corea del Sur,407181007144.653,0.0357820571927747
2014,KOR,Corea del Sur,420802277928.317,0.0354540107601951
2015,KOR,Corea del Sur,428233369659.645,0.0347838516637179
2016,KOR,Corea del Sur,437116139773.075,0.0345692586770105
2017,KOR,Corea del Sur,455715445615.321,0.0348133957540834
2018,KOR,Corea del Sur,471158177637.649,0.0345837699607881
2019,KOR,Corea del Sur,473493177449.643,0.0342295110781261
2020,KOR,Corea del Sur,464009861031.926,0.0342660755898728
2021,KOR,Corea del Sur,494062524264.663,0.0334088623369324
2022,KOR,Corea del Sur,506283075831.231,0.0335105716398681
2023,KOR,Corea del Sur,514862020561.566,0.0335503182001654
1990,KOS,Kosovo,924429646.41941,1.7876937345802e-4
1991,KOS,Kosovo,811805024.918639,1.5732582568179e-4
1992,KOS,Kosovo,611404883.518423,1.1911936134069e-4
1993,KOS,Kosovo,471176465.730028,9.241701372678e-5
1994,KOS,Kosovo,438186699.137053,8.28308897503e-5
1995,KOS,Kosovo,509469516.690666,9.168311011734e-5
1996,KOS,Kosovo,592796640.432914,1.0407992773991e-4
1997,KOS,Kosovo,429415664.985324,7.197277357294e-5
1998,KOS,Kosovo,421147758.577839,6.961334110542e-5
1999,KOS,Kosovo,326383955.96993,5.216783506114e-5
2000,KOS,Kosovo,375722027.370175,5.642958240604e-5
2001,KOS,Kosovo,466168012.814761,7.054957884177e-5
2002,KOS,Kosovo,496976243.721444,7.422195624794e-5
2003,KOS,Kosovo,446178567.478299,6.434486054175e-5
2004,KOS,Kosovo,480487690.349983,5.736734031536e-5
2005,KOS,Kosovo,615661919.344182,7.041950855116e-5
2006,KOS,Kosovo,438373572.498449,4.697477694423e-5
2007,KOS,Kosovo,422397498.084771,4.267499927327e-5
2008,KOS,Kosovo,637821685.525893,6.358760934657e-5
2009,KOS,Kosovo,688547886.537888,7.303023201741e-5
2010,KOS,Kosovo,680171020.455904,6.598968132489e-5
2011,KOS,Kosovo,692861139.209227,6.440562871928e-5
2012,KOS,Kosovo,737401517.116578,6.696158297721e-5
2013,KOS,Kosovo,805831526.145985,7.081447624115e-5
2014,KOS,Kosovo,811986564.770378,6.841260590658e-5
2015,KOS,Kosovo,835091519.822265,6.783147136388e-5
2016,KOS,Kosovo,857509227.347916,6.781597749628e-5
2017,KOS,Kosovo,893201923.608373,6.823422895596e-5
2018,KOS,Kosovo,947107525.853698,6.951921956758e-5
2019,KOS,Kosovo,958015770.712146,6.925635468126e-5
2020,KOS,Kosovo,969442961.925648,7.159116347126e-5
2021,KOS,Kosovo,1072379980.47212,7.251510361729e-5
2022,KOS,Kosovo,1175230583.75866,7.778780399828e-5
2023,KOS,Kosovo,1257978538.9999,8.197454577518e-5
1970,KWT,Kuwait,2557641221.40725,9.1015431349779e-4
1971,KWT,Kuwait,2848282269.53704,9.8261355599433e-4
1972,KWT,Kuwait,3042042968.29024,9.8682790213155e-4
1973,KWT,Kuwait,3429564365.79663,0.00102058193203364
1974,KWT,Kuwait,3894590042.09266,0.00114395493390041
1975,KWT,Kuwait,4940897814.64827,0.00149512083813574
1976,KWT,Kuwait,4921521747.61952,0.00139150930992593
1977,KWT,Kuwait,5057154234.61183,0.00137600284737917
1978,KWT,Kuwait,5812820959.03765,0.00152890552494971
1979,KWT,Kuwait,5774068821.42193,0.00145911971724974
1980,KWT,Kuwait,5619060260.28445,0.00141807062437168
1981,KWT,Kuwait,5464051702.70518,0.00136186118183405
1982,KWT,Kuwait,6025957728.3778,0.00152873331240173
1983,KWT,Kuwait,5774068821.42193,0.00143773385364725
1984,KWT,Kuwait,5987205590.76209,0.00141406936414209
1985,KWT,Kuwait,6006581657.79084,0.00136179426188079
1986,KWT,Kuwait,6064709869.55173,0.00134678696573585
1987,KWT,Kuwait,6723496244.60095,0.00142741305186626
1988,KWT,Kuwait,7169145850.31001,0.00144134366066748
1989,KWT,Kuwait,6510359475.26079,0.00127226193824645
1990,KWT,Kuwait,3980726401.1094,7.6980651517454e-4
1991,KWT,Kuwait,1003886638.8847,1.945507720518e-4
1992,KWT,Kuwait,3327864278.20353,6.4836424787268e-4
1993,KWT,Kuwait,4347407134.15733,8.5270469561939e-4
1994,KWT,Kuwait,5722024290.85862,0.00108164023261793
1995,KWT,Kuwait,6125257018.51318,0.00110228894041245
1996,KWT,Kuwait,6567200459.12941,0.00115303242734404
1997,KWT,Kuwait,7626147764.68378,0.00127819045986629
1998,KWT,Kuwait,6997470445.04495,0.00115664226401432
1999,KWT,Kuwait,6495400126.0533705,0.00103819736305698
2000,KWT,Kuwait,4247655076.32493,6.3795408493787e-4
2001,KWT,Kuwait,3992795774.02269,6.042672438155e-4
2002,KWT,Kuwait,5086566955.8917,7.5966397754825e-4
2003,KWT,Kuwait,5973264952.86104,8.6142394186037e-4
2004,KWT,Kuwait,6642270628.52084,7.930471628431e-4
2005,KWT,Kuwait,6982083032.77657,7.9861177114103e-4
2006,KWT,Kuwait,7059602739.95479,7.5648552930381e-4
2007,KWT,Kuwait,6607758429.85149,6.6758465064417e-4
2008,KWT,Kuwait,7709493965.807,7.6859771576016e-4
2009,KWT,Kuwait,6909341941.60845,7.3283333657518e-4
2010,KWT,Kuwait,7034576623.3844805,6.8248933822781e-4
2011,KWT,Kuwait,8272832903.06976,7.6900979757636e-4
2012,KWT,Kuwait,9888259198.98102,8.9792802629676e-4
2013,KWT,Kuwait,9760163721.7722,8.5769898491171e-4
2014,KWT,Kuwait,8475650741.98373,7.1410215288125e-4
2015,KWT,Kuwait,7995292702.45065,6.4942878129998e-4
2016,KWT,Kuwait,9586096201.07621,7.5811485581325e-4
2017,KWT,Kuwait,10251481041.022,7.8313972014861e-4
2018,KWT,Kuwait,10481570232.6816,7.6936415615752e-4
2019,KWT,Kuwait,9463541828.20558,6.8413321516406e-4
2020,KWT,Kuwait,12415407686.9998,9.168496922365e-4
2021,KWT,Kuwait,15217085993.1531,0.00102899027177009
2022,KWT,Kuwait,13823136446.4226,9.1494506984059e-4
2023,KWT,Kuwait,11435484883.1257,7.4517859403104e-4
1970,LAO,Lao,32716789.2487619,1.164249567504e-5
1971,LAO,Lao,34350284.5168356,1.185031960473e-5
1972,LAO,Lao,35538353.6960204,1.15285153394e-5
1973,LAO,Lao,38634291.0178685,1.149692939517e-5
1974,LAO,Lao,40059040.1358597,1.176651101025e-5
1975,LAO,Lao,42696014.6880291,1.291985862896e-5
1976,LAO,Lao,43988662.7376097,1.243733886986e-5
1977,LAO,Lao,43120287.6526552,1.17326140033e-5
1978,LAO,Lao,43490900.2093963,1.143910643106e-5
1979,LAO,Lao,42768840.7444964,1.080777883746e-5
1980,LAO,Lao,46711067.2944822,1.178837551032e-5
1981,LAO,Lao,54323790.4639458,1.353967083552e-5
1982,LAO,Lao,58042171.3646237,1.472479643714e-5
1983,LAO,Lao,60210370.5144186,1.499228545874e-5
1984,LAO,Lao,66306093.6547693,1.566029665622e-5
1985,LAO,Lao,65553441.9640374,1.486208066402e-5
1986,LAO,Lao,74906492.2068755,1.663444575637e-5
1987,LAO,Lao,69946144.3656023,1.484972040779e-5
1988,LAO,Lao,65542962.3559234,1.317729270202e-5
1989,LAO,Lao,91417114.7926153,1.786483774005e-5
1990,LAO,Lao,105603010.978075,2.042187221164e-5
1991,LAO,Lao,136933546.0401,2.653738586608e-5
1992,LAO,Lao,149814731.015171,2.918824425355e-5
1993,LAO,Lao,161310982.166563,3.163969412196e-5
1994,LAO,Lao,172559391.741917,3.26190821878e-5
1995,LAO,Lao,203024518.423961,3.653588422737e-5
1996,LAO,Lao,239746465.953396,4.209334728028e-5
1997,LAO,Lao,262035964.490288,4.39188801854e-5
1998,LAO,Lao,287235461.97024,4.747839632159e-5
1999,LAO,Lao,307626064.371828,4.916965277587e-5
2000,LAO,Lao,329762561.343614,4.952694352262e-5
2001,LAO,Lao,369651257.017752,5.594279269285e-5
2002,LAO,Lao,398648780.462676,5.953703565432e-5
2003,LAO,Lao,421083433.3436,6.072580973144e-5
2004,LAO,Lao,484748273.603133,5.787602833033e-5
2005,LAO,Lao,501882110.152634,5.740535582453e-5
2006,LAO,Lao,521528220.227589,5.588537574399e-5
2007,LAO,Lao,634076382.085745,6.406100714943e-5
2008,LAO,Lao,693467764.672014,6.913524314879e-5
2009,LAO,Lao,740623518.274914,7.85535885516e-5
2010,LAO,Lao,792467089.894519,7.688456160268e-5
2011,LAO,Lao,869556512.014807,8.08305311035e-5
2012,LAO,Lao,995978546.067456,9.044231467925e-5
2013,LAO,Lao,1030996181.89903,9.060138783226e-5
2014,LAO,Lao,1131549910.739,9.533689529568e-5
2015,LAO,Lao,1181536317.22842,9.597193237517e-5
2016,LAO,Lao,1218652231.99347,9.637691316309e-5
2017,LAO,Lao,1272625104.24662,9.721944214749e-5
2018,LAO,Lao,1352059251.32584,9.924332918438e-5
2019,LAO,Lao,1442796693.10126,1.0430187327302e-4
2020,LAO,Lao,1628230099.63787,1.2024109907452e-4
2021,LAO,Lao,1677451287.84802,1.1343045950719e-4
2022,LAO,Lao,1756087390.04088,1.1623436590926e-4
2023,LAO,Lao,1842059736.24033,1.2003544216986e-4
1970,LBN,Líbano,1908031081.80828,6.7898605357954e-4
1971,LBN,Líbano,2131253813.75513,7.3524977178641e-4
1972,LBN,Líbano,2389774461.80699,7.7523432222853e-4
1973,LBN,Líbano,2589951522.14011,7.707269630804e-4
1974,LBN,Líbano,2560354872.73464,7.5205106507871e-4
1975,LBN,Líbano,1736417439.87404,5.2544173052135e-4
1976,LBN,Líbano,870687189.028697,2.461777864037e-4
1977,LBN,Líbano,1255203999.62591,3.4152889103243e-4
1978,LBN,Líbano,1216749341.28568,3.2003304479527e-4
1979,LBN,Líbano,1331490789.19042,3.3647061092107e-4
1980,LBN,Líbano,1283309937.72686,3.2386627662942e-4
1981,LBN,Líbano,1384879336.66205,3.4516756296255e-4
1982,LBN,Líbano,875467975.403776,2.2209864693175e-4
1983,LBN,Líbano,1074541095.3218,2.6755900521097e-4
1984,LBN,Líbano,1552128204.55691,3.6658452929548e-4
1985,LBN,Líbano,1929325175.96189,4.3741084423937e-4
1986,LBN,Líbano,1798267051.24045,3.9934022857088e-4
1987,LBN,Líbano,2098554190.81742,4.4552767385374e-4
1988,LBN,Líbano,1543968137.17959,3.1041197002571e-4
1989,LBN,Líbano,858915941.462105,1.6785034138711e-4
1990,LBN,Líbano,1097182512.69497,2.1217691483965e-4
1991,LBN,Líbano,1563541262.66129,3.0301046752007e-4
1992,LBN,Líbano,1671930214.29444,3.257403803955e-4
1993,LBN,Líbano,1720531754.07716,3.3746678431309e-4
1994,LBN,Líbano,1859962276.66845,3.5159061327479e-4
1995,LBN,Líbano,1948045280.26956,3.5056631278878e-4
1996,LBN,Líbano,2192932128.92815,3.8502279188139e-4
1997,LBN,Líbano,2218703202.27713,3.7186864901286e-4
1998,LBN,Líbano,2395307870.50203,3.9593083530787e-4
1999,LBN,Líbano,2524709835.79563,4.0353897267906e-4
2000,LBN,Líbano,2501197532.90292,3.7565413261674e-4
2001,LBN,Líbano,2502612834.97121,3.7874387915457e-4
2002,LBN,Líbano,2549692861.44942,3.8078921155487e-4
2003,LBN,Líbano,2678713404.72481,3.8630596138331e-4
2004,LBN,Líbano,2848303716.50205,3.4007033251375e-4
2005,LBN,Líbano,3006348003.2877,3.4386656421889e-4
2006,LBN,Líbano,3018397413.96146,3.2344227422696e-4
2007,LBN,Líbano,3608347959.49649,3.6455293236215e-4
2008,LBN,Líbano,3889243366.20369,3.8773797353723e-4
2009,LBN,Líbano,3811902075.73883,4.0430607436563e-4
2010,LBN,Líbano,4041955958.51359,3.9214752997383e-4
2011,LBN,Líbano,4095485273.80623,3.8070009853795e-4
2012,LBN,Líbano,4181156828.48468,3.7968036871701e-4
2013,LBN,Líbano,4414634947.37812,3.8794717189789e-4
2014,LBN,Líbano,4208158700.81538,3.5455155944933e-4
2015,LBN,Líbano,4018582380.7927,3.2641494880004e-4
2016,LBN,Líbano,3813247279.35045,3.0157003964142e-4
2017,LBN,Líbano,3763021966.43542,2.8746792369949e-4
2018,LBN,Líbano,3622948791.70742,2.6593028315956e-4
2019,LBN,Líbano,3081829850.00825,2.2278996618272e-4
2020,LBN,Líbano,1606232589.30133,1.1861663283946e-4
2021,LBN,Líbano,1886670571.63423,1.2757801757314e-4
2022,LBN,Líbano,1825199199.54511,1.2080883492494e-4
2023,LBN,Líbano,1579301227.28691,1.0291312350364e-4
1970,LBR,Liberia,93159931.2661297,3.315160569721e-5
1971,LBR,Liberia,101467186.502543,3.500461805079e-5
1972,LBR,Liberia,107994315.038867,3.503297108647e-5
1973,LBR,Liberia,123422076.064134,3.672837929544e-5
1974,LBR,Liberia,153539423.626606,4.509901666351e-5
1975,LBR,Liberia,136413872.0007,4.127898011457e-5
1976,LBR,Liberia,165350148.676576,4.675104227516e-5
1977,LBR,Liberia,172436584.111158,4.691832989893e-5
1978,LBR,Liberia,181294627.392885,4.768465421831e-5
1979,LBR,Liberia,194876960.29,4.924583062499e-5
1980,LBR,Liberia,153539423.626606,3.87484270042e-5
1981,LBR,Liberia,139366553.768943,3.473574372108e-5
1982,LBR,Liberia,146235174.817982,3.709859797661e-5
1983,LBR,Liberia,144905764.422878,3.608130237839e-5
1984,LBR,Liberia,151331250.359382,3.574169647701e-5
1985,LBR,Liberia,148893997.631191,3.375680264658e-5
1986,LBR,Liberia,144241059.225325,3.203153698479e-5
1987,LBR,Liberia,146456744.902999,3.109308930993e-5
1988,LBR,Liberia,161080262.283648,3.238489211251e-5
1989,LBR,Liberia,163517515.011839,3.1954780896e-5
1990,LBR,Liberia,122913691.110035,2.376947086699e-5
1991,LBR,Liberia,106641338.71692,2.066683027384e-5
1992,LBR,Liberia,58719974.8965812,1.144035007926e-5
1993,LBR,Liberia,36559652.7208648,7.170846112e-6
1994,LBR,Liberia,26147525.6770365,4.94269410929e-6
1995,LBR,Liberia,8257459.09174604,1.48599573948e-6
1996,LBR,Liberia,4321199.78758513,7.5869215674e-7
1997,LBR,Liberia,6131573.37197119,1.02769036607e-6
1998,LBR,Liberia,7007717.47060856,1.15833603934e-6
1999,LBR,Liberia,353838.881632323,5.655611459e-8
2000,LBR,Liberia,4636499.50797533,6.9635451743e-7
2001,LBR,Liberia,74790789.962045,1.131879191196e-5
2002,LBR,Liberia,77022576.6966112,1.150309776353e-5
2003,LBR,Liberia,40055326.9039738,5.77650880488e-6
2004,LBR,Liberia,57769937.6889383,6.89738310045e-6
2005,LBR,Liberia,57604896.2925426,6.58885722765e-6
2006,LBR,Liberia,91344249.3297791,9.78817156552e-6
2007,LBR,Liberia,105103306.448212,1.061863184946e-5
2008,LBR,Liberia,118149099.288917,1.177887008347e-5
2009,LBR,Liberia,120280543.201155,1.27574510777e-5
2010,LBR,Liberia,142761362.184227,1.385060008838e-5
2011,LBR,Liberia,166268870.855929,1.545569603765e-5
2012,LBR,Liberia,156292979.483181,1.419257361354e-5
2013,LBR,Liberia,133725809.757187,1.175149255225e-5
2014,LBR,Liberia,107183856.73829,9.03060132855e-6
2015,LBR,Liberia,131437377,1.067618394211e-5
2016,LBR,Liberia,124130596.406893,9.81684798724e-6
2017,LBR,Liberia,124170039.849129,9.48570161415e-6
2018,LBR,Liberia,128064713.354068,9.400156459e-6
2019,LBR,Liberia,123611068.768869,8.93602410618e-6
2020,LBR,Liberia,129961440.715876,9.59735756786e-6
2021,LBR,Liberia,155627426.648635,1.052363823889e-5
2022,LBR,Liberia,144597055.636443,9.57079196033e-6
2023,LBR,Liberia,191058190.756053,1.245006009109e-5
1970,LBY,Libia,200386756.115659,7.130901274188e-5
1971,LBY,Libia,192759254.529,6.649897679359e-5
1972,LBY,Libia,205271054.841352,6.658919894588e-5
1973,LBY,Libia,209763444.25554,6.242214998015e-5
1974,LBY,Libia,274033075.650029,8.049152428205e-5
1975,LBY,Libia,246240915.381235,7.451275812598e-5
1976,LBY,Libia,330075609.27833,9.332546046605e-5
1977,LBY,Libia,455263738.567319,1.2387286831982e-4
1978,LBY,Libia,530075863.99539,1.3942213648349e-4
1979,LBY,Libia,511278847.036484,1.2920127379776e-4
1980,LBY,Libia,590226316.346191,1.4895419557206e-4
1981,LBY,Libia,655636413.288681,1.6341093189376e-4
1982,LBY,Libia,722274868.746658,1.8323488187841e-4
1983,LBY,Libia,839276026.764063,2.0897838137234e-4
1984,LBY,Libia,907142841.422419,2.1425068531728e-4
1985,LBY,Libia,1146979860.57701,2.6003984988711e-4
1986,LBY,Libia,1017078234.53299,2.2586203443626e-4
1987,LBY,Libia,868645744.94991,1.8441540363546e-4
1988,LBY,Libia,931264691.061983,1.8722906283286e-4
1989,LBY,Libia,1001403346.23529,1.95695393947e-4
1990,LBY,Libia,1042967771.73279,2.0169268241425e-4
1991,LBY,Libia,1185143226.6349,2.2967785485216e-4
1992,LBY,Libia,1179507567.03703,2.2980220124089e-4
1993,LBY,Libia,1143370952.6347,2.2426189911826e-4
1994,LBY,Libia,1070658367.89054,2.0238767038258e-4
1995,LBY,Libia,1207672471.26438,2.1733031033503e-4
1996,LBY,Libia,1189131571.99232,2.0878108890062e-4
1997,LBY,Libia,1286235604.12138,2.1558119893005e-4
1998,LBY,Libia,1265180683.52946,2.0912720699248e-4
1999,LBY,Libia,1311375806.36166,2.0960477841549e-4
2000,LBY,Libia,1239411977.15777,1.8614692566629e-4
2001,LBY,Libia,1171533430.28715,1.772991450159e-4
2002,LBY,Libia,1224821707.57089,1.8292355890116e-4
2003,LBY,Libia,1410551516.36904,2.0342021608228e-4
2004,LBY,Libia,1487533900.3938,1.7760260087489e-4
2005,LBY,Libia,1577350094.57644,1.8041755545239e-4
2006,LBY,Libia,2963593986.89554,3.1756970588866e-4
2007,LBY,Libia,3144121235.54032,3.1765190856989e-4
2008,LBY,Libia,3237648211.34783,3.2277721867526e-4
2009,LBY,Libia,3329156619.28289,3.5310409788786e-4
2010,LBY,Libia,2765707054.95857,2.6832682032291e-4
2011,LBY,Libia,1305340523.50559,1.2133928770358e-4
2012,LBY,Libia,1853247115.34897,1.6828872413629e-4
2013,LBY,Libia,1911045440.63587,1.6793793437062e-4
2014,LBY,Libia,2224259880.17007,1.8740139457717e-4
2015,LBY,Libia,2017289393.49194,1.6385713958205e-4
2016,LBY,Libia,1977860035.43346,1.5641873856983e-4
2017,LBY,Libia,1799418639.89161,1.374626948473e-4
2018,LBY,Libia,1798476641.87075,1.3201108547911e-4
2019,LBY,Libia,1426858305.86603,1.0314966405772e-4
2020,LBY,Libia,693876507.192954,5.124120593608e-5
2021,LBY,Libia,893770296.021782,6.043738861811e-5
2022,LBY,Libia,790228412.739772,5.230474234892e-5
2023,LBY,Libia,865963558.496363,5.642939618193e-5
1970,LCA,Santa Lucía,8034946.91952937,2.85929141911e-6
1971,LCA,Santa Lucía,8428916.42842681,2.90784647065e-6
1972,LCA,Santa Lucía,8660605.90762862,2.80946970443e-6
1973,LCA,Santa Lucía,8797890.67872489,2.618107523e-6
1974,LCA,Santa Lucía,9230665.43384851,2.71131624949e-6
1975,LCA,Santa Lucía,9736565.65296619,2.94629493378e-6
1976,LCA,Santa Lucía,11569809.5124969,3.27124382991e-6
1977,LCA,Santa Lucía,12217208.6567231,3.32418453517e-6
1978,LCA,Santa Lucía,14002909.4418573,3.6830870522e-6
1979,LCA,Santa Lucía,14002909.4418573,3.53856559341e-6
1980,LCA,Santa Lucía,15326872.115363,3.86801103805e-6
1981,LCA,Santa Lucía,14624842.1335853,3.64509815716e-6
1982,LCA,Santa Lucía,13658962.0049043,3.46516042278e-6
1983,LCA,Santa Lucía,16193808.9707768,4.03223239917e-6
1984,LCA,Santa Lucía,18516633.2186003,4.37329291011e-6
1985,LCA,Santa Lucía,24165855.5821016,5.47881063474e-6
1986,LCA,Santa Lucía,28816216.3712852,6.39920217874e-6
1987,LCA,Santa Lucía,30173160.4904277,6.40582838648e-6
1988,LCA,Santa Lucía,32613775.0583789,6.55693982412e-6
1989,LCA,Santa Lucía,32708007.4563002,6.39183644477e-6
1990,LCA,Santa Lucía,36571528.6801197,7.07232756313e-6
1991,LCA,Santa Lucía,35506704.5690761,6.88111238795e-6
1992,LCA,Santa Lucía,35831806.0228116,6.98107254976e-6
1993,LCA,Santa Lucía,35092083.0109559,6.88299555093e-6
1994,LCA,Santa Lucía,33452442.0525972,6.32355008719e-6
1995,LCA,Santa Lucía,35337086.4655463,6.35919104776e-6
1996,LCA,Santa Lucía,35007273.7819172,6.14638187377e-6
1997,LCA,Santa Lucía,31332216.9993926,5.25147716656e-6
1998,LCA,Santa Lucía,33626771.3860206,5.55831500724e-6
1999,LCA,Santa Lucía,33631483.3250096,5.3755144604e-6
2000,LCA,Santa Lucía,34719865.3582597,5.21456651629e-6
2001,LCA,Santa Lucía,34752793.9762885,5.25946635376e-6
2002,LCA,Santa Lucía,33267716.3168433,4.96843665292e-6
2003,LCA,Santa Lucía,34084344.27122,4.91541400382e-6
2004,LCA,Santa Lucía,39902819.5541158,4.76415665765e-6
2005,LCA,Santa Lucía,39112534.4941621,4.47369793506e-6
2006,LCA,Santa Lucía,39929162.4485388,4.27868744208e-6
2007,LCA,Santa Lucía,40659530.7192189,4.10784971919e-6
2008,LCA,Santa Lucía,42393268.9928236,4.22639538418e-6
2009,LCA,Santa Lucía,43176819.4191357,4.57951175452e-6
2010,LCA,Santa Lucía,44400008.9986727,4.30765551093e-6
2011,LCA,Santa Lucía,45094922.4989314,4.19184548134e-6
2012,LCA,Santa Lucía,47977395.3341882,4.35670698273e-6
2013,LCA,Santa Lucía,52210694.9224989,4.58814639929e-6
2014,LCA,Santa Lucía,52189422.0602461,4.39713477883e-6
2015,LCA,Santa Lucía,52533333.3333333,4.26709314017e-6
2016,LCA,Santa Lucía,54228071.3594745,4.28861818589e-6
2017,LCA,Santa Lucía,54033070.122157,4.12773951831e-6
2018,LCA,Santa Lucía,57387091.4040179,4.21230504325e-6
2019,LCA,Santa Lucía,57312636.386133,4.14321391632e-6
2020,LCA,Santa Lucía,57195635.6437425,4.22376793894e-6
2021,LCA,Santa Lucía,59578196.2160581,4.02872037021e-6
2022,LCA,Santa Lucía,61974938.6965423,4.10208383848e-6
2023,LCA,Santa Lucía,69360167.3753121,4.51976567104e-6
1970,LIE,Liechtenstein,353994998.745922,1.2597156800904e-4
1971,LIE,Liechtenstein,359963290.973609,1.2418179657049e-4
1972,LIE,Liechtenstein,366005633.889861,1.1873092379851e-4
1973,LIE,Liechtenstein,371862504.587559,1.1066016347959e-4
1974,LIE,Liechtenstein,378478664.746447,1.1117024673541e-4
1975,LIE,Liechtenstein,384748046.564682,1.164251606551e-4
1976,LIE,Liechtenstein,401851437.415097,1.1361933260595e-4
1977,LIE,Liechtenstein,423658781.748678,1.152734646718e-4
1978,LIE,Liechtenstein,442163487.193171,1.162991606424e-4
1979,LIE,Liechtenstein,457835671.971814,1.1569606752103e-4
1980,LIE,Liechtenstein,496318565.313893,1.2525489053329e-4
1981,LIE,Liechtenstein,502889609.260801,1.2534029230743e-4
1982,LIE,Liechtenstein,477334890.684747,1.2109572975014e-4
1983,LIE,Liechtenstein,471945844.940526,1.1751375664969e-4
1984,LIE,Liechtenstein,479807950.926819,1.1332193521536e-4
1985,LIE,Liechtenstein,515593466.499337,1.1689381151279e-4
1986,LIE,Liechtenstein,539698812.607938,1.1985063455264e-4
1987,LIE,Liechtenstein,588542007.745019,1.2494876368844e-4
1988,LIE,Liechtenstein,596557769.039969,1.1993684834721e-4
1989,LIE,Liechtenstein,633270864.953068,1.2375452095107e-4
1990,LIE,Liechtenstein,623831340.581957,1.2063864279047e-4
1991,LIE,Liechtenstein,646001138.955168,1.2519343864333e-4
1992,LIE,Liechtenstein,643664035.216192,1.2540437745884e-4
1993,LIE,Liechtenstein,641832730.982916,1.2588970083139e-4
1994,LIE,Liechtenstein,669521911.17021,1.2656042668289e-4
1995,LIE,Liechtenstein,679093238.805069,1.2220825418121e-4
1996,LIE,Liechtenstein,691765691.652102,1.2145636174241e-4
1997,LIE,Liechtenstein,756386784.342003,1.2677519522924e-4
1998,LIE,Liechtenstein,1726597215.31139,2.8539674841681e-4
1999,LIE,Liechtenstein,1722322812.9718,2.7528881486269e-4
2000,LIE,Liechtenstein,1733212105.70334,2.603106238687e-4
2001,LIE,Liechtenstein,1832480916.5375,2.7732652894115e-4
2002,LIE,Liechtenstein,1855949506.73432,2.7718065969454e-4
2003,LIE,Liechtenstein,1845752946.68639,2.6618202801692e-4
2004,LIE,Liechtenstein,1881745906.01763,2.2466914334251e-4
2005,LIE,Liechtenstein,1963128571.82891,2.2454295922378e-4
2006,LIE,Liechtenstein,2101688014.03725,2.2521048680717e-4
2007,LIE,Liechtenstein,2245588178.10961,2.2687273078893e-4
2008,LIE,Liechtenstein,2294658791.41621,2.2876592333474e-4
2009,LIE,Liechtenstein,2107450560.3779,2.2352490857753e-4
2010,LIE,Liechtenstein,2170501386.73363,2.105804136286e-4
2011,LIE,Liechtenstein,2245757209.85956,2.0875670010437e-4
2012,LIE,Liechtenstein,2234077735.54629,2.0287099794869e-4
2013,LIE,Liechtenstein,2286955329.4056,2.0097196322578e-4
2014,LIE,Liechtenstein,2303941646.08103,1.9411485202305e-4
2015,LIE,Liechtenstein,2282345702.35767,1.8538670729754e-4
2016,LIE,Liechtenstein,2364892927.33836,1.8702717175127e-4
2017,LIE,Liechtenstein,2563426802.05121,1.9582744584383e-4
2018,LIE,Liechtenstein,2440779759.17398,1.7915716997517e-4
2019,LIE,Liechtenstein,2602064401.22108,1.8810702347884e-4
2020,LIE,Liechtenstein,2285575042.85874,1.6878453188635e-4
2021,LIE,Liechtenstein,2406576652.73149,1.6273443976356e-4
2022,LIE,Liechtenstein,2468613186.75673,1.6339601893686e-4
2023,LIE,Liechtenstein,2487692462.78349,1.6210726442689e-4
1970,LKA,Sri Lanka,1423853066.39431,5.0668795893616e-4
1971,LKA,Sri Lanka,1520526922.9217,5.2455839180576e-4
1972,LKA,Sri Lanka,1472393156.65714,4.7763909485915e-4
1973,LKA,Sri Lanka,1514400807.21758,4.5066076529064e-4
1974,LKA,Sri Lanka,1949636323.61941,5.7266517595199e-4
1975,LKA,Sri Lanka,2079034890.07482,6.291181287228e-4
1976,LKA,Sri Lanka,2062688162.95378,5.8320371816146e-4
1977,LKA,Sri Lanka,2112228435.38035,5.7471696661071e-4
1978,LKA,Sri Lanka,2146015838.84399,5.6445149364816e-4
1979,LKA,Sri Lanka,2383465333.85924,6.0230686047812e-4
1980,LKA,Sri Lanka,2210090008.22396,5.5775584754471e-4
1981,LKA,Sri Lanka,2290042069.34008,5.707704774201e-4
1982,LKA,Sri Lanka,2275758217.91841,5.7734015994175e-4
1983,LKA,Sri Lanka,2207745831.29955,5.4972516263259e-4
1984,LKA,Sri Lanka,2594222467.57805,6.127082926351e-4
1985,LKA,Sri Lanka,2754251612.56879,6.2443570327678e-4
1986,LKA,Sri Lanka,2920844452.96259,6.4863040818185e-4
1987,LKA,Sri Lanka,3022425453.1993,6.416675763973e-4
1988,LKA,Sri Lanka,3097751671.83114,6.2279730776056e-4
1989,LKA,Sri Lanka,3196519659.7512,6.2466754922085e-4
1990,LKA,Sri Lanka,3493761294.29588,6.7563553377194e-4
1991,LKA,Sri Lanka,3766175858.20015,7.2987565778317e-4
1992,LKA,Sri Lanka,4104595631.56619,7.9969398899841e-4
1993,LKA,Sri Lanka,4494140827.29755,8.8148518598644e-4
1994,LKA,Sri Lanka,4875928185.29875,9.2170180140627e-4
1995,LKA,Sri Lanka,5280416756.97029,9.5025318519447e-4
1996,LKA,Sri Lanka,5647705860.87129,9.9159269436231e-4
1997,LKA,Sri Lanka,6191962689.1818,0.00103781199648554
1998,LKA,Sri Lanka,6561477402.26805,0.00108457508144422
1999,LKA,Sri Lanka,6805677274.72173,0.00108779075396638
2000,LKA,Sri Lanka,7493590076.4765,0.00112546012193492
2001,LKA,Sri Lanka,7251114572.11847,0.00109737919619916
2002,LKA,Sri Lanka,7355237053.79246,0.00109848325688947
2003,LKA,Sri Lanka,7643228889.75768,0.00110225486575855
2004,LKA,Sri Lanka,8038642969.7849,9.5976562185275e-4
2005,LKA,Sri Lanka,8535543825.70106,9.7629686445941e-4
2006,LKA,Sri Lanka,8657291417.73345,9.2768898218816e-4
2007,LKA,Sri Lanka,9417000663.07125,9.5140359087154e-4
2008,LKA,Sri Lanka,10339934532.1727,0.00103083939072851
2009,LKA,Sri Lanka,10970056939.2221,0.00116352953684015
2010,LKA,Sri Lanka,11789686043.4865,0.00114382648118225
2011,LKA,Sri Lanka,12188389151.586,0.00113298440619599
2012,LKA,Sri Lanka,12543218246.8489,0.00113901820099571
2013,LKA,Sri Lanka,12817385860.8563,0.0011263600852878
2014,LKA,Sri Lanka,13114931035.1117,0.00110497716012192
2015,LKA,Sri Lanka,13773218213.1191,0.00111874882529104
2016,LKA,Sri Lanka,14244831622.528,0.00112655018738332
2017,LKA,Sri Lanka,14926819633.807,0.00114030209917484
2018,LKA,Sri Lanka,15491937620.6751,0.00113713320143697
2019,LKA,Sri Lanka,15806156955.7616,0.00114265009589791
2020,LKA,Sri Lanka,15400887764.6146,0.00113732062314322
2021,LKA,Sri Lanka,16540571648.0269,0.00111848532123654
2022,LKA,Sri Lanka,14445043388.6354,9.5610871550687e-4
2023,LKA,Sri Lanka,13988106757.8677,9.1151689967822e-4
1970,LSO,Lesotho,18539307.1021843,6.59734062271e-6
1971,LSO,Lesotho,19242654.2060641,6.63841961115e-6
1972,LSO,Lesotho,17514096.3846875,5.68151047608e-6
1973,LSO,Lesotho,20226096.4549614,6.01895354505e-6
1974,LSO,Lesotho,21415943.5856079,6.29048861731e-6
1975,LSO,Lesotho,19631489.4999299,5.94050922242e-6
1976,LSO,Lesotho,22605790.7162544,6.39155323353e-6
1977,LSO,Lesotho,21415943.5856079,5.8270715082e-6
1978,LSO,Lesotho,22011183.9176509,5.78944731646e-6
1979,LSO,Lesotho,29744240.27955,7.51643404482e-6
1980,LSO,Lesotho,34717999.7802826,8.76170984912e-6
1981,LSO,Lesotho,36646777.6327583,9.13384913115e-6
1982,LSO,Lesotho,45219123.1397156,1.147170010432e-5
1983,LSO,Lesotho,48409985.1698954,1.205400847927e-5
1984,LSO,Lesotho,50183889.5941668,1.185252448288e-5
1985,LSO,Lesotho,52767742.9002729,1.19633451417e-5
1986,LSO,Lesotho,56289332.693671,1.250014282833e-5
1987,LSO,Lesotho,62958671.2370494,1.336626448242e-5
1988,LSO,Lesotho,74268697.9134998,1.49315858763e-5
1989,LSO,Lesotho,84981106.7085867,1.660710563621e-5
1990,LSO,Lesotho,96206744.697325,1.860479003306e-5
1991,LSO,Lesotho,98454659.1539234,1.908027182409e-5
1992,LSO,Lesotho,112880778.400446,2.199244165882e-5
1993,LSO,Lesotho,131418212.902925,2.57764970646e-5
1994,LSO,Lesotho,133282781.906661,2.519458357696e-5
1995,LSO,Lesotho,138031491.401876,2.483986972972e-5
1996,LSO,Lesotho,149664011.940395,2.62771724493e-5
1997,LSO,Lesotho,174218019.192186,2.920003872721e-5
1998,LSO,Lesotho,177129046.217129,2.927842891917e-5
1999,LSO,Lesotho,178707805.917078,2.856390203224e-5
2000,LSO,Lesotho,210092995.259712,3.155380607286e-5
2001,LSO,Lesotho,265544827.24976,4.018738997762e-5
2002,LSO,Lesotho,343905008.476138,5.136121256305e-5
2003,LSO,Lesotho,388862495.601701,5.607912363613e-5
2004,LSO,Lesotho,411956831.015238,4.918516789238e-5
2005,LSO,Lesotho,362662740.857626,4.14814221549e-5
2006,LSO,Lesotho,393635450.030578,4.218077599236e-5
2007,LSO,Lesotho,401830358.057745,4.059709234985e-5
2008,LSO,Lesotho,392128875.287159,3.909327371757e-5
2009,LSO,Lesotho,379040914.444478,4.020264453233e-5
2010,LSO,Lesotho,391440167.342145,3.797723090783e-5
2011,LSO,Lesotho,380308931.936592,3.535201281008e-5
2012,LSO,Lesotho,364481402.933336,3.309764238295e-5
2013,LSO,Lesotho,349611776.021395,3.072301592009e-5
2014,LSO,Lesotho,309850054.782296,2.610591185575e-5
2015,LSO,Lesotho,357024724.048374,2.899983028284e-5
2016,LSO,Lesotho,421086995.207174,3.330159639129e-5
2017,LSO,Lesotho,379847878.992742,2.901765710369e-5
2018,LSO,Lesotho,433618443.069474,3.182829291228e-5
2019,LSO,Lesotho,430293729.814894,3.110656012168e-5
2020,LSO,Lesotho,391047327.960513,2.887795804449e-5
2021,LSO,Lesotho,419845461.446397,2.839025130498e-5
2022,LSO,Lesotho,410270285.846584,2.715554294008e-5
2023,LSO,Lesotho,352189682.403853,2.294998550985e-5
1990,LTU,Lituania,6688589967.17581,0.00129346245263881
1991,LTU,Lituania,12900161361.4789,0.00250001967877257
1992,LTU,Lituania,8555077716.02849,0.00166677666669732
1993,LTU,Lituania,6718137062.39116,0.00131770198698587
1994,LTU,Lituania,4700642761.83817,8.8856741459332e-4
1995,LTU,Lituania,2185368065.29067,3.9327444412858e-4
1996,LTU,Lituania,2270999316.87118,3.9872939331225e-4
1997,LTU,Lituania,2474825029.6636,4.14796282522e-4
1998,LTU,Lituania,2812287648.37926,4.6485523279119e-4
1999,LTU,Lituania,2730932895.93529,4.3650079690599e-4
2000,LTU,Lituania,3063294096.34204,4.6007525258343e-4
2001,LTU,Lituania,3459849198.68632,5.2361143860887e-4
2002,LTU,Lituania,3633903979.40393,5.427129879466e-4
2003,LTU,Lituania,4124332140.86541,5.9478333513801e-4
2004,LTU,Lituania,4623698333.20598,5.5204177156629e-4
2005,LTU,Lituania,5052749132.61513,5.7793425185383e-4
2006,LTU,Lituania,5534989285.61637,5.9311259480972e-4
2007,LTU,Lituania,5796339924.63315,5.8560669320474e-4
2008,LTU,Lituania,5923267769.25684,5.9051996116454e-4
2009,LTU,Lituania,4973613855.79604,5.2752202273131e-4
2010,LTU,Lituania,5410611095.26328,5.2493342293536e-4
2011,LTU,Lituania,5970950629.14082,5.5503593369451e-4
2012,LTU,Lituania,6343685399.22015,5.7605416639527e-4
2013,LTU,Lituania,6621724300.77762,5.8190071120148e-4
2014,LTU,Lituania,6910736104.16495,5.8225281812678e-4
2015,LTU,Lituania,7161677149.3289,5.8171719738628e-4
2016,LTU,Lituania,7357661910.44844,5.8187949310753e-4
2017,LTU,Lituania,7797509446.08413,5.956738681003e-4
2018,LTU,Lituania,8161893755.59,5.99096162361e-4
2019,LTU,Lituania,8487138709.53029,6.1354761233144e-4
2020,LTU,Lituania,8571922889.37754,6.3301705921668e-4
2021,LTU,Lituania,9517373090.6876,6.4357159626557e-4
2022,LTU,Lituania,10010018618.0063,6.6255709903866e-4
2023,LTU,Lituania,9625657972.99261,6.2724356231912e-4
1970,LUX,Luxemburgo,1116217015.75336,3.9721354316012e-4
1971,LUX,Luxemburgo,1109158605.40682,3.8264265205627e-4
1972,LUX,Luxemburgo,1178919228.40486,3.8243719798711e-4
1973,LUX,Luxemburgo,1303194307.16481,3.878091856464e-4
1974,LUX,Luxemburgo,1391424436.49664,4.0870202821775e-4
1975,LUX,Luxemburgo,1117958091.11915,3.3829528577564e-4
1976,LUX,Luxemburgo,1168166916.79156,3.302870989139e-4
1977,LUX,Luxemburgo,1167061098.57886,3.1754605855584e-4
1978,LUX,Luxemburgo,1216681723.75889,3.2001525983147e-4
1979,LUX,Luxemburgo,1260373284.02592,3.1849906308601e-4
1980,LUX,Luxemburgo,1244633028.50931,3.1410546498792e-4
1981,LUX,Luxemburgo,1170754999.84562,2.9179917659609e-4
1982,LUX,Luxemburgo,1191671422.57985,3.0231672428697e-4
1983,LUX,Luxemburgo,1232869012.00474,3.0698240192352e-4
1984,LUX,Luxemburgo,1374413667.78337,3.2461157910951e-4
1985,LUX,Luxemburgo,1450126882.91526,3.287684378005e-4
1986,LUX,Luxemburgo,1685585096.77035,3.7431700556134e-4
1987,LUX,Luxemburgo,1629327254.52732,3.4590976246046e-4
1988,LUX,Luxemburgo,1756393397.2866,3.531196800394e-4
1989,LUX,Luxemburgo,1942338820.62902,3.7957408681581e-4
1990,LUX,Luxemburgo,1974797532.59274,3.8189311536628e-4
1991,LUX,Luxemburgo,2000717375.82558,3.8773412758712e-4
1992,LUX,Luxemburgo,2055414136.76005,4.0045414399132e-4
1993,LUX,Luxemburgo,2124190085.92939,4.1664072509538e-4
1994,LUX,Luxemburgo,2222538219.46447,4.2012872272219e-4
1995,LUX,Luxemburgo,2270519384.0168,4.0859810428025e-4
1996,LUX,Luxemburgo,2273383036.7875,3.991479135597e-4
1997,LUX,Luxemburgo,2426328279.24726,4.0666792130616e-4
1998,LUX,Luxemburgo,2514421383.73711,4.1561962495048e-4
1999,LUX,Luxemburgo,2749743520.27422,4.3950740777016e-4
2000,LUX,Luxemburgo,2886826056.93672,4.3357156888578e-4
2001,LUX,Luxemburgo,2816826888.66719,4.2629683977186e-4
2002,LUX,Luxemburgo,2949333794.16875,4.4047442226246e-4
2003,LUX,Luxemburgo,3307945003.11211,4.770494941252e-4
2004,LUX,Luxemburgo,3256029785.44687,3.8875037286102e-4
2005,LUX,Luxemburgo,3231103468.84609,3.6957413022471e-4
2006,LUX,Luxemburgo,3095609754.64297,3.3171611350104e-4
2007,LUX,Luxemburgo,3613645761.32734,3.6508817153924e-4
2008,LUX,Luxemburgo,2929301538.92851,2.9203660857363e-4
2009,LUX,Luxemburgo,2379257194.8625,2.5235384258254e-4
2010,LUX,Luxemburgo,2499609386.64726,2.4251022448884e-4
2011,LUX,Luxemburgo,2239283267.60703,2.0815490806053e-4
2012,LUX,Luxemburgo,2350487525.60859,2.1344187912493e-4
2013,LUX,Luxemburgo,2624350811.42734,2.3062144152278e-4
2014,LUX,Luxemburgo,2760731026.43008,2.326008975021e-4
2015,LUX,Luxemburgo,3291701734.39336,2.6737305628784e-4
2016,LUX,Luxemburgo,3484093488.65351,2.7553896574644e-4
2017,LUX,Luxemburgo,2934819146.53359,2.2419916067795e-4
2018,LUX,Luxemburgo,2876591910.03359,2.1114648457651e-4
2019,LUX,Luxemburgo,3269898696.57969,2.3638573687965e-4
2020,LUX,Luxemburgo,3167052399.1832,2.338796349417e-4
2021,LUX,Luxemburgo,3312438530.31914,2.239894698018e-4
2022,LUX,Luxemburgo,3081056274.05664,2.0393325775056e-4
2023,LUX,Luxemburgo,3182250506.75898,2.0736724176693e-4
1990,LVA,Letonia,5169353338.89739,9.9966726635959e-4
1991,LVA,Letonia,5207781802.7792,0.00100925535928405
1992,LVA,Letonia,2689629877.16631,5.2401772024976e-4
1993,LVA,Letonia,1838040636.75116,3.6051509171587e-4
1994,LVA,Letonia,1663299889.63412,3.1441531669332e-4
1995,LVA,Letonia,1655189435.79996,2.978645637e-4
1996,LVA,Letonia,1717044296.03591,3.0146906049796e-4
1997,LVA,Letonia,2003094567.52634,3.3573128208699e-4
1998,LVA,Letonia,2102027132.98445,3.4745318915013e-4
1999,LVA,Letonia,2016587027.59286,3.2232276592541e-4
2000,LVA,Letonia,2153558515.90066,3.2344232939936e-4
2001,LVA,Letonia,2307419103.82828,3.4920338056579e-4
2002,LVA,Letonia,2571738774.28021,3.8408170450246e-4
2003,LVA,Letonia,2654465210.53806,3.8280905053402e-4
2004,LVA,Letonia,2823474588.27565,3.371058839393e-4
2005,LVA,Letonia,2968656898.73866,3.395554496677e-4
2006,LVA,Letonia,3188554149.48602,3.4167575178645e-4
2007,LVA,Letonia,3164201953.84441,3.1968067209931e-4
2008,LVA,Letonia,2936661505.24609,2.9277036014343e-4
2009,LVA,Letonia,2295516194.1753,2.4347192626397e-4
2010,LVA,Letonia,2615896100.28118,2.5379227406789e-4
2011,LVA,Letonia,2672047398.65773,2.4838294852948e-4
2012,LVA,Letonia,2803726119.16591,2.5459933945893e-4
2013,LVA,Letonia,2781623172.77274,2.4444214663858e-4
2014,LVA,Letonia,2736255724.3691,2.3053877077859e-4
2015,LVA,Letonia,2857352956.51015,2.3209247207691e-4
2016,LVA,Letonia,2906129186.16344,2.2983075307502e-4
2017,LVA,Letonia,3104486055.78174,2.3716049722e-4
2018,LVA,Letonia,3335131743.22101,2.4480404770812e-4
2019,LVA,Letonia,3369611125.42474,2.4359409351567e-4
2020,LVA,Letonia,3395330273.71351,2.5073743810725e-4
2021,LVA,Letonia,3740488346.6412,2.5293450546937e-4
2022,LVA,Letonia,3535231958.07325,2.3399487253264e-4
2023,LVA,Letonia,3541571947.18287,2.307819590716e-4
1970,MAC,Macao,246008225.347342,8.754372801851e-5
1971,MAC,Macao,265308830.735799,9.152746425247e-5
1972,MAC,Macao,286143927.670035,9.282407079509e-5
1973,MAC,Macao,308573228.419524,9.182631612779e-5
1974,MAC,Macao,332780552.261306,9.774737534656e-5
1975,MAC,Macao,358990565.334912,1.0863091993829e-4
1976,MAC,Macao,386971919.845765,1.0941230309624e-4
1977,MAC,Macao,417404488.015187,1.135717317235e-4
1978,MAC,Macao,450669953.404298,1.1853655678442e-4
1979,MAC,Macao,484697385.340261,1.2248408076217e-4
1980,MAC,Macao,523834121.081208,1.3219893447293e-4
1981,MAC,Macao,567242058.278941,1.4137950771792e-4
1982,MAC,Macao,603051055.470838,1.5298883250305e-4
1983,MAC,Macao,661446556.087029,1.6469912906762e-4
1984,MAC,Macao,720485804.438069,1.7016567878128e-4
1985,MAC,Macao,726258713.8362,1.6465520748565e-4
1986,MAC,Macao,763867056.23146,1.6963155979687e-4
1987,MAC,Macao,896401627.269423,1.9030803854557e-4
1988,MAC,Macao,956773739.265145,1.9235761031745e-4
1989,MAC,Macao,945825537.099516,1.8483431454835e-4
1990,MAC,Macao,1181586468.82864,2.2849924116685e-4
1991,MAC,Macao,1090698642.13458,2.1137472567508e-4
1992,MAC,Macao,974915173.509862,1.8994168342514e-4
1993,MAC,Macao,800989391.117213,1.5710684411879e-4
1994,MAC,Macao,755987041.844282,1.4290502071145e-4
1995,MAC,Macao,709480263.730187,1.2767664210448e-4
1996,MAC,Macao,694704029.85514,1.219722587752e-4
1997,MAC,Macao,708764524.348813,1.1879340412333e-4
1998,MAC,Macao,742987026.941611,1.2281155079169e-4
1999,MAC,Macao,729579739.654767,1.1661294872524e-4
2000,MAC,Macao,783165973.95111,1.1762347066531e-4
2001,MAC,Macao,649322929.015806,9.826813062048e-5
2002,MAC,Macao,620776426.253885,9.271115336248e-5
2003,MAC,Macao,608962253.397423,8.78204246598e-5
2004,MAC,Macao,615225831.620572,7.345426399513e-5
2005,MAC,Macao,566838357.825408,6.483506179582e-5
2006,MAC,Macao,593094878.288606,6.355424086262e-5
2007,MAC,Macao,494591143.52796,4.996875404406e-5
2008,MAC,Macao,347717781.649989,3.466571138011e-5
2009,MAC,Macao,258743899.609729,2.744344640516e-5
2010,MAC,Macao,257326423.547813,2.496561625782e-5
2011,MAC,Macao,218618423.395494,2.032190320917e-5
2012,MAC,Macao,228540755.828905,2.075321304592e-5
2013,MAC,Macao,208368981.10164,1.831094935214e-5
2014,MAC,Macao,233229330.495242,1.965035748779e-5
2015,MAC,Macao,257108350.307518,2.088398371595e-5
2016,MAC,Macao,250348079.858381,1.97987370963e-5
2017,MAC,Macao,277825308.13552,2.122386347814e-5
2018,MAC,Macao,288074750.429374,2.114515118959e-5
2019,MAC,Macao,271283110.926677,1.961145100503e-5
2020,MAC,Macao,179474276.762585,1.325376818567e-5
2021,MAC,Macao,224833510.743894,1.520340329465e-5
2022,MAC,Macao,205861138.83825,1.362582470207e-5
2023,MAC,Macao,293635618.05689,1.913438557764e-5
1970,MAR,Marruecos,2601787834.46474,9.2586419100691e-4
1971,MAR,Marruecos,2634208866.68807,9.0876152599471e-4
1972,MAR,Marruecos,2909787640.32138,9.4392474487648e-4
1973,MAR,Marruecos,3152945381.83736,9.3826467334566e-4
1974,MAR,Marruecos,3298840026.78935,9.6896574068322e-4
1975,MAR,Marruecos,3509576736.18799,0.0010620015851683
1976,MAR,Marruecos,3736523961.5393,0.0010564634570106601
1977,MAR,Marruecos,3995892219.21994,0.00108724369801408
1978,MAR,Marruecos,4206628928.51259,0.00110644010120706
1979,MAR,Marruecos,4271470992.95925,0.00107940998631054
1980,MAR,Marruecos,4474102444.27556,0.001129119986753
1981,MAR,Marruecos,4538684516.38395,0.00113122250589144
1982,MAR,Marruecos,4779073340.57849,0.0012124095367858
1983,MAR,Marruecos,4979995342.91724,0.00124001083412001
1984,MAR,Marruecos,5195268916.7532,0.00122702828594955
1985,MAR,Marruecos,5561233992.42271,0.0012608263686942
1986,MAR,Marruecos,5629403957.4849,0.00125011880829888
1987,MAR,Marruecos,5801622816.61725,0.00123169729396288
1988,MAR,Marruecos,6207054714.14256,0.00124791699742846
1989,MAR,Marruecos,6110181605.87398,0.00119405871864174
1990,MAR,Marruecos,6806232828.09903,0.00131621263229879
1991,MAR,Marruecos,7021506402.04097,0.00136075074472693
1992,MAR,Marruecos,7211664725.62433,0.00140504094664085
1993,MAR,Marruecos,7143494760.56215,0.00140113206274264
1994,MAR,Marruecos,7414380674.33399,0.00140154812871322
1995,MAR,Marruecos,7688495691.87024,0.00138360622973737
1996,MAR,Marruecos,7914174155.06021,0.00138952655598429
1997,MAR,Marruecos,8182548543.87039,0.00137144673941439
1998,MAR,Marruecos,8351538299.45032,0.00138046201731639
1999,MAR,Marruecos,8575587908.33255,0.00137068580538761
2000,MAR,Marruecos,8832408543.32314,0.00132653687947947
2001,MAR,Marruecos,9092794227.06999,0.00137609785652459
2002,MAR,Marruecos,9444225774.1902,0.00141046764521108
2003,MAR,Marruecos,9692819373.32039,0.00139783296709565
2004,MAR,Marruecos,9776186669.63634,0.00116721788908896
2005,MAR,Marruecos,10140918591.0848,0.00115991988622952
2006,MAR,Marruecos,10460813167.4599,0.00112094888018938
2007,MAR,Marruecos,10916865186.6302,0.00110293554298562
2008,MAR,Marruecos,11675301974.2937,0.00116396879847781
2009,MAR,Marruecos,11746554065.1592,0.00124588802835071
2010,MAR,Marruecos,14095311907.4718,0.00136751657006143
2011,MAR,Marruecos,14641727803.5724,0.00136103705542214
2012,MAR,Marruecos,14485721024.8314,0.00131541200807649
2013,MAR,Marruecos,14412437883.2288,0.00126652930165232
2014,MAR,Marruecos,16288393629.0591,0.00137235208381959
2015,MAR,Marruecos,16544575774.6214,0.00134385620168031
2016,MAR,Marruecos,17236490150.3892,0.00136314501450777
2017,MAR,Marruecos,17697978384.4721,0.00135199877790828
2018,MAR,Marruecos,18334989015.349,0.00134581775810345
2019,MAR,Marruecos,19477792446.6494,0.00140807797046016
2020,MAR,Marruecos,17958082226.0981,0.00132616363290238
2021,MAR,Marruecos,20212633495.5462,0.00136679277774534
2022,MAR,Marruecos,20733583121.2967,0.00137234337015243
2023,MAR,Marruecos,22716583436.2845,0.0014802968023873
1970,MCO,Mónaco,111936958.101504,3.983354053069e-5
1971,MCO,Mónaco,117888328.585371,4.066965939451e-5
1972,MCO,Mónaco,123206710.969811,3.996781813479e-5
1973,MCO,Mónaco,131023660.724461,3.899048582901e-5
1974,MCO,Mónaco,136658882.536511,4.014070832856e-5
1975,MCO,Mónaco,135347115.877015,4.095617859761e-5
1976,MCO,Mónaco,141243860.311062,3.993523886951e-5
1977,MCO,Mónaco,146136991.794387,3.976246471587e-5
1978,MCO,Mónaco,151951114.849245,3.996663593329e-5
1979,MCO,Mónaco,157345355.291071,3.976151262193e-5
1980,MCO,Mónaco,159829455.102363,4.033582924745e-5
1981,MCO,Mónaco,161538052.51316,4.026177186387e-5
1982,MCO,Mónaco,165585191.826686,4.200752978963e-5
1983,MCO,Mónaco,167639971.700704,4.174208344112e-5
1984,MCO,Mónaco,170177481.696402,4.019283448442e-5
1985,MCO,Mónaco,172938994.893447,3.920821264385e-5
1986,MCO,Mónaco,176981542.314879,3.930219903217e-5
1987,MCO,Mónaco,181514938.773949,3.853602103558e-5
1988,MCO,Mónaco,190124340.926855,3.822415100142e-5
1989,MCO,Mónaco,198385580.750428,3.876873841525e-5
1990,MCO,Mónaco,204181448.921381,3.948530841347e-5
1991,MCO,Mónaco,206323515.311585,3.99849919717e-5
1992,MCO,Mónaco,209634280.779475,4.084282333151e-5
1993,MCO,Mónaco,208288917.24568,4.085399234532e-5
1994,MCO,Mónaco,213223905.374849,4.030593770421e-5
1995,MCO,Mónaco,217755383.944265,3.918682117526e-5
1996,MCO,Mónaco,220681237.297093,3.874598077118e-5
1997,MCO,Mónaco,226023109.885847,3.788289863766e-5
1998,MCO,Mónaco,234229017.127981,3.871673096677e-5
1999,MCO,Mónaco,241448837.234787,3.859216387992e-5
2000,MCO,Mónaco,252267487.131204,3.788798078482e-5
2001,MCO,Mónaco,257053081.572499,3.890225443702e-5
2002,MCO,Mónaco,256252588.010567,3.827057855586e-5
2003,MCO,Mónaco,266530994.759399,3.843730052919e-5
2004,MCO,Mónaco,268841201.025666,3.209802244631e-5
2005,MCO,Mónaco,258330844.566764,2.954792321307e-5
2006,MCO,Mónaco,321968462.901075,3.450115991631e-5
2007,MCO,Mónaco,311739371.383061,3.149516156592e-5
2008,MCO,Mónaco,259824882.861523,2.59032320864e-5
2009,MCO,Mónaco,233154557.198191,2.472933508476e-5
2010,MCO,Mónaco,282376768.113852,2.739598186482e-5
2011,MCO,Mónaco,312646338.245639,2.906236595182e-5
2012,MCO,Mónaco,302396581.522937,2.745987540797e-5
2013,MCO,Mónaco,345021072.857868,3.031959630996e-5
2014,MCO,Mónaco,279774315.805238,2.357192943873e-5
2015,MCO,Mónaco,304561288.476562,2.473841468566e-5
2016,MCO,Mónaco,252445480.137196,1.996460965553e-5
2017,MCO,Mónaco,252961683.18026,1.932446062977e-5
2018,MCO,Mónaco,240688732.040075,1.766694103191e-5
2019,MCO,Mónaco,220636117.309039,1.595010610784e-5
2020,MCO,Mónaco,212297538.754165,1.567769162128e-5
2021,MCO,Mónaco,255495453.178446,1.727678583931e-5
2022,MCO,Mónaco,272456399.361178,1.803372485746e-5
2023,MCO,Mónaco,246825244.23262,1.608404806166e-5
1990,MDA,Moldavia,1533436128.2308,2.9654113424803e-4
1991,MDA,Moldavia,1030496220.61724,1.9970764382349e-4
1992,MDA,Moldavia,888510331.092661,1.731075201351e-4
1993,MDA,Moldavia,1269787617.94,2.490573877357e-4
1994,MDA,Moldavia,651270455.835415,1.2311033500371e-4
1995,MDA,Moldavia,611999087.922006,1.1013412565709e-4
1996,MDA,Moldavia,601613936.654906,1.0562801943115e-4
1997,MDA,Moldavia,522223485.597346,8.752794960252e-5
1998,MDA,Moldavia,436677053.031954,7.218024559426e-5
1999,MDA,Moldavia,410138004.775166,6.55547290057e-5
2000,MDA,Moldavia,475512772.68286,7.141712552508e-5
2001,MDA,Moldavia,501876193.213465,7.595363278602e-5
2002,MDA,Moldavia,516380998.830956,7.711999997324e-5
2003,MDA,Moldavia,608435458.643744,8.774445387718e-5
2004,MDA,Moldavia,656047139.190788,7.832808259762e-5
2005,MDA,Moldavia,672773862.348206,7.695198170303e-5
2006,MDA,Moldavia,643009772.235931,6.890296888016e-5
2007,MDA,Moldavia,635073406.040108,6.416173690451e-5
2008,MDA,Moldavia,642411942.023167,6.404523479828e-5
2009,MDA,Moldavia,502511085.196357,5.329840067876e-5
2010,MDA,Moldavia,557587157.566623,5.409668705675e-5
2011,MDA,Moldavia,628631476.974971,5.843509357952e-5
2012,MDA,Moldavia,638958023.068619,5.802217609744e-5
2013,MDA,Moldavia,697246962.556609,6.127233405762e-5
2014,MDA,Moldavia,756050797.216773,6.369982888815e-5
2015,MDA,Moldavia,781000473.552134,6.343785082167e-5
2016,MDA,Moldavia,807864711.812509,6.388984907574e-5
2017,MDA,Moldavia,855461713.858884,6.535114726432e-5
2018,MDA,Moldavia,920402522.854554,6.755902928678e-5
2019,MDA,Moldavia,980428906.038038,7.087663286154e-5
2020,MDA,Moldavia,937395610.632979,6.922453928054e-5
2021,MDA,Moldavia,947177540.283431,6.404882479006e-5
2022,MDA,Moldavia,908313233.034654,6.012070543158e-5
2023,MDA,Moldavia,919269083.145156,5.990298180754e-5
1970,MDG,Madagascar,559890093.227084,1.992407610458e-4
1971,MDG,Madagascar,589101741.465935,2.0323103619866e-4
1972,MDG,Madagascar,598838986.618099,1.9426123399271e-4
1973,MDG,Madagascar,586667437.285776,1.7458257747766e-4
1974,MDG,Madagascar,625616284.185993,1.8376178937654e-4
1975,MDG,Madagascar,625616422.057253,1.8931218260062e-4
1976,MDG,Madagascar,568410078.606979,1.6071206362542e-4
1977,MDG,Madagascar,585450177.854285,1.5929534167904e-4
1978,MDG,Madagascar,609793841.772953,1.6038979702573e-4
1979,MDG,Madagascar,687690368.13778,1.7378084788145e-4
1980,MDG,Madagascar,669433566.940802,1.6894356569848e-4
1981,MDG,Madagascar,516074608.889086,1.2862652387207e-4
1982,MDG,Madagascar,443040505.477867,1.1239554109013e-4
1983,MDG,Madagascar,449130002.168272,1.118326484801e-4
1984,MDG,Madagascar,511545038.673982,1.208176596915e-4
1985,MDG,Madagascar,518262283.059033,1.1749887763593e-4
1986,MDG,Madagascar,538066232.522657,1.1948808834241e-4
1987,MDG,Madagascar,563425215.302789,1.196164133682e-4
1988,MDG,Madagascar,573229538.819108,1.1524675032919e-4
1989,MDG,Madagascar,580588882.752737,1.1345934738354e-4
1990,MDG,Madagascar,576969245.02931,1.1157629013516e-4
1991,MDG,Madagascar,574080831.590072,1.1125545921208e-4
1992,MDG,Madagascar,569373231.13179,1.1093037933652e-4
1993,MDG,Madagascar,587124954.408115,1.1515926392207e-4
1994,MDG,Madagascar,578365368.300313,1.0932901010328e-4
1995,MDG,Madagascar,596451847.857334,1.0733627558722e-4
1996,MDG,Madagascar,602603635.252567,1.0580178519078e-4
1997,MDG,Madagascar,617448019.389065,1.0348818200209e-4
1998,MDG,Madagascar,659805279.501351,1.0906207868751e-4
1999,MDG,Madagascar,686540147.581198,1.0973368183934e-4
2000,MDG,Madagascar,726308469.860895,1.0908405860337e-4
2001,MDG,Madagascar,804519451.700007,1.2175547641018e-4
2002,MDG,Madagascar,655365198.414067,9.787688586253e-5
2003,MDG,Madagascar,757396781.863922,1.0922665017112e-4
2004,MDG,Madagascar,807400535.889936,9.639876784245e-5
2005,MDG,Madagascar,831594088.011464,9.511786445099e-5
2006,MDG,Madagascar,858862063.370751,9.203304301116e-5
2007,MDG,Madagascar,951899287.281098,9.617079072944e-5
2008,MDG,Madagascar,1008868490.21975,1.0057910681614e-4
2009,MDG,Madagascar,926202693.765105,9.823688220282e-5
2010,MDG,Madagascar,908776327.348716,8.816879642586e-5
2011,MDG,Madagascar,913722528.205907,8.493602913167e-5
2012,MDG,Madagascar,933855651.729876,8.480109039721e-5
2013,MDG,Madagascar,913759744.083911,8.029894039642e-5
2014,MDG,Madagascar,936663342.631287,7.891704482167e-5
2015,MDG,Madagascar,963329899.712916,7.824781231194e-5
2016,MDG,Madagascar,1017423225.2015,8.04627499553e-5
2017,MDG,Madagascar,1060762244.66292,8.103463724951e-5
2018,MDG,Madagascar,1112143886.22502,8.163315453283e-5
2019,MDG,Madagascar,1163378958.23673,8.410235846166e-5
2020,MDG,Madagascar,1022754120.77067,7.552807161089e-5
2021,MDG,Madagascar,1163498144.58195,7.867657924362e-5
2022,MDG,Madagascar,1264664399.20772,8.370737433887e-5
2023,MDG,Madagascar,1256445293.24042,8.187463379671e-5
1970,MDV,Maldivas,3151217.0509124,1.12138237671e-6
1971,MDV,Maldivas,3220066.59312671,1.11087342692e-6
1972,MDV,Maldivas,3238806.81127625,1.05065739185e-6
1973,MDV,Maldivas,3395275.22720134,1.01037804851e-6
1974,MDV,Maldivas,3745923.48596094,1.10028722085e-6
1975,MDV,Maldivas,3568253.87780009,1.07975734949e-6
1976,MDV,Maldivas,2793747.24445213,7.8990310306e-7
1977,MDV,Maldivas,3253894.94239838,8.8535340195e-7
1978,MDV,Maldivas,4897288.17858792,1.28809935937e-6
1979,MDV,Maldivas,5916152.4044722,1.49502454691e-6
1980,MDV,Maldivas,7033678.79613143,1.77507498051e-6
1981,MDV,Maldivas,8225248.58818404,2.05006236629e-6
1982,MDV,Maldivas,10346637.1784107,2.62485228721e-6
1983,MDV,Maldivas,11683973.6662035,2.90929065872e-6
1984,MDV,Maldivas,12527122.5868777,2.9586791371e-6
1985,MDV,Maldivas,13087234.2066208,2.96709866973e-6
1986,MDV,Maldivas,14081017.5622793,3.1269642448e-6
1987,MDV,Maldivas,15443875.3910202,3.27876873914e-6
1988,MDV,Maldivas,16901146.1967436,3.39794453025e-6
1989,MDV,Maldivas,18661262.0727468,3.64680530238e-6
1990,MDV,Maldivas,21569685.2454554,4.17121966171e-6
1991,MDV,Maldivas,23650868.6744446,4.58348042705e-6
1992,MDV,Maldivas,25827294.3472154,5.03190421066e-6
1993,MDV,Maldivas,27982752.5380791,5.48856450505e-6
1994,MDV,Maldivas,29903953.2425665,5.65277553839e-6
1995,MDV,Maldivas,32117284.81117,5.7797620143e-6
1996,MDV,Maldivas,31993253.0523593,5.6171969251e-6
1997,MDV,Maldivas,37117507.8328005,6.22112839533e-6
1998,MDV,Maldivas,41569860.12993,6.87126262455e-6
1999,MDV,Maldivas,46148197.6852678,7.37613329693e-6
2000,MDV,Maldivas,48231863.8460887,7.24392965339e-6
2001,MDV,Maldivas,56450145.3198374,8.54313009128e-6
2002,MDV,Maldivas,58587473.003919,8.74986865652e-6
2003,MDV,Maldivas,68394147.5947557,9.86334218994e-6
2004,MDV,Maldivas,68893397.2991567,8.22545727542e-6
2005,MDV,Maldivas,72631065.5750631,8.30755286731e-6
2006,MDV,Maldivas,82847970.898031,8.87773624453e-6
2007,MDV,Maldivas,70206914.6805259,7.09303451501e-6
2008,MDV,Maldivas,73081440.0275255,7.28585146038e-6
2009,MDV,Maldivas,57626810.8089925,6.11213750864e-6
2010,MDV,Maldivas,61380024.684982,5.95504387405e-6
2011,MDV,Maldivas,68419346.3400401,6.35999158882e-6
2012,MDV,Maldivas,69742682.0276785,6.33315809806e-6
2013,MDV,Maldivas,75109104.5948352,6.60040185851e-6
2014,MDV,Maldivas,73976649.6700618,6.23278216628e-6
2015,MDV,Maldivas,79614528.1127557,6.46680089025e-6
2016,MDV,Maldivas,87250845.9583264,6.90021893331e-6
2017,MDV,Maldivas,99941459.9534109,7.6348116595e-6
2018,MDV,Maldivas,112632470.841915,8.26740497478e-6
2019,MDV,Maldivas,116030170.945125,8.38798996673e-6
2020,MDV,Maldivas,93734587.3531955,6.92208663084e-6
2021,MDV,Maldivas,105561494.757779,7.13814400655e-6
2022,MDV,Maldivas,111769761.275376,7.3979731324e-6
2023,MDV,Maldivas,113956503.951832,7.42582831103e-6
1970,MEX,México,57127360006.1426,0.0203291660664288
1971,MEX,México,59344399473.9017,0.02047290467629
1972,MEX,México,65164060368.5097,0.0211389890472102
1973,MEX,México,72002053586.3528,0.0214266265687889
1974,MEX,México,76564507394.5119,0.0224892337958487
1975,MEX,México,80428753561.898,0.0243378248137759
1976,MEX,México,84470124553.4947,0.0238830529975092
1977,MEX,México,87547871500.9371,0.023820930681289
1978,MEX,México,96079113039.3888,0.025271015190963
1979,MEX,México,106278686256.51,0.0268568545745329
1980,MEX,México,113895595368.505,0.0287435960028704
1981,MEX,México,121228201385.29,0.0302149376676744
1982,MEX,México,117916283114.653,0.0299143402920105
1983,MEX,México,108696649889.904,0.0270652910725565
1984,MEX,México,114122815178.383,0.0269537389767268
1985,MEX,México,121042795534.394,0.0274424612519747
1986,MEX,México,114665592530.208,0.0254637284816193
1987,MEX,México,118143732671.647,0.0250821744932373
1988,MEX,México,121912847526.354,0.0245103550136915
1989,MEX,México,131537094673.411,0.0257051303628356
1990,MEX,México,140436211588.699,0.0271580359346681
1991,MEX,México,145255929771.37,0.0281502434513113
1992,MEX,México,151302778125.037,0.029478158884846
1993,MEX,México,150282342677.449,0.0294765259648458
1994,MEX,México,155279715985.483,0.029352687018073
1995,MEX,México,145718248334.705,0.0262231630558761
1996,MEX,México,158284227482.941,0.0277906618140793
1997,MEX,México,175376693617.05,0.0293942398680366
1998,MEX,México,192175470845.114,0.031765517758451
1999,MEX,México,196175046529.386,0.0313557921070121
2000,MEX,México,210644549059.645,0.0316366437782336
2001,MEX,México,206313177273.342,0.0312233086913382
2002,MEX,México,200154871376.321,0.0298925477702161
2003,MEX,México,199643227727.748,0.0287911983734442
2004,MEX,México,204638423579.298,0.0244325969693871
2005,MEX,México,209184750245.549,0.0239265851043393
2006,MEX,México,219815482682.302,0.0235547576671657
2007,MEX,México,220602559104.813,0.0222875705755042
2008,MEX,México,217164912229.387,0.021650247892151
2009,MEX,México,194673093012.569,0.0206478320944993
2010,MEX,México,209081083095.705,0.020284889578655
2011,MEX,México,216020356667.198,0.0200803972108967
2012,MEX,México,226367770669.444,0.020555889711645
2013,MEX,México,225405717441.114,0.0198080954944715
2014,MEX,México,234226281902.657,0.0197343540053553
2015,MEX,México,242448532941.562,0.0196932196400949
2016,MEX,México,244531371846.756,0.0193387236911526
2017,MEX,México,250665737830.364,0.0191490668509051
2018,MEX,México,254087466847.967,0.0186504297716922
2019,MEX,México,253980670839.797,0.0183606324234003
2020,MEX,México,233028926151.209,0.0172086575495748
2021,MEX,México,253476523122.164,0.0171402643405033
2022,MEX,México,267768203696.13,0.017723416012091
2023,MEX,México,271175854222.459,0.0176708240927187
1970,MHL,Islas Marshall,74964.0129176672,2.667646233e-8
1971,MHL,Islas Marshall,76696.0132161224,2.645894442e-8
1972,MHL,Islas Marshall,77526.0133591466,2.514916255e-8
1973,MHL,Islas Marshall,103824.017890773,3.089631961e-8
1974,MHL,Islas Marshall,119735.020632529,3.51696754e-8
1975,MHL,Islas Marshall,119805.020644591,3.625312435e-8
1976,MHL,Islas Marshall,120238.020719205,3.399605524e-8
1977,MHL,Islas Marshall,123168.021224097,3.351282955e-8
1978,MHL,Islas Marshall,130077.022414644,3.421324682e-8
1979,MHL,Islas Marshall,132866.02289524,3.357553222e-8
1980,MHL,Islas Marshall,123335.021252874,3.11258044e-8
1981,MHL,Islas Marshall,131179.022604539,3.269508205e-8
1982,MHL,Islas Marshall,137617.023713924,3.491224764e-8
1983,MHL,Islas Marshall,159069.027410496,3.960793209e-8
1984,MHL,Islas Marshall,164629.028368585,3.888239044e-8
1985,MHL,Islas Marshall,155110.026728288,3.51660822e-8
1986,MHL,Islas Marshall,193295.033308261,4.292492749e-8
1987,MHL,Islas Marshall,207941.035832034,4.41463396e-8
1988,MHL,Islas Marshall,231168.039834471,4.647591159e-8
1989,MHL,Islas Marshall,224414.038670633,4.38552496e-8
1990,MHL,Islas Marshall,214969.037043087,4.157144917e-8
1991,MHL,Islas Marshall,254854.043916002,4.939008956e-8
1992,MHL,Islas Marshall,248521.04282471,4.84190897e-8
1993,MHL,Islas Marshall,209531.036106021,4.109762275e-8
1994,MHL,Islas Marshall,336179.057929785,6.35482787e-8
1995,MHL,Islas Marshall,773477.133284223,1.391933901e-7
1996,MHL,Islas Marshall,475721.081975422,8.352445418e-8
1997,MHL,Islas Marshall,518609.089365808,8.692215399e-8
1998,MHL,Islas Marshall,326238.056216769,5.392530442e-8
1999,MHL,Islas Marshall,1963216.338298,3.1379222002e-7
2000,MHL,Islas Marshall,2649682.45658863,3.9795504027e-7
2001,MHL,Islas Marshall,3469599.59787532,5.2508705799e-7
2002,MHL,Islas Marshall,3308359.57009072,4.9409387745e-7
2003,MHL,Islas Marshall,4828964.83211875,6.964007044e-7
2004,MHL,Islas Marshall,5577900.96117411,6.6596782625e-7
2005,MHL,Islas Marshall,1111898.19160035,1.2717909253e-7
2006,MHL,Islas Marshall,2722049.46905879,2.9168653099e-7
2007,MHL,Islas Marshall,4707001.81110229,4.7555039927e-7
2008,MHL,Islas Marshall,4367795.7526509,4.35447236e-7
2009,MHL,Islas Marshall,7251048.24948791,7.6907611857e-7
2010,MHL,Islas Marshall,10124805.7446888,9.8230104558e-7
2011,MHL,Islas Marshall,9839130.69546174,9.1460663996e-7
2012,MHL,Islas Marshall,6522574.12395853,5.9229860298e-7
2013,MHL,Islas Marshall,6754221.16387554,5.9354420696e-7
2014,MHL,Islas Marshall,8152247.40478097,6.8685433128e-7
2015,MHL,Islas Marshall,5803216,4.7137429919e-7
2016,MHL,Islas Marshall,3798754.65459474,3.0042389277e-7
2017,MHL,Islas Marshall,2806529.48361624,2.1439874937e-7
2018,MHL,Islas Marshall,3886217.66966621,2.8525464331e-7
2019,MHL,Islas Marshall,3647788.62858054,2.6370395017e-7
2020,MHL,Islas Marshall,3587795.61824265,2.6495056717e-7
2021,MHL,Islas Marshall,2800878.48264247,1.8939741237e-7
2022,MHL,Islas Marshall,2635268.45410484,1.7442683063e-7
2023,MHL,Islas Marshall,2602291.4484223,1.6957495922e-7
1990,MKD,Macedonia del Norte,953916947.997121,1.8447172890328e-4
1991,MKD,Macedonia del Norte,812706837.963111,1.5750059484123e-4
1992,MKD,Macedonia del Norte,672639262.668177,1.3104959011877e-4
1993,MKD,Macedonia del Norte,590109757.51226294,1.1574470612793e-4
1994,MKD,Macedonia del Norte,547083832.104089,1.0341582861924e-4
1995,MKD,Macedonia del Norte,494939943.956893,8.906839741468e-5
1996,MKD,Macedonia del Norte,520135583.633474,9.132250466196e-5
1997,MKD,Macedonia del Norte,537508905.282102,9.008988233959e-5
1998,MKD,Macedonia del Norte,540094730.965463,8.927460248845e-5
1999,MKD,Macedonia del Norte,553408543.635747,8.845448772144e-5
2000,MKD,Macedonia del Norte,609405625.701097,9.152645431759e-5
2001,MKD,Macedonia del Norte,574704939.690433,8.697549025003e-5
2002,MKD,Macedonia del Norte,591666822.205382,8.836371868048e-5
2003,MKD,Macedonia del Norte,645632499.228645,9.31087599274e-5
2004,MKD,Macedonia del Norte,691800919.20752,8.259686888908e-5
2005,MKD,Macedonia del Norte,764788371.291356,8.747661591503e-5
2006,MKD,Macedonia del Norte,861113590.304688,9.227430978028e-5
2007,MKD,Macedonia del Norte,750015893.739748,7.577442542963e-5
2008,MKD,Macedonia del Norte,734909542.848246,7.326677969121e-5
2009,MKD,Macedonia del Norte,765186986.618149,8.115889143225e-5
2010,MKD,Macedonia del Norte,763729347.150258,7.409644739514e-5
2011,MKD,Macedonia del Norte,856391468.261961,7.960676075179e-5
2012,MKD,Macedonia del Norte,846362557.547929,7.685606187475e-5
2013,MKD,Macedonia del Norte,927906048.930239,8.154208258674e-5
2014,MKD,Macedonia del Norte,1127644409.62932,9.500784365877e-5
2015,MKD,Macedonia del Norte,1183630916.82448,9.614206914359e-5
2016,MKD,Macedonia del Norte,1165501018.62985,9.21734581163e-5
2017,MKD,Macedonia del Norte,1184643093.06721,9.049824670876e-5
2018,MKD,Macedonia del Norte,1257927105.36695,9.233387788698e-5
2019,MKD,Macedonia del Norte,1290463672.08431,9.328949742729e-5
2020,MKD,Macedonia del Norte,1228690237.63271,9.073598665689e-5
2021,MKD,Macedonia del Norte,1303560151.76929,8.814767265173e-5
2022,MKD,Macedonia del Norte,1268721469.4823,8.397590937505e-5
2023,MKD,Macedonia del Norte,1258106158.80014,8.198286195453e-5
1970,MLI,Malí,88168155.0091055,3.137524760041e-5
1971,MLI,Malí,69280821.3738423,2.390081733838e-5
1972,MLI,Malí,78704683.0817667,2.553151881913e-5
1973,MLI,Malí,80366050.0004639,2.391561429707e-5
1974,MLI,Malí,80367294.4685286,2.360622351463e-5
1975,MLI,Malí,87569831.9637474,2.649872259508e-5
1976,MLI,Malí,92558641.6411568,2.61699974444e-5
1977,MLI,Malí,103650083.453009,2.820218710876e-5
1978,MLI,Malí,101973044.012279,2.682125451393e-5
1979,MLI,Malí,85906980.1549568,2.170888024895e-5
1980,MLI,Malí,86865981.1924153,2.192218813826e-5
1981,MLI,Malí,88525435.4015488,2.206409467513e-5
1982,MLI,Malí,82178083.2862821,2.084786836081e-5
1983,MLI,Malí,98387752.5692146,2.449839221316e-5
1984,MLI,Malí,106348667.514634,2.511762630663e-5
1985,MLI,Malí,115790553.89506,2.625168870713e-5
1986,MLI,Malí,121952715.111996,2.708197600243e-5
1987,MLI,Malí,121204643.314692,2.573201256014e-5
1988,MLI,Malí,131817031.439718,2.650157307448e-5
1989,MLI,Malí,130699937.951746,2.554153223321e-5
1990,MLI,Malí,127627930.864285,2.468112670848e-5
1991,MLI,Malí,144966915.470516,2.809423318761e-5
1992,MLI,Malí,150083727.085903,2.924065247111e-5
1993,MLI,Malí,138836079.652563,2.723144471815e-5
1994,MLI,Malí,134983751.607413,2.551611965743e-5
1995,MLI,Malí,202709317.110741,3.647916123264e-5
1996,MLI,Malí,258140133.738703,4.532280487736e-5
1997,MLI,Malí,323323258.283138,5.419101713504e-5
1998,MLI,Malí,345603510.040853,5.7126304347310003e-05
1999,MLI,Malí,412221904.112482,6.588781068733e-5
2000,MLI,Malí,526178890.491519,7.902665507566e-5
2001,MLI,Malí,649591680.53284,9.830880330891e-5
2002,MLI,Malí,812393674.225313,1.2132863191395e-4
2003,MLI,Malí,694811481.849224,1.0020102075963e-4
2004,MLI,Malí,655518278.225644,7.826493977924e-5
2005,MLI,Malí,707221137.709746,8.089206655426e-5
2006,MLI,Malí,798764931.677146,8.559321740715e-5
2007,MLI,Malí,992258630.470959,1.0024831237459e-4
2008,MLI,Malí,1013647283.98584,1.0105552848389e-4
2009,MLI,Malí,1129734937.09301,1.1982435236121e-4
2010,MLI,Malí,1259353568.16846,1.2218153690685e-4
2011,MLI,Malí,1399033878.71966,1.3004865110686e-4
2012,MLI,Malí,1595625675.34425,1.4489476707062e-4
2013,MLI,Malí,1827656427.45473,1.6060991467781e-4
2014,MLI,Malí,1538915851.16883,1.2965884931751e-4
2015,MLI,Malí,1698367950.81402,1.3795230137828e-4
2016,MLI,Malí,1730860501.04726,1.3688482064648e-4
2017,MLI,Malí,2089524217.37208,1.596246829398e-4
2018,MLI,Malí,2496256427.75945,1.8322924690307e-4
2019,MLI,Malí,2762356705.42589,1.9969478749283e-4
2020,MLI,Malí,2950790396.75272,2.1790917667166e-4
2021,MLI,Malí,2942597181.74197,1.9898053248256e-4
2022,MLI,Malí,3115603187.64043,2.0621989713839e-4
2023,MLI,Malí,3291389085.52909,2.1447911620983e-4
1970,MLT,Malta,121022238.824056,4.306660049616e-5
1971,MLT,Malta,115790982.07238,3.994610711975e-5
1972,MLT,Malta,150182331.240505,4.871861325436e-5
1973,MLT,Malta,167492780.495051,4.984309588241e-5
1974,MLT,Malta,204220919.142637,5.99856533124e-5
1975,MLT,Malta,268782211.622437,8.133377790682e-5
1976,MLT,Malta,336946241.132822,9.526806047492e-5
1977,MLT,Malta,379307028.339064,1.0320578072413e-4
1978,MLT,Malta,423609926.880287,1.1141914781047e-4
1979,MLT,Malta,472211888.304202,1.1932896857552e-4
1980,MLT,Malta,484787370.361101,1.2234478669582e-4
1981,MLT,Malta,473287988.214126,1.1796237920992e-4
1982,MLT,Malta,471261299.821004,1.1955491232363e-4
1983,MLT,Malta,453846142.506431,1.1300695984223e-4
1984,MLT,Malta,472337390.854825,1.1155752442795e-4
1985,MLT,Malta,477716516.827486,1.0830646255804e-4
1986,MLT,Malta,489649104.954067,1.0873612201091e-4
1987,MLT,Malta,481327749.398276,1.0218694065133e-4
1988,MLT,Malta,507627737.266247,1.0205762811424e-4
1989,MLT,Malta,554962312.100816,1.0845137346564e-4
1990,MLT,Malta,577361630.989245,1.1165217107698e-4
1991,MLT,Malta,598385304.787052,1.1596560659489e-4
1992,MLT,Malta,588992892.057426,1.1475285694863e-4
1993,MLT,Malta,600084743.462597,1.1770120964741e-4
1994,MLT,Malta,643041093.888755,1.2155473011324e-4
1995,MLT,Malta,663547532.748185,1.1941068016829e-4
1996,MLT,Malta,666520400.420277,1.1702393431626e-4
1997,MLT,Malta,674374429.146536,1.1302940728537e-4
1998,MLT,Malta,729247998.726714,1.2054056718059e-4
1999,MLT,Malta,743176195.571324,1.1878614889852e-4
2000,MLT,Malta,863090077.617187,1.2962724863282e-4
2001,MLT,Malta,713638691.25,1.0800163831251e-4
2002,MLT,Malta,741931269.960937,1.1080527681899e-4
2003,MLT,Malta,789085567.8125,1.1379659292772e-4
2004,MLT,Malta,710975860.3125,8.488624152857e-5
2005,MLT,Malta,705872101.015625,8.073776352197e-5
2006,MLT,Malta,703985929.101562,7.543698814449e-5
2007,MLT,Malta,773552387.34375,7.815232741059e-5
2008,MLT,Malta,899038295.273437,8.96295895934e-5
2009,MLT,Malta,759683476.210937,8.057516639321e-5
2010,MLT,Malta,839346501.757812,8.143276691652e-5
2011,MLT,Malta,830692301.210937,7.721786791625e-5
2012,MLT,Malta,879399917.109375,7.985610166619e-5
2013,MLT,Malta,855434438.671875,7.517345719013e-5
2014,MLT,Malta,837238427.265625,7.054016046505e-5
2015,MLT,Malta,812163435.9375,6.596910582843e-5
2016,MLT,Malta,804729699.570312,6.364191714348e-5
2017,MLT,Malta,853881120.625,6.523040126305e-5
2018,MLT,Malta,904918713.59375,6.642249272007e-5
2019,MLT,Malta,894711195,6.467997474838e-5
2020,MLT,Malta,914127670.585937,6.750625469344e-5
2021,MLT,Malta,971600438.320312,6.570031867658e-5
2022,MLT,Malta,1002888701.83594,6.638059870855e-5
2023,MLT,Malta,1060583372.14844,6.911154482627e-5
1970,MMR,Myanmar,337587079.774701,1.2013269659026e-4
1971,MMR,Myanmar,341471163.823668,1.1780229724522e-4
1972,MMR,Myanmar,341471163.823668,1.1077202910908e-4
1973,MMR,Myanmar,338735893.366019,1.008022289794e-4
1974,MMR,Myanmar,335683078.667458,9.859993219265e-5
1975,MMR,Myanmar,362634928.352809,1.0973370799305e-4
1976,MMR,Myanmar,388150818.834031,1.0974562457723e-4
1977,MMR,Myanmar,413335334.114434,1.1246455422919e-4
1978,MMR,Myanmar,424049798.94755,1.11534844275e-4
1979,MMR,Myanmar,437967557.392322,1.1067535186556e-4
1980,MMR,Myanmar,468012242.286762,1.1811128229466e-4
1981,MMR,Myanmar,500266095.189538,1.2468640721116e-4
1982,MMR,Myanmar,526886569.674928,1.3366656176925e-4
1983,MMR,Myanmar,548757332.944548,1.3663969367397e-4
1984,MMR,Myanmar,596806737.09789,1.4095492637598e-4
1985,MMR,Myanmar,614259164.352559,1.3926300398131e-4
1986,MMR,Myanmar,565878384.998396,1.256643185742e-4
1987,MMR,Myanmar,537932409.709724,1.1420423462839e-4
1988,MMR,Myanmar,452216691.037055,9.091733861797e-5
1989,MMR,Myanmar,503138013.599514,9.832380943326e-5
1990,MMR,Myanmar,503690305.601167,9.740535766888e-5
1991,MMR,Myanmar,483365959.935663,9.36751392503e-5
1992,MMR,Myanmar,535723241.702249,1.0437438778654e-4
1993,MMR,Myanmar,586092272.263054,1.1495671263414e-4
1994,MMR,Myanmar,635909010.821345,1.2020654499623e-4
1995,MMR,Myanmar,683958414.973827,1.2308378150484e-4
1996,MMR,Myanmar,715328600.673269,1.2559340588367e-4
1997,MMR,Myanmar,751448497.588481,1.2594750722592e-4
1998,MMR,Myanmar,801817528.148426,1.3253589970368e-4
1999,MMR,Myanmar,918381945.596123,1.4679029708618e-4
2000,MMR,Myanmar,1129205997.68717,1.6959512154742e-4
2001,MMR,Myanmar,1375777018.15006,2.0820924332543e-4
2002,MMR,Myanmar,1770715422.06034,2.6445119710266e-4
2003,MMR,Myanmar,2161029500.3002,3.1164908392913e-4
2004,MMR,Myanmar,2694512454.35711,3.2170858079734e-4
2005,MMR,Myanmar,3285672912.31144,3.7581579187374e-4
2006,MMR,Myanmar,4010489674.17904,4.297518593742e-4
2007,MMR,Myanmar,4858876349.03484,4.9089434857965e-4
2008,MMR,Myanmar,5746075110.49828,5.7285474560365e-4
2009,MMR,Myanmar,6829744915.76523,7.2439094733998e-4
2010,MMR,Myanmar,8227930491.11262,7.9826763379004e-4
2011,MMR,Myanmar,9117452049.90422,8.4752224993053e-4
2012,MMR,Myanmar,9876422845.93456,8.9685319675238e-4
2013,MMR,Myanmar,10818405950.1654,9.5069468774596e-4
2014,MMR,Myanmar,11841800169.0422,9.9771159196248e-4
2015,MMR,Myanmar,13014138320.2709,0.00105709150415624
2016,MMR,Myanmar,13620769229.4365,0.0010771963147293
2017,MMR,Myanmar,15081252361.4466,0.00115209965336447
2018,MMR,Myanmar,18502020353.163,0.0013580781276298
2019,MMR,Myanmar,19817240561.0014,0.00143261716879295
2020,MMR,Myanmar,19448479974.7558,0.00143622612554188
2021,MMR,Myanmar,17723768412.5674,0.00119849393529378
2022,MMR,Myanmar,18082364202.8301,0.00119686078789471
2023,MMR,Myanmar,18067042956.5671,0.00117731550574996
1990,MNE,Montenegro,405882608.796117,7.849097003004e-5
1991,MNE,Montenegro,362034233.971082,7.016134790528e-5
1992,MNE,Montenegro,277007095.544126,5.396899697328e-5
1993,MNE,Montenegro,175723617.629179,3.446660256554e-5
1994,MNE,Montenegro,178406878.014462,3.372443862995e-5
1995,MNE,Montenegro,204097439.236265,3.672896490003e-5
1996,MNE,Montenegro,259679525.521491,4.559308270046e-5
1997,MNE,Montenegro,277602610.498029,4.652794822777e-5
1998,MNE,Montenegro,291081984.313357,4.811420469641e-5
1999,MNE,Montenegro,263187812.526783,4.206683001068e-5
2000,MNE,Montenegro,307632004.420228,4.620316159176e-5
2001,MNE,Montenegro,311258705.966535,4.710570011911e-5
2002,MNE,Montenegro,297438892.139064,4.442163326252e-5
2003,MNE,Montenegro,278427624.459609,4.015295214218e-5
2004,MNE,Montenegro,294051484.692885,3.510797868791e-5
2005,MNE,Montenegro,310112553.56553,3.547072334909e-5
2006,MNE,Montenegro,324065803.269902,3.47259045227e-5
2007,MNE,Montenegro,246071263.580896,2.486068464444e-5
2008,MNE,Montenegro,232820237.70009,2.321100498588e-5
2009,MNE,Montenegro,165155352.547654,1.751705865531e-5
2010,MNE,Montenegro,155432026.639033,1.507989843306e-5
2011,MNE,Montenegro,172125800.086431,1.60001329935e-5
2012,MNE,Montenegro,149958164.077349,1.361732490901e-5
2013,MNE,Montenegro,159734751.592321,1.403709386454e-5
2014,MNE,Montenegro,156457737.462574,1.318209191932e-5
2015,MNE,Montenegro,165785635.142969,1.346616903155e-5
2016,MNE,Montenegro,158977664.449172,1.257272268432e-5
2017,MNE,Montenegro,174117625.84923,1.330133940987e-5
2018,MNE,Montenegro,189783421.77038,1.39304091755e-5
2019,MNE,Montenegro,187913795.418902,1.35845618234e-5
2020,MNE,Montenegro,172110624.31771,1.270997915771e-5
2021,MNE,Montenegro,188303174.6058,1.273319575771e-5
2022,MNE,Montenegro,195335595.281847,1.292914531808e-5
2023,MNE,Montenegro,182167453.419317,1.187070668227e-5
1970,MNG,Mongolia,120681939.47312,4.294550261912e-5
1971,MNG,Mongolia,126343768.604166,4.358665609572e-5
1972,MNG,Mongolia,130898153.051953,4.246289454673e-5
1973,MNG,Mongolia,142547497.052535,4.241978992997e-5
1974,MNG,Mongolia,148598750.347048,4.364779650584e-5
1975,MNG,Mongolia,158228554.235185,4.788012573823e-5
1976,MNG,Mongolia,164383705.610498,4.647779050611e-5
1977,MNG,Mongolia,177385264.419839,4.826481803823e-5
1978,MNG,Mongolia,190362308.20696,5.006966270091e-5
1979,MNG,Mongolia,198548399.109276,5.017361117933e-5
1980,MNG,Mongolia,212398573.771036,5.360258907561e-5
1981,MNG,Mongolia,227660701.466394,5.674219220925e-5
1982,MNG,Mongolia,248381467.83377,6.301222829237e-5
1983,MNG,Mongolia,267750833.77118,6.666952714988e-5
1984,MNG,Mongolia,298662082.672812,7.053856677147e-5
1985,MNG,Mongolia,314236490.233385,7.124275896896e-5
1986,MNG,Mongolia,334810225.225228,7.435113254012e-5
1987,MNG,Mongolia,353793384.313037,7.51111142269e-5
1988,MNG,Mongolia,369648200.022415,7.43170945192e-5
1989,MNG,Mongolia,391402120.381276,7.648825263832e-5
1990,MNG,Mongolia,392327189.800754,7.586957664424e-5
1991,MNG,Mongolia,334814645.889836,6.488625839715e-5
1992,MNG,Mongolia,326684423.999279,6.364757789111e-5
1993,MNG,Mongolia,298639915.655707,5.857552571467e-5
1994,MNG,Mongolia,289469574.480485,5.471873623065e-5
1995,MNG,Mongolia,435621237.508664,7.839352224131e-5
1996,MNG,Mongolia,367557658.957752,6.453372366725e-5
1997,MNG,Mongolia,317270309.185318,5.317650469316e-5
1998,MNG,Mongolia,323795789.863942,5.352161161777e-5
1999,MNG,Mongolia,309601478.959266,4.94853947126e-5
2000,MNG,Mongolia,298290346.589261,4.480014070935e-5
2001,MNG,Mongolia,407579400.648882,6.168281450016e-5
2002,MNG,Mongolia,510309697.362892,7.621326876098e-5
2003,MNG,Mongolia,584755263.409845,8.432945600192e-5
2004,MNG,Mongolia,565262471.205575,6.748893926821e-5
2005,MNG,Mongolia,457271404.87766,5.230277623843e-5
2006,MNG,Mongolia,513543934.500803,5.502980400198e-5
2007,MNG,Mongolia,654772361.255656,6.615193074637e-5
2008,MNG,Mongolia,672343165.260781,6.702922699185e-5
2009,MNG,Mongolia,611615555.834172,6.487047135184e-5
2010,MNG,Mongolia,648938005.230988,6.295947765622e-5
2011,MNG,Mongolia,699926094.127189,6.506235896091e-5
2012,MNG,Mongolia,761100313.848714,6.91136112915e-5
2013,MNG,Mongolia,839150116.774396,7.374243136315e-5
2014,MNG,Mongolia,874266149.649102,7.365987092449e-5
2015,MNG,Mongolia,815191862.867543,6.621509402219e-5
2016,MNG,Mongolia,756571620.951195,5.983334334423e-5
2017,MNG,Mongolia,880516636.348524,6.726516387406e-5
2018,MNG,Mongolia,1052591154.26471,7.726188798074e-5
2019,MNG,Mongolia,1092752364.15943,7.899665916225e-5
2020,MNG,Mongolia,1130406353.31765,8.347794476589e-5
2021,MNG,Mongolia,1120575408.85081,7.577411306022e-5
2022,MNG,Mongolia,1189315889.93436,7.872010192449e-5
2023,MNG,Mongolia,1249550091.75802,8.142531690296e-5
1970,MOZ,Mozambique,217207014.569916,7.729461801683e-5
1971,MOZ,Mozambique,233469123.527562,8.054325518853e-5
1972,MOZ,Mozambique,244859423.932246,7.943152485186e-5
1973,MOZ,Mozambique,256141845.828345,7.622359927029e-5
1974,MOZ,Mozambique,272214228.709668,7.995727577092e-5
1975,MOZ,Mozambique,277840694.164659,8.407488418322e-5
1976,MOZ,Mozambique,293417330.943152,8.296071187707e-5
1977,MOZ,Mozambique,293093645.776464,7.974795160031e-5
1978,MOZ,Mozambique,295924465.305334,7.783493645536e-5
1979,MOZ,Mozambique,305037149.702624,7.708354946748e-5
1980,MOZ,Mozambique,318925170.792661,8.048648619598e-5
1981,MOZ,Mozambique,320963433.266294,7.999698105659e-5
1982,MOZ,Mozambique,309822713.352485,7.859934041856e-5
1983,MOZ,Mozambique,272376047.044485,6.782119781905e-5
1984,MOZ,Mozambique,270977304.151357,6.399992423334e-5
1985,MOZ,Mozambique,255314374.897903,5.788411288152e-5
1986,MOZ,Mozambique,269501101.874833,5.984796949294e-5
1987,MOZ,Mozambique,242473435.395637,5.147764404457e-5
1988,MOZ,Mozambique,250225682.069853,5.030741571145e-5
1989,MOZ,Mozambique,264641016.387022,5.171645186836e-5
1990,MOZ,Mozambique,247426024.547509,4.784809266653e-5
1991,MOZ,Mozambique,266064644.122741,5.156267642656e-5
1992,MOZ,Mozambique,245027055.504446,4.773835988177e-5
1993,MOZ,Mozambique,231153143.760022,4.533860414008e-5
1994,MOZ,Mozambique,217168475.813289,4.105158397723e-5
1995,MOZ,Mozambique,234167246.019388,4.214026688412e-5
1996,MOZ,Mozambique,278342401.401541,4.886980635327e-5
1997,MOZ,Mozambique,366724259.793759,6.14652986978e-5
1998,MOZ,Mozambique,419714133.102369,6.937637092759e-5
1999,MOZ,Mozambique,481272508.478966,7.692456808173e-5
2000,MOZ,Mozambique,554132711.638331,8.322503137265e-5
2001,MOZ,Mozambique,746420602.57544,1.1296283250444e-4
2002,MOZ,Mozambique,811663265.321832,1.2121954746904e-4
2003,MOZ,Mozambique,941312379.093454,1.3574971586222e-4
2004,MOZ,Mozambique,1072277611.14419,1.2802349751404e-4
2005,MOZ,Mozambique,1082759189.28017,1.2384616880249e-4
2006,MOZ,Mozambique,1113767207.11255,1.1934790189046e-4
2007,MOZ,Mozambique,1157213051.93949,1.1691372788536e-4
2008,MOZ,Mozambique,1163329663.20623,1.1597810774377e-4
2009,MOZ,Mozambique,1145863197.16935,1.2153498222217e-4
2010,MOZ,Mozambique,1198289424.98399,1.1625713961862e-4
2011,MOZ,Mozambique,1187772370.92509,1.1041061764863e-4
2012,MOZ,Mozambique,1209267641.63251,1.0981056269515e-4
2013,MOZ,Mozambique,1245306097.92791,1.0943441181365e-4
2014,MOZ,Mozambique,1284282058.99437,1.0820509376251e-4
2015,MOZ,Mozambique,1346746326.6692,1.0939134540764e-4
2016,MOZ,Mozambique,1379588026.06458,1.0910449420945e-4
2017,MOZ,Mozambique,1381261584.53646,1.0551849107824e-4
2018,MOZ,Mozambique,1406491329.29278,1.0323873147653e-4
2019,MOZ,Mozambique,1424546986.33976,1.029825754045e-4
2020,MOZ,Mozambique,1406419911.61953,1.0386091988536e-4
2021,MOZ,Mozambique,1433701283.63158,9.694790935301e-5
2022,MOZ,Mozambique,1444324811.8704,9.559898876721e-5
2023,MOZ,Mozambique,1377653898.77629,8.977303593539e-5
1970,MRT,Mauritania,100128053.466508,3.563126016343e-5
1971,MRT,Mauritania,103541643.282237,3.572027371977e-5
1972,MRT,Mauritania,104616495.362361,3.393721841635e-5
1973,MRT,Mauritania,92802849.2163964,2.761660113339e-5
1974,MRT,Mauritania,101789335.928969,2.989850325602e-5
1975,MRT,Mauritania,101651933.038707,3.075998108529e-5
1976,MRT,Mauritania,108564687.795738,3.069554124596e-5
1977,MRT,Mauritania,125331391.797846,3.410146180623e-5
1978,MRT,Mauritania,131557700.310154,3.460269914922e-5
1979,MRT,Mauritania,145709173.826468,3.682102432267e-5
1980,MRT,Mauritania,144154935.422408,3.638008311204e-5
1981,MRT,Mauritania,189562909.012044,4.724669189554e-5
1982,MRT,Mauritania,180549990.205964,4.58039695967e-5
1983,MRT,Mauritania,209382758.156532,5.213597015934e-5
1984,MRT,Mauritania,197603332.59992,4.667032301564e-5
1985,MRT,Mauritania,245700360.39589,5.570445221454e-5
1986,MRT,Mauritania,262846399.823177,5.837016327025e-5
1987,MRT,Mauritania,265603476.592163,5.638820270229e-5
1988,MRT,Mauritania,266135266.32733,5.350600852741e-5
1989,MRT,Mauritania,267621615.243633,5.229892392583e-5
1990,MRT,Mauritania,259861178.677271,5.025284539297e-5
1991,MRT,Mauritania,274825460.887512,5.326050125994e-5
1992,MRT,Mauritania,322485360.815069,6.282947888959e-5
1993,MRT,Mauritania,355257735.836762,6.968060044871e-5
1994,MRT,Mauritania,279648832.456081,5.286231110069e-5
1995,MRT,Mauritania,315697588.976468,5.681230351507e-5
1996,MRT,Mauritania,356714819.646992,6.262999841818e-5
1997,MRT,Mauritania,395814047.781282,6.634093062004e-5
1998,MRT,Mauritania,410610399.524945,6.78715752877e-5
1999,MRT,Mauritania,405778833.692906,6.485797748387e-5
2000,MRT,Mauritania,320696741.427918,4.816535065677e-5
2001,MRT,Mauritania,302205621.37291,4.573561189396e-5
2002,MRT,Mauritania,345710006.622019,5.163078378522e-5
2003,MRT,Mauritania,331495143.021584,4.780599137368e-5
2004,MRT,Mauritania,344367286.728174,4.111538282452e-5
2005,MRT,Mauritania,359430497.222208,4.111171761224e-5
2006,MRT,Mauritania,355025305.651439,3.804343050947e-5
2007,MRT,Mauritania,320052449.215554,3.233503536269e-5
2008,MRT,Mauritania,317303353.563312,3.163354609698e-5
2009,MRT,Mauritania,369447796.772444,3.918515885987e-5
2010,MRT,Mauritania,327205093.607343,3.174519232024e-5
2011,MRT,Mauritania,362247072.320568,3.367305384042e-5
2012,MRT,Mauritania,419134606.47509,3.806056277161e-5
2013,MRT,Mauritania,448229256.058843,3.938927551715e-5
2014,MRT,Mauritania,390373254.33872,3.289026292337e-5
2015,MRT,Mauritania,458712648.162502,3.725957349525e-5
2016,MRT,Mauritania,420129053.457936,3.322583772416e-5
2017,MRT,Mauritania,432996058.373479,3.307779730783e-5
2018,MRT,Mauritania,438720782.540055,3.220281285672e-5
2019,MRT,Mauritania,446016266.079341,3.224316515608e-5
2020,MRT,Mauritania,463717011.825814,3.424444934035e-5
2021,MRT,Mauritania,503873744.102386,3.407230406104e-5
2022,MRT,Mauritania,538622198.853221,3.565107870109e-5
2023,MRT,Mauritania,523579549.195681,3.411838468771e-5
1970,MSR,Montserrat,3380279.81651376,1.20289594571e-6
1971,MSR,Montserrat,3471303.21100917,1.19754619427e-6
1972,MSR,Montserrat,3495342.66055046,1.13387670749e-6
1973,MSR,Montserrat,3627327.52293578,1.07943299399e-6
1974,MSR,Montserrat,3809296.33027523,1.11890167761e-6
1975,MSR,Montserrat,3786842.20183486,1.1459024046e-6
1976,MSR,Montserrat,4009597.70642202,1.13367223059e-6
1977,MSR,Montserrat,4009597.70642202,1.09097282877e-6
1978,MSR,Montserrat,5283784.86238532,1.38975687117e-6
1979,MSR,Montserrat,6335865.59633027,1.60108698101e-6
1980,MSR,Montserrat,7013873.39449541,1.77007673224e-6
1981,MSR,Montserrat,7832158.71559633,1.95208857914e-6
1982,MSR,Montserrat,7703571.10091743,1.95432930287e-6
1983,MSR,Montserrat,8042574.7706422,2.00258818795e-6
1984,MSR,Montserrat,7878917.88990826,1.86085749717e-6
1985,MSR,Montserrat,7832158.71559633,1.77568364249e-6
1986,MSR,Montserrat,7949056.42201835,1.76524282436e-6
1987,MSR,Montserrat,8311439.90825688,1.76453698689e-6
1988,MSR,Montserrat,8416648.16513761,1.69215171935e-6
1989,MSR,Montserrat,6756698.16513761,1.32040172841e-6
1990,MSR,Montserrat,4500568.80733945,8.7033542142e-7
1991,MSR,Montserrat,3600455.04587156,6.9775937021e-7
1992,MSR,Montserrat,3693973.39449541,7.1969289651e-7
1993,MSR,Montserrat,3787491.74311927,7.4288234212e-7
1994,MSR,Montserrat,3845940.82568807,7.2700221422e-7
1995,MSR,Montserrat,4430430.27522936,7.9729132653e-7
1996,MSR,Montserrat,6651489.90825688,1.16783149868e-6
1997,MSR,Montserrat,3647214.22018349,6.1129610455e-7
1998,MSR,Montserrat,549420.183486238,9.081604701e-8
1999,MSR,Montserrat,607869.266055046,9.715925991e-8
2000,MSR,Montserrat,610091.743119266,9.162950209e-8
2001,MSR,Montserrat,610091.743119266,9.23309072e-8
2002,MSR,Montserrat,683486.23853211,1.0207668139e-7
2003,MSR,Montserrat,715596.330275229,1.0319847126e-7
2004,MSR,Montserrat,738532.110091743,8.817629201e-8
2005,MSR,Montserrat,922018.348623853,1.054606058e-7
2006,MSR,Montserrat,1045871.55963303,1.1207241108e-7
2007,MSR,Montserrat,1105504.58715596,1.1168959964e-7
2008,MSR,Montserrat,1146788.99082569,1.1432908602e-7
2009,MSR,Montserrat,1032110.09174312,1.0946985814e-7
2010,MSR,Montserrat,922018.348623853,8.945352737e-8
2011,MSR,Montserrat,908256.880733945,8.442796417e-8
2012,MSR,Montserrat,1068807.33944954,9.705571481e-8
2013,MSR,Montserrat,1041284.40366972,9.150549124e-8
2014,MSR,Montserrat,1009174.31192661,8.502633847e-8
2015,MSR,Montserrat,1000000,8.122639226e-8
2016,MSR,Montserrat,1467889.90825688,1.1608783417e-7
2017,MSR,Montserrat,1555045.87155963,1.1879436578e-7
2018,MSR,Montserrat,1692660.55045872,1.2424401374e-7
2019,MSR,Montserrat,1711009.17431193,1.2369134398e-7
2020,MSR,Montserrat,1908256.88073394,1.4092044159e-7
2021,MSR,Montserrat,2908256.88073394,1.9665841669e-7
2022,MSR,Montserrat,2935779.81651376,1.9431749658e-7
2023,MSR,Montserrat,2995412.8440367,1.9519220693e-7
1970,MUS,Mauricio,160871239.620791,5.724714296637e-5
1971,MUS,Mauricio,167952513.949348,5.794103299908e-5
1972,MUS,Mauricio,181673444.925674,5.893421835187e-5
1973,MUS,Mauricio,203057924.441445,6.042669760275e-5
1974,MUS,Mauricio,218748726.534381,6.425289498993e-5
1975,MUS,Mauricio,223070244.973636,6.750128906518e-5
1976,MUS,Mauricio,270833813.619816,7.657545621473e-5
1977,MUS,Mauricio,285856291.413813,7.777873734492e-5
1978,MUS,Mauricio,307746187.606203,8.094432115301e-5
1979,MUS,Mauricio,323627092.647207,8.1781268378e-5
1980,MUS,Mauricio,300878769.179655,7.593215311935e-5
1981,MUS,Mauricio,327060801.860481,8.151669024888e-5
1982,MUS,Mauricio,344229347.926853,8.732800577141e-5
1983,MUS,Mauricio,347759905.287341,8.659165732798e-5
1984,MUS,Mauricio,390126594.288944,9.214082542484e-5
1985,MUS,Mauricio,449704750.644656,1.0195571855318e-4
1986,MUS,Mauricio,540616604.077989,1.2005444802694e-4
1987,MUS,Mauricio,620054145.91376,1.3163885998327e-4
1988,MUS,Mauricio,669238362.36274,1.3454914870023e-4
1989,MUS,Mauricio,701643588.364218,1.3711599721683e-4
1990,MUS,Mauricio,755823076.835011,1.4616365714174e-4
1991,MUS,Mauricio,798859266.256025,1.5481696935773e-4
1992,MUS,Mauricio,851043524.925632,1.658079022511e-4
1993,MUS,Mauricio,884348102.610834,1.7345690348013e-4
1994,MUS,Mauricio,920049287.56967,1.7391787850615e-4
1995,MUS,Mauricio,975005972.728308,1.7546011495128e-4
1996,MUS,Mauricio,1039218520.71245,1.8246019151314e-4
1997,MUS,Mauricio,1098389929.10263,1.8409707914313e-4
1998,MUS,Mauricio,1165742859.1063,1.926906973605e-4
1999,MUS,Mauricio,1189543649.06008,1.9013164019592e-4
2000,MUS,Mauricio,1278963139.44191,1.9208710326778e-4
2001,MUS,Mauricio,1342425614.20885,2.0316186247313e-4
2002,MUS,Mauricio,1309615083.05962,1.9558720285828e-4
2003,MUS,Mauricio,1324185549.18598,1.9096509941149e-4
2004,MUS,Mauricio,1332496111.3555,1.590920213447e-4
2005,MUS,Mauricio,1285277008.10042,1.4701018922683e-4
2006,MUS,Mauricio,1292520226.76496,1.3850253107676e-4
2007,MUS,Mauricio,1326464284.36003,1.3401325203808e-4
2008,MUS,Mauricio,1365495186.23652,1.3613299208452e-4
2009,MUS,Mauricio,1398918831.79493,1.4837510775497e-4
2010,MUS,Mauricio,1425819002.66168,1.3833188827944e-4
2011,MUS,Mauricio,1436483784.29618,1.3352984607889e-4
2012,MUS,Mauricio,1466133222.20651,1.3313588206098e-4
2013,MUS,Mauricio,1535142571.83356,1.3490452241279e-4
2014,MUS,Mauricio,1562276882.68929,1.3162709499093e-4
2015,MUS,Mauricio,1561998134.45076,1.2687547318164e-4
2016,MUS,Mauricio,1567057837.3259,1.2393051368105e-4
2017,MUS,Mauricio,1590574052.35828,1.2150846431408e-4
2018,MUS,Mauricio,1594501868.44667,1.1703900820928e-4
2019,MUS,Mauricio,1616573660.78848,1.1686446324023e-4
2020,MUS,Mauricio,1329978236.99767,9.821587562922e-5
2021,MUS,Mauricio,1439740283.28685,9.735627084214e-5
2022,MUS,Mauricio,1570283497.35717,1.0393611824115e-4
2023,MUS,Mauricio,1603887117.10998,1.0451523124097e-4
1970,MWI,Malawi,91757525.7923064,3.265255001239e-5
1971,MWI,Malawi,96982547.9234009,3.345748674687e-5
1972,MWI,Malawi,114338191.282268,3.709090194081e-5
1973,MWI,Malawi,110667805.965101,3.293291834735e-5
1974,MWI,Malawi,123540313.443283,3.628740113121e-5
1975,MWI,Malawi,144994491.747657,4.387548461012e-5
1976,MWI,Malawi,139809732.455208,3.952975406921e-5
1977,MWI,Malawi,143921783.940847,3.915972804371e-5
1978,MWI,Malawi,151609528.380669,3.987679084039e-5
1979,MWI,Malawi,158224571.331814,3.998369242276e-5
1980,MWI,Malawi,158760926.154833,4.006616680541e-5
1981,MWI,Malawi,170381924.399095,4.24660200068e-5
1982,MWI,Malawi,158403369.876417,4.018556372979e-5
1983,MWI,Malawi,174136422.386895,4.335968921773e-5
1984,MWI,Malawi,171275801.722882,4.045223775326e-5
1985,MWI,Malawi,170203258.98646,3.858797476606e-5
1986,MWI,Malawi,183075620.982712,4.065550791166e-5
1987,MWI,Malawi,191478267.11114,4.065125757192e-5
1988,MWI,Malawi,197736717.085446,3.975460530489e-5
1989,MWI,Malawi,214541204.076474,4.192588891124e-5
1990,MWI,Malawi,238676498.705669,4.61560793707e-5
1991,MWI,Malawi,245833698.787248,4.764196876705e-5
1992,MWI,Malawi,253153855.580252,4.932169567262e-5
1993,MWI,Malawi,226696294.275057,4.446443331453e-5
1994,MWI,Malawi,233871571.697925,4.420898765113e-5
1995,MWI,Malawi,252944624.725244,4.551940621082e-5
1996,MWI,Malawi,238859901.591829,4.193768925459e-5
1997,MWI,Malawi,241166360.057909,4.042100286781e-5
1998,MWI,Malawi,244874417.635565,4.047635542551e-5
1999,MWI,Malawi,249152945.606441,3.982355607146e-5
2000,MWI,Malawi,241879448.052805,3.63278042061e-5
2001,MWI,Malawi,207651224.272313,3.142580789688e-5
2002,MWI,Malawi,207365989.073456,3.096950722044e-5
2003,MWI,Malawi,242449487.928637,3.496442820496e-5
2004,MWI,Malawi,249764414.391823,2.982036886032e-5
2005,MWI,Malawi,260447908.632548,2.979007333865e-5
2006,MWI,Malawi,280762845.506234,3.008569144968e-5
2007,MWI,Malawi,328773292.083025,3.321610583474e-5
2008,MWI,Malawi,365028658.325849,3.639151859001e-5
2009,MWI,Malawi,471139780.217499,4.997103053343e-5
2010,MWI,Malawi,524666882.104873,5.090278666771e-5
2011,MWI,Malawi,575762098.934492,5.352056548724e-5
2012,MWI,Malawi,617972393.273689,5.611652367034e-5
2013,MWI,Malawi,706179535.99081,6.20573064603e-5
2014,MWI,Malawi,812517301.04399,6.845732222715e-5
2015,MWI,Malawi,913358422.447697,7.418880949767e-5
2016,MWI,Malawi,1001856699.46668,7.923167380444e-5
2017,MWI,Malawi,1105990038.58906,8.448971673866e-5
2018,MWI,Malawi,1180993159.83128,8.668680223201e-5
2019,MWI,Malawi,1270579270.39028,9.185202508242e-5
2020,MWI,Malawi,1323843314.30637,9.776282550609e-5
2021,MWI,Malawi,1378687745.6647,9.322785444834e-5
2022,MWI,Malawi,1369379259.88344,9.063838785274e-5
2023,MWI,Malawi,1429151442.5891,9.312880682632e-5
1970,MYS,Malasia,1856757065.57969,6.6073984036941e-4
1971,MYS,Malasia,2219983673.04643,7.6586020794072e-4
1972,MYS,Malasia,2445805478.34732,7.9341058439285e-4
1973,MYS,Malasia,2996619511.15251,8.9174466610465e-4
1974,MYS,Malasia,3307273846.65099,9.7144300009643e-4
1975,MYS,Malasia,3405249444.71262,0.00103043203782639
1976,MYS,Malasia,4034921885.72625,0.0011408323800515
1977,MYS,Malasia,4462669008.8835,0.00121424915639454
1978,MYS,Malasia,4876078239.77889,0.00128252065794217
1979,MYS,Malasia,5428867746.7821,0.00137188665682032
1980,MYS,Malasia,5929430515.01617,0.00149639812408273
1981,MYS,Malasia,6209555749.76698,0.00154767073815486
1982,MYS,Malasia,6559542726.06803,0.00166409920737399
1983,MYS,Malasia,7073670880.9189,0.00176133267711059
1984,MYS,Malasia,7943212166.61511,0.00187604263916072
1985,MYS,Malasia,7639347505.22088,0.00173197006048017
1986,MYS,Malasia,8214519900.23144,0.00182419416087042
1987,MYS,Malasia,9315351028.75556,0.00197766952749308
1988,MYS,Malasia,10954728008.092,0.00220242802957024
1989,MYS,Malasia,12509999590.1994,0.00244471851156143
1990,MYS,Malasia,14422694625.8948,0.00278911011977423
1991,MYS,Malasia,16441650496.8354,0.00318635159993665
1992,MYS,Malasia,17592809545.9235,0.00342758831960767
1993,MYS,Malasia,20158012523.335,0.00395381233056153
1994,MYS,Malasia,22450922110.3024,0.00424392127322315
1995,MYS,Malasia,25001182157.7255,0.00449916248516661
1996,MYS,Malasia,29546600076.4118,0.00518762724206305
1997,MYS,Malasia,32535739511.2533,0.00545319512959936
1998,MYS,Malasia,28169636752.1715,0.00465628153564619
1999,MYS,Malasia,31457634786.2684,0.00502805567775813
2000,MYS,Malasia,37218964450.7444,0.00558990548475826
2001,MYS,Malasia,35629685772.7324,0.00539217461608618
2002,MYS,Malasia,37097831436.7542,0.00554045320390735
2003,MYS,Malasia,40497338117.2908,0.00584025267774865
2004,MYS,Malasia,44368180799.1142,0.00529729393321676
2005,MYS,Malasia,46673430029.0862,0.00533851437254145
2006,MYS,Malasia,50141040794.1412,0.00537296122490355
2007,MYS,Malasia,51699065799.9525,0.00522317865386421
2008,MYS,Malasia,52094571647.5959,0.00519356639351818
2009,MYS,Malasia,47420184962.7906,0.00502958062590901
2010,MYS,Malasia,53064792060.2972,0.00514830625286507
2011,MYS,Malasia,55950243367.4401,0.00520091313706795
2012,MYS,Malasia,58420533724.4354,0.00530502219721261
2013,MYS,Malasia,60413912763.6586,0.00530902484108393
2014,MYS,Malasia,64101016158.407,0.00540072674465594
2015,MYS,Malasia,67182023640.8317,0.00545695340521544
2016,MYS,Malasia,70131487531.2962,0.00554633726206384
2017,MYS,Malasia,74372977963.8582,0.00568156278260338
2018,MYS,Malasia,78054701438.8562,0.00572934094544239
2019,MYS,Malasia,80983991473.2988,0.00585445063478441
2020,MYS,Malasia,78762253049.1223,0.0058164137085531
2021,MYS,Malasia,86247337681.3629,0.00583210684884902
2022,MYS,Malasia,93235430924.7218,0.00617119697759434
2023,MYS,Malasia,93893989323.5903,0.00611848047260013
1970,NAM,Namibia,285168438.469208,1.0147916063198e-4
1971,NAM,Namibia,300060724.772327,1.0351633296186e-4
1972,NAM,Namibia,305887738.541718,9.922889270776e-5
1973,NAM,Namibia,318373012.456629,9.474257063109e-5
1974,NAM,Namibia,340516676.818829,1.0001970125537e-4
1975,NAM,Namibia,347882927.420644,1.0526973710653e-4
1976,NAM,Namibia,355307264.623859,1.0045944973169e-4
1977,NAM,Namibia,351682104.397445,9.568930560021e-5
1978,NAM,Namibia,362352532.504427,9.530704503536e-5
1979,NAM,Namibia,386927094.124513,9.777731607227e-5
1980,NAM,Namibia,387592942.263095,9.78160297589e-5
1981,NAM,Namibia,407055115.605434,1.0145448670179e-4
1982,NAM,Namibia,449844392.116333,1.1412162823294e-4
1983,NAM,Namibia,451373403.066931,1.1239125169718e-4
1984,NAM,Namibia,458354271.001906,1.0825496514559e-4
1985,NAM,Namibia,470432172.672186,1.0665497779725e-4
1986,NAM,Namibia,500708086.444697,1.1119198427741e-4
1987,NAM,Namibia,510841548.357263,1.0845278513337e-4
1988,NAM,Namibia,504217235.788823,1.0137195303009e-4
1989,NAM,Namibia,522042979.029396,1.0201823952605e-4
1990,NAM,Namibia,565664949.448997,1.0939022671097e-4
1991,NAM,Namibia,529238491.817296,1.0256512358504e-4
1992,NAM,Namibia,590341466.904572,1.1501559834773e-4
1993,NAM,Namibia,643797925.03456,1.2627515591851e-4
1994,NAM,Namibia,685046476.270414,1.2949505145075e-4
1995,NAM,Namibia,672001965.802188,1.2093212294608e-4
1996,NAM,Namibia,563360974.256751,9.891177765331e-5
1997,NAM,Namibia,664668042.444562,1.1140255566053e-4
1998,NAM,Namibia,723735396.030633,1.1962936515222e-4
1999,NAM,Namibia,696941007.150512,1.1139611136929e-4
2000,NAM,Namibia,722018166.95374,1.0843969925308e-4
2001,NAM,Namibia,764874754.078642,1.1575567238329e-4
2002,NAM,Namibia,795189806.113762,1.187592842592e-4
2003,NAM,Namibia,905419902.365283,1.305735452034e-4
2004,NAM,Namibia,908655189.445464,1.0848796447681e-4
2005,NAM,Namibia,977221184.786949,1.1177471501207e-4
2006,NAM,Namibia,1003659710.27808,1.0754911786657e-4
2007,NAM,Namibia,1089394551.94876,1.1006199592449e-4
2008,NAM,Namibia,1143080785.51683,1.139593966315e-4
2009,NAM,Namibia,1166219640.43936,1.2369407065179e-4
2010,NAM,Namibia,1253759971.39406,1.2163885035082e-4
2011,NAM,Namibia,1325017112.44913,1.2316834551942e-4
2012,NAM,Namibia,1234437952.30551,1.1209621550108e-4
2013,NAM,Namibia,1288968876.9838,1.1327138856345e-4
2014,NAM,Namibia,1337177641.85907,1.1266172497012e-4
2015,NAM,Namibia,1294156305.0024,1.0511964767866e-4
2016,NAM,Namibia,1423340659.11603,1.1256466406395e-4
2017,NAM,Namibia,1399891771.7802,1.0694170393559e-4
2018,NAM,Namibia,1394676356.94155,1.0237149345481e-4
2019,NAM,Namibia,1460027439.33833,1.0554750900188e-4
2020,NAM,Namibia,1209680516.01691,8.93321618408e-5
2021,NAM,Namibia,1195430674.43263,8.083587982089e-5
2022,NAM,Namibia,1257019766.77579,8.320138072581e-5
2023,NAM,Namibia,1216404372.43582,7.926541893842e-5
1970,NCL,Nueva Caledonia,569373695.677068,2.0261556655218e-4
1971,NCL,Nueva Caledonia,524754353.67195,1.8103217753376e-4
1972,NCL,Nueva Caledonia,687465380.120277,2.2301132032775e-4
1973,NCL,Nueva Caledonia,550053973.9606,1.6368701315716e-4
1974,NCL,Nueva Caledonia,661919727.676013,1.9442517187614e-4
1975,NCL,Nueva Caledonia,664579881.031471,2.0110256597295e-4
1976,NCL,Nueva Caledonia,671327212.826226,1.8981081758018e-4
1977,NCL,Nueva Caledonia,662120041.519642,1.8015647144045e-4
1978,NCL,Nueva Caledonia,390091631.876763,1.0260306577751e-4
1979,NCL,Nueva Caledonia,450524713.404241,1.1384857243085e-4
1980,NCL,Nueva Caledonia,443538945.922493,1.119350070728e-4
1981,NCL,Nueva Caledonia,393620499.136867,9.810604059314e-5
1982,NCL,Nueva Caledonia,332621655.885145,8.438323478162e-5
1983,NCL,Nueva Caledonia,275573498.684159,6.861735813683e-5
1984,NCL,Nueva Caledonia,347062024.525338,8.196975515516e-5
1985,NCL,Nueva Caledonia,410530337.476156,9.307421254781e-5
1986,NCL,Nueva Caledonia,261651749.420682,5.810486787685e-5
1987,NCL,Nueva Caledonia,261869515.317539,5.559547450484e-5
1988,NCL,Nueva Caledonia,802768647.265619,1.613951682499e-4
1989,NCL,Nueva Caledonia,891448573.006226,1.7420790566937e-4
1990,NCL,Nueva Caledonia,550373494.278848,1.0643311269952e-4
1991,NCL,Nueva Caledonia,619962935.347144,1.2014729855284e-4
1992,NCL,Nueva Caledonia,508765514.681397,9.912224258377e-5
1993,NCL,Nueva Caledonia,485140378.771033,9.515590931485e-5
1994,NCL,Nueva Caledonia,500866635.329282,9.46793436046e-5
1995,NCL,Nueva Caledonia,556279237.422031,1.0010689336595e-4
1996,NCL,Nueva Caledonia,541524112.160838,9.507778320397e-5
1997,NCL,Nueva Caledonia,514199103.578797,8.618301257023e-5
1998,NCL,Nueva Caledonia,321876148.498061,5.320430576375e-5
1999,NCL,Nueva Caledonia,432658367.601241,6.915428882455e-5
2000,NCL,Nueva Caledonia,554321700.860337,8.325341560914e-5
2001,NCL,Nueva Caledonia,413828524.534388,6.262855304535e-5
2002,NCL,Nueva Caledonia,469321093.069277,7.009173994954e-5
2003,NCL,Nueva Caledonia,581892391.399154,8.391659192976e-5
2004,NCL,Nueva Caledonia,687018258.180424,8.202584792795e-5
2005,NCL,Nueva Caledonia,697768335.816522,7.981085356571e-5
2006,NCL,Nueva Caledonia,849340277.470316,9.101271743306e-5
2007,NCL,Nueva Caledonia,1139072173.10772,1.1508094716466e-4
2008,NCL,Nueva Caledonia,617338767.077339,6.154556554947e-5
2009,NCL,Nueva Caledonia,511109887.49778,5.421042515727e-5
2010,NCL,Nueva Caledonia,699956933.664047,6.790929575723e-5
2011,NCL,Nueva Caledonia,760467056.581296,7.069000717131e-5
2012,NCL,Nueva Caledonia,587978209.204349,5.339282701557e-5
2013,NCL,Nueva Caledonia,556534117.903423,4.890683820494e-5
2014,NCL,Nueva Caledonia,704715333.310715,5.937464296314e-5
2015,NCL,Nueva Caledonia,766996924.424343,6.230039304715e-5
2016,NCL,Nueva Caledonia,791661393.739629,6.260841230661e-5
2017,NCL,Nueva Caledonia,808522960.616725,6.176536273903e-5
2018,NCL,Nueva Caledonia,865865575.378384,6.355592940356e-5
2019,NCL,Nueva Caledonia,948817991.933933,6.859143386386e-5
2020,NCL,Nueva Caledonia,1007371464.19492,7.439209731969e-5
2021,NCL,Nueva Caledonia,1064165805.15565,7.195965518945e-5
2022,NCL,Nueva Caledonia,1129317289.49858,7.474883072429e-5
2023,NCL,Nueva Caledonia,1207370890.85009,7.867676378509e-5
1970,NER,Níger,100879834.220997,3.589878654311e-5
1971,NER,Níger,119029981.039161,4.106351192427e-5
1972,NER,Níger,119873641.31128,3.888658221108e-5
1973,NER,Níger,139712311.310575,4.157608529767e-5
1974,NER,Níger,121563286.59301,3.570669055696e-5
1975,NER,Níger,143086636.633987,4.329816566049e-5
1976,NER,Níger,163773059.657639,4.63051366864e-5
1977,NER,Níger,181082698.998201,4.927085429336e-5
1978,NER,Níger,216724572.452166,5.700354415686e-5
1979,NER,Níger,294434724.960602,7.440429373462e-5
1980,NER,Níger,306044499.470175,7.723581779619e-5
1981,NER,Níger,319168944.770356,7.954972243664e-5
1982,NER,Níger,307895720.543328,7.811047902376e-5
1983,NER,Níger,275021187.22587,6.847983347166e-5
1984,NER,Níger,320967722.385259,7.580675429014e-5
1985,NER,Níger,288333111.226791,6.537002221048e-5
1986,NER,Níger,309366956.386543,6.870095906526e-5
1987,NER,Níger,316939583.42061,6.728697117826e-5
1988,NER,Níger,309517058.012243,6.222783839934e-5
1989,NER,Níger,332775304.970009,6.50313329257e-5
1990,NER,Níger,346959908.633326,6.709629631814e-5
1991,NER,Níger,324467179.967137,6.288094484274e-5
1992,NER,Níger,329578140.334313,6.421135755827e-5
1993,NER,Níger,321067378.138352,6.297447018424e-5
1994,NER,Níger,318380559.030374,6.018380985917e-5
1995,NER,Níger,347575325.299203,6.254895686492e-5
1996,NER,Níger,366255472.662128,6.430509306055e-5
1997,NER,Níger,377829172.601335,6.332655211778e-5
1998,NER,Níger,376779063.72812,6.227944694104e-5
1999,NER,Níger,369623321.834927,5.907903294735e-5
2000,NER,Níger,347661044.827712,5.22151115701e-5
2001,NER,Níger,358524830.923144,5.425892624682e-5
2002,NER,Níger,367534891.5261,5.489026685495e-5
2003,NER,Níger,373585356.06394,5.387595771852e-5
2004,NER,Níger,397226323.025002,4.742643383558e-5
2005,NER,Níger,398765790.332746,4.561089471338e-5
2006,NER,Níger,405808952.729919,4.348525146672e-5
2007,NER,Níger,238702989.946845,2.411626481856e-5
2008,NER,Níger,407801470.814422,4.065575254896e-5
2009,NER,Níger,424538284.435946,4.502828346264e-5
2010,NER,Níger,438490985.35196,4.254206591721e-5
2011,NER,Níger,446806111.755539,4.153332740825e-5
2012,NER,Níger,606021499.951002,5.503129301065e-5
2013,NER,Níger,696863748.477654,6.123865815465e-5
2014,NER,Níger,724145008.396963,6.101165860138e-5
2015,NER,Níger,738468135.001013,5.998310240669e-5
2016,NER,Níger,778992592.334576,6.160650221213e-5
2017,NER,Níger,835236747.950012,6.380610474037e-5
2018,NER,Níger,865818295.386734,6.355245897594e-5
2019,NER,Níger,931789370.502618,6.736041003144e-5
2020,NER,Níger,966442133.795205,7.136955912147e-5
2021,NER,Níger,1011504839.30984,6.839868289937e-5
2022,NER,Níger,974690952.439425,6.451420667148e-5
2023,NER,Níger,1026349572.86966,6.68807435375e-5
1970,NGA,Nigeria,10980490308.2647,0.00390748340101001
1971,NGA,Nigeria,11205380889.6302,0.00386568398785142
1972,NGA,Nigeria,13036856188.014,0.00422910970571838
1973,NGA,Nigeria,16221638357.1254,0.00482729269652314
1974,NGA,Nigeria,16644257149.2899,0.00488890483497629
1975,NGA,Nigeria,19429043783.0929,0.0058792489371128
1976,NGA,Nigeria,23975809614.2165,0.00677891188987046
1977,NGA,Nigeria,26339440244.7637,0.00716670741958304
1978,NGA,Nigeria,29605548025.1579,0.007786939639772
1979,NGA,Nigeria,32252814331.3705,0.00815035614973993
1980,NGA,Nigeria,37147678491.723,0.00937488284385285
1981,NGA,Nigeria,41337750973.1473,0.0103030281296168
1982,NGA,Nigeria,35290906775.0575,0.00895299755553013
1983,NGA,Nigeria,25046093412.4631,0.00623643699346171
1984,NGA,Nigeria,23239310331.292,0.00548870358385135
1985,NGA,Nigeria,24451355844.0407,0.00554353840181811
1986,NGA,Nigeria,22212691237.4863,0.0049327607875779
1987,NGA,Nigeria,26058430779.3983,0.00553226221187161
1988,NGA,Nigeria,30002415940.8318,0.00603193084977577
1989,NGA,Nigeria,25265310523.727,0.00493737604804499
1990,NGA,Nigeria,27084249658.4467,0.00523764502877553
1991,NGA,Nigeria,29489818478.5964,0.00571505459924494
1992,NGA,Nigeria,33046421873.6682,0.00643839912683296
1993,NGA,Nigeria,27259837952.7645,0.00534677132986114
1994,NGA,Nigeria,23820210438.6809,0.00450275927717823
1995,NGA,Nigeria,20520392922.3287,0.00369280866138927
1996,NGA,Nigeria,21173245464.2618,0.00371748034255153
1997,NGA,Nigeria,21606680955.2181,0.00362141599120714
1998,NGA,Nigeria,20589346197.264,0.00340330240580604
1999,NGA,Nigeria,21066529641.5941,0.0033671852539058
2000,NGA,Nigeria,21102186589.5094,0.00316933128844028
2001,NGA,Nigeria,21596728743.2605,0.00326843557539962
2002,NGA,Nigeria,25426129538.9591,0.00379731847957888
2003,NGA,Nigeria,22678064177.2741,0.00327047730035697
2004,NGA,Nigeria,22437134803.0312,0.00267885894643751
2005,NGA,Nigeria,22953875761.8133,0.00262546797146912
2006,NGA,Nigeria,23140426445.3997,0.00247965762277103
2007,NGA,Nigeria,23162373584.6451,0.00234010447593538
2008,NGA,Nigeria,23856611157.0353,0.00237838396688549
2009,NGA,Nigeria,24717363798.7975,0.00262162566813111
2010,NGA,Nigeria,25335777544.9557,0.0024580581001369
2011,NGA,Nigeria,29849454521.0658,0.00277468712930151
2012,NGA,Nigeria,33866984555.7818,0.00307537595716848
2013,NGA,Nigeria,41249011036.8264,0.00362486080187127
2014,NGA,Nigeria,47322421641.0547,0.00398707358315738
2015,NGA,Nigeria,46631440740.9397,0.00378770369737292
2016,NGA,Nigeria,44618038505.4508,0.00352861030378899
2017,NGA,Nigeria,44523665806.6953,0.00340128914449707
2018,NGA,Nigeria,45455994441.287,0.00333654328781561
2019,NGA,Nigeria,45804599969.1729,0.00331128121110189
2020,NGA,Nigeria,44542710259.7825,0.00328937810361425
2021,NGA,Nigeria,46034195364.5698,0.00311286531601515
2022,NGA,Nigeria,47160791580.0954,0.00312154436970453
2023,NGA,Nigeria,47823236111.9224,0.00311633937800774
1970,NIC,Nicaragua,662321005.749862,2.3569150952757e-4
1971,NIC,Nicaragua,694169308.089823,2.3947772999167e-4
1972,NIC,Nicaragua,727563644.542345,2.3601905446274e-4
1973,NIC,Nicaragua,761700077.298964,2.2666941150684e-4
1974,NIC,Nicaragua,861821245.225008,2.5314209068474e-4
1975,NIC,Nicaragua,882228895.263139,2.6696338495462e-4
1976,NIC,Nicaragua,917787679.41497,2.5949496231708e-4
1977,NIC,Nicaragua,989152613.15333,2.6913887713294e-4
1978,NIC,Nicaragua,988224992.700362,2.5992588828731e-4
1979,NIC,Nicaragua,717885289.939839,1.8141117012471e-4
1980,NIC,Nicaragua,823122027.825275,2.0772960492742e-4
1981,NIC,Nicaragua,847976237.568702,2.1134974262611e-4
1982,NIC,Nicaragua,848485671.723217,2.1525347005844e-4
1983,NIC,Nicaragua,896248979.169165,2.2316455492662e-4
1984,NIC,Nicaragua,899830455.388916,2.1252363236879e-4
1985,NIC,Nicaragua,857531986.558366,1.9441709198438e-4
1986,NIC,Nicaragua,875176931.792251,1.9435008595681e-4
1987,NIC,Nicaragua,861175212.350528,1.8282939312116e-4
1988,NIC,Nicaragua,643368972.852444,1.2934815525491e-4
1989,NIC,Nicaragua,631235178.522535,1.2335670476694e-4
1990,NIC,Nicaragua,621478743.386108,1.2018368948134e-4
1991,NIC,Nicaragua,661307228.591711,1.2815972132958e-4
1992,NIC,Nicaragua,627344954.367877,1.2222494834285e-4
1993,NIC,Nicaragua,627653687.150766,1.2310860927913e-4
1994,NIC,Nicaragua,632439044.812044,1.1955061369453e-4
1995,NIC,Nicaragua,673990233.891431,1.2128992767471e-4
1996,NIC,Nicaragua,729191438.142494,1.2802736556505e-4
1997,NIC,Nicaragua,785928893.765987,1.3172663907681e-4
1998,NIC,Nicaragua,777898925.011649,1.2858228996692e-4
1999,NIC,Nicaragua,831987405.275066,1.329813581135e-4
2000,NIC,Nicaragua,867764994.40044,1.303293730297e-4
2001,NIC,Nicaragua,918562254.943713,1.3901464374386e-4
2002,NIC,Nicaragua,937603185.240409,1.400283081375e-4
2003,NIC,Nicaragua,960491048.919534,1.3851553413607e-4
2004,NIC,Nicaragua,1047069594.22364,1.2501381190836e-4
2005,NIC,Nicaragua,1105835907.60121,1.2648568752548e-4
2006,NIC,Nicaragua,1176738149.55783,1.2609567630231e-4
2007,NIC,Nicaragua,1220757220.57529,1.2333362232756e-4
2008,NIC,Nicaragua,1237532585.74377,1.2337576536151e-4
2009,NIC,Nicaragua,1169716915.98198,1.2406500613688e-4
2010,NIC,Nicaragua,1273802785.40302,1.2358338910582e-4
2011,NIC,Nicaragua,1399210030.62332,1.300650254905e-4
2012,NIC,Nicaragua,1542199123.04833,1.4004323580616e-4
2013,NIC,Nicaragua,1642972588.7712,1.4438035690767e-4
2014,NIC,Nicaragua,1767318293.37481,1.4890252519182e-4
2015,NIC,Nicaragua,1811187378.13598,1.4711621643673e-4
2016,NIC,Nicaragua,1877602418.95999,1.4848988131004e-4
2017,NIC,Nicaragua,1931252498.45753,1.4753385731546e-4
2018,NIC,Nicaragua,1960661332.5354,1.439157032897e-4
2019,NIC,Nicaragua,1917715727.71976,1.3863446164155e-4
2020,NIC,Nicaragua,1874909310.28807,1.3845779916747e-4
2021,NIC,Nicaragua,2141653767.79676,1.4482016422554e-4
2022,NIC,Nicaragua,2252289702.9148,1.4907769792491e-4
2023,NIC,Nicaragua,2302003102.7534,1.5000705725177e-4
1970,NLD,Países Bajos,31193981467.8256,0.0111005939967179
1971,NLD,Países Bajos,31977347663.1305,0.01103169290298
1972,NLD,Países Bajos,33521895060.9965,0.0108743833415048
1973,NLD,Países Bajos,35628050357.8959,0.010602321633467
1974,NLD,Países Bajos,37502994498.7071,0.01101572569363
1975,NLD,Países Bajos,35308617536.1576,0.0106844245366836
1976,NLD,Países Bajos,37445848652.3263,0.0105874259405625
1977,NLD,Países Bajos,37229251940.8663,0.0101297200559596
1978,NLD,Países Bajos,37854270999.3773,0.00995654338603146
1979,NLD,Países Bajos,38830037173.6965,0.00981243463040825
1980,NLD,Países Bajos,38654607210.922,0.0097551833301854109
1981,NLD,Países Bajos,38291653154.0282,0.00954381818768416
1982,NLD,Países Bajos,37904665336.8574,0.00961608547683794
1983,NLD,Países Bajos,39083958764.4648,0.00973184289763733
1984,NLD,Países Bajos,41706475477.5995,0.00985031303254609
1985,NLD,Países Bajos,42960545316.7076,0.00973988658319162
1986,NLD,Países Bajos,44411086840.7777,0.00986234695110704
1987,NLD,Países Bajos,45268597723.4991,0.00961062293774522
1988,NLD,Países Bajos,46507149306.9084,0.00935017730547773
1989,NLD,Países Bajos,48638920311.2839,0.00950507376199375
1990,NLD,Países Bajos,50322364483.5392,0.00973151132105446
1991,NLD,Países Bajos,50708933121.0393,0.00982726705037329
1992,NLD,Países Bajos,51270375080.2455,0.00998895249267753
1993,NLD,Países Bajos,50905108490.1133,0.00998457786469733
1994,NLD,Países Bajos,53613782315.1295,0.0101346693105635
1995,NLD,Países Bajos,55681267145.4993,0.010020288908225
1996,NLD,Países Bajos,56732532963.0905,0.00996078170582899
1997,NLD,Países Bajos,58159573829.6902,0.00974791135876732
1998,NLD,Países Bajos,60932175757.0646,0.0100717438212084
1999,NLD,Países Bajos,63675776042.8998,0.0101776675024504
2000,NLD,Países Bajos,67278743678.5775,0.0101045750156277
2001,NLD,Países Bajos,69045016374.78,0.0104492300897099
2002,NLD,Países Bajos,68624637502.1884,0.0102488899752585
2003,NLD,Países Bajos,67552108348.6392,0.00974190897505586
2004,NLD,Países Bajos,70248328647.983,0.00838722792918765
2005,NLD,Países Bajos,72699358197.4094,0.00831536418835184
2006,NLD,Países Bajos,74666595579.0152,0.00800104498206747
2007,NLD,Países Bajos,79064732451.2962,0.00798794361993045
2008,NLD,Países Bajos,78502719042.0289,0.00782632567121408
2009,NLD,Países Bajos,70095141590.1964,0.00743458015587743
2010,NLD,Países Bajos,73195555721.9122,0.00710137781708182
2011,NLD,Países Bajos,76896277149.6759,0.00714797351984539
2012,NLD,Países Bajos,76528424576.8749,0.00694935436593284
2013,NLD,Países Bajos,76184051666.0929,0.00669486554151827
2014,NLD,Países Bajos,77789236803.2056,0.00655400548738956
2015,NLD,Países Bajos,78728815692.9687,0.00639485766581183
2016,NLD,Países Bajos,80948950737.3526,0.00640183457678972
2017,NLD,Países Bajos,86617785403.6215,0.00661697836141363
2018,NLD,Países Bajos,90817681432.2069,0.00666616425670759
2019,NLD,Países Bajos,91846859331.7174,0.00663974316571956
2020,NLD,Países Bajos,90163262503.9877,0.00665835239259842
2021,NLD,Países Bajos,100337412975.715,0.00678488784863571
2022,NLD,Países Bajos,105254559415.997,0.00696673584820419
2023,NLD,Países Bajos,104296545674.385,0.00679634961370253
1970,NOR,Noruega,17738720677.896,0.00631244640795878
1971,NOR,Noruega,18154014673.9692,0.00626285572365747
1972,NOR,Noruega,18997871241.0871,0.00616284175379163
1973,NOR,Noruega,20118755812.7519,0.00598701073590201
1974,NOR,Noruega,20901601736.0752,0.00613941138193761
1975,NOR,Noruega,20365650511.5222,0.00616266711116635
1976,NOR,Noruega,20265082153.56,0.00572974212635191
1977,NOR,Noruega,20268802314.767,0.00551494544247881
1978,NOR,Noruega,19899514312.2869,0.00523402967169802
1979,NOR,Noruega,20776108298.0262,0.00525016763792238
1980,NOR,Noruega,20534421824.9457,0.00518222959526298
1981,NOR,Noruega,20162777720.3679,0.00502537417091476
1982,NOR,Noruega,20181130515.6557,0.00511977811525659
1983,NOR,Noruega,19727518859.1506,0.00491212048028217
1984,NOR,Noruega,20878040715.0976,0.0049310145293963
1985,NOR,Noruega,21773235506.872,0.00493636295402375
1986,NOR,Noruega,21696972202.1287,0.00481823532968443
1987,NOR,Noruega,22124666735.5585,0.0046971154467272
1988,NOR,Noruega,21031807378.3197,0.00422840640573797
1989,NOR,Noruega,20184230649.9948,0.00394442557378863
1990,NOR,Noruega,19946512348.8684,0.0038573249236343
1991,NOR,Noruega,19434990182.9079,0.00376645350027243
1992,NOR,Noruega,19628438565.6712,0.00382418775035399
1993,NOR,Noruega,19978381729.875,0.00391857937069961
1994,NOR,Noruega,20533181771.2101,0.00388140881241615
1995,NOR,Noruega,20594564431.1253,0.00370615641701701
1996,NOR,Noruega,21503523819.3655,0.00377546877397744
1997,NOR,Noruega,22554841376.4596,0.00378033365740632
1998,NOR,Noruega,22386690089.9039,0.00370039317961094
1999,NOR,Noruega,22498666942.2342,0.00359609204027856
2000,NOR,Noruega,22733533119.7685,0.00341434275105378
2001,NOR,Noruega,22543184871.3444,0.00341167166065858
2002,NOR,Noruega,22391278288.7258,0.00334407227403172
2003,NOR,Noruega,23084840343.0815,0.0033291398125626
2004,NOR,Noruega,24093996073.1632,0.00287667821683291
2005,NOR,Noruega,25001715407.6677,0.00285970019685391
2006,NOR,Noruega,25612565877.8547,0.00274456455535085
2007,NOR,Noruega,26599772656.8151,0.00268738636934606
2008,NOR,Noruega,27378526402.8108,0.00272950117704347
2009,NOR,Noruega,25342606179.6011,0.00268794145680748
2010,NOR,Noruega,25694037408.2877,0.00249281620288131
2011,NOR,Noruega,26135992559.6776,0.0024294984055966
2012,NOR,Noruega,26669959698.2536,0.00242183217403272
2013,NOR,Noruega,27488643174.5375,0.00241563379667571
2014,NOR,Noruega,28288477834.0395,0.00238339963950582
2015,NOR,Noruega,27022010953.808,0.00219490046144621
2016,NOR,Noruega,25911294822.7756,0.00204919052828803
2017,NOR,Noruega,25962385036.6849,0.00198334024817091
2018,NOR,Noruega,26418600806.0349,0.0019391678980142
2019,NOR,Noruega,26900113671.5924,0.00194464837673939
2020,NOR,Noruega,25476655988.4262,0.00188139324870195
2021,NOR,Noruega,26917846440.0124,0.00182020408744728
2022,NOR,Noruega,26792353001.9634,0.00177336969678247
2023,NOR,Noruega,26838855017.0507,0.00174891930262796
1970,NPL,Nepal,114719572.488328,4.082375310068e-5
1971,NPL,Nepal,115574258.722283,3.987134089872e-5
1972,NPL,Nepal,125082006.850167,4.057615743795e-5
1973,NPL,Nepal,126229143.18247,3.756371628797e-5
1974,NPL,Nepal,137725155.427916,4.045390384383e-5
1975,NPL,Nepal,136335183.500082,4.125516889212e-5
1976,NPL,Nepal,140907016.031322,3.983999963757e-5
1977,NPL,Nepal,155856836.334791,4.24071405836e-5
1978,NPL,Nepal,153732445.593317,4.043516686441e-5
1979,NPL,Nepal,149291002.498168,3.772616019831e-5
1980,NPL,Nepal,153130897.850069,3.864532819832e-5
1981,NPL,Nepal,158997644.657681,3.962860017505e-5
1982,NPL,Nepal,172297055.819438,4.37102715838e-5
1983,NPL,Nepal,180228529.858341,4.487661418392e-5
1984,NPL,Nepal,210734145.944274,4.977158295987e-5
1985,NPL,Nepal,261508724.424869,5.928847731415e-5
1986,NPL,Nepal,301188064.93767,6.688467689605e-5
1987,NPL,Nepal,308165796.734081,6.542427695266e-5
1988,NPL,Nepal,325766344.090488,6.549472764504e-5
1989,NPL,Nepal,302750243.691701,5.916380090952e-5
1990,NPL,Nepal,332431640.131081,6.428676996031e-5
1991,NPL,Nepal,391169561.510735,7.580770302872e-5
1992,NPL,Nepal,516352152.809145,1.006003391984e-4
1993,NPL,Nepal,548428890.026428,1.0756937993329e-4
1994,NPL,Nepal,616019157.699812,1.164467452709e-4
1995,NPL,Nepal,628100006.782785,1.1303161465014e-4
1996,NPL,Nepal,684855451.020272,1.2024310023488e-4
1997,NPL,Nepal,733163423.918298,1.2288281356349e-4
1998,NPL,Nepal,758248880.60237,1.2533424883091e-4
1999,NPL,Nepal,798366339.482714,1.2760750874758e-4
2000,NPL,Nepal,855860535.95766,1.285414458661e-4
2001,NPL,Nepal,888076557.782262,1.3440095718384e-4
2002,NPL,Nepal,847905766.546704,1.2663225959404e-4
2003,NPL,Nepal,855452646.931514,1.2336760498823e-4
2004,NPL,Nepal,881264163.116669,1.0521764067758e-4
2005,NPL,Nepal,911980476.160249,1.0431247235149e-4
2006,NPL,Nepal,938081769.416139,1.0052198544412e-4
2007,NPL,Nepal,970160373.398061,9.80157160434e-5
2008,NPL,Nepal,969881603.491751,9.669231058585e-5
2009,NPL,Nepal,967871541.639462,1.0265645226855e-4
2010,NPL,Nepal,1004968052.11852,9.750124528467e-5
2011,NPL,Nepal,1054524149.28573,9.802439044558e-5
2012,NPL,Nepal,1161004145.67885,1.0542787563246e-4
2013,NPL,Nepal,1194563452.53312,1.0497527396643e-4
2014,NPL,Nepal,1266819973.5644,1.0673385418705e-4
2015,NPL,Nepal,1267621988.36599,1.0296436086714e-4
2016,NPL,Nepal,1147094201.46367,9.071775798048e-5
2017,NPL,Nepal,1340116607.54149,1.0237530955741e-4
2018,NPL,Nepal,1463489040.69322,1.0742245539966e-4
2019,NPL,Nepal,1558953865.04567,1.1269904432687e-4
2020,NPL,Nepal,1418200267.3656,1.0473087243243e-4
2021,NPL,Nepal,1540971189.41614,1.0420157733883e-4
2022,NPL,Nepal,1644243126.60287,1.0883146152361e-4
2023,NPL,Nepal,1611661275.28804,1.0502182421189e-4
1970,NRU,Nauru,4514868.62956299,1.60664721997e-6
1971,NRU,Nauru,4961985.94380978,1.7118087997e-6
1972,NRU,Nauru,5860842.7169559,1.90123649908e-6
1973,NRU,Nauru,4933189.8879083,1.46803614975e-6
1974,NRU,Nauru,5150406.41558303,1.5128249102e-6
1975,NRU,Nauru,6070539.37993784,1.83695155539e-6
1976,NRU,Nauru,6590839.07258205,1.86349149714e-6
1977,NRU,Nauru,6017771.86840618,1.63737763209e-6
1978,NRU,Nauru,5016007.25943649,1.3193252065e-6
1979,NRU,Nauru,4981972.22041832,1.25895518782e-6
1980,NRU,Nauru,4551103.44951468,1.14855257129e-6
1981,NRU,Nauru,4938209.84009242,1.23080026597e-6
1982,NRU,Nauru,4872820.81906575,1.23619246055e-6
1983,NRU,Nauru,4393198.13047577,1.0938992716e-6
1984,NRU,Nauru,4530975.09878772,1.07013413515e-6
1985,NRU,Nauru,4230164.52773744,9.5905027333e-7
1986,NRU,Nauru,4084881.90214453,9.0712759896e-7
1987,NRU,Nauru,4034331.93081119,8.564975489e-7
1988,NRU,Nauru,3728886.1916475,7.496857486e-7
1989,NRU,Nauru,3925831.11052587,7.6719043193e-7
1990,NRU,Nauru,4041514.36947274,7.8156190084e-7
1991,NRU,Nauru,3468261.28499193,6.721405431e-7
1992,NRU,Nauru,2591696.53300118,5.0493747126e-7
1993,NRU,Nauru,2065674.21326216,4.0516336448e-7
1994,NRU,Nauru,2116421.31243482,4.0006933286e-7
1995,NRU,Nauru,2052379.62763114,3.6934211221e-7
1996,NRU,Nauru,1661147.16786432,2.916549545e-7
1997,NRU,Nauru,1422202.77167943,2.3837015369e-7
1998,NRU,Nauru,1335376.54210987,2.2073018515e-7
1999,NRU,Nauru,1008867.13093963,1.612530675e-7
2000,NRU,Nauru,1148197.44294629,1.724474412e-7
2001,NRU,Nauru,890878.127445931,1.34824945e-7
2002,NRU,Nauru,816145.95720675,1.2188902446e-7
2003,NRU,Nauru,1842890.1560719,2.6576917568e-7
2004,NRU,Nauru,1354917.06117187,1.617689479e-7
2005,NRU,Nauru,1546650.22780625,1.7690609979e-7
2006,NRU,Nauru,-920321.21256171,-9.861881826e-8
2007,NRU,Nauru,242862.681975776,2.453652027e-8
2008,NRU,Nauru,9228774.21939807,9.2006230444e-7
2009,NRU,Nauru,13098386.0092902,1.38926890636e-6
2010,NRU,Nauru,14102443.9313214,1.36820851365e-6
2011,NRU,Nauru,16605382.0267425,1.54357057862e-6
2012,NRU,Nauru,21964358.5759435,1.99452833386e-6
2013,NRU,Nauru,16891225.6813929,1.48435902653e-6
2014,NRU,Nauru,14049598.8710001,1.18372607677e-6
2015,NRU,Nauru,24030123.9534317,1.95188027434e-6
2016,NRU,Nauru,21631825.2221523,1.71074937234e-6
2017,NRU,Nauru,19356955.7491511,1.47873276531e-6
2018,NRU,Nauru,20829481.1735744,1.52891750477e-6
2019,NRU,Nauru,21709757.0199334,1.56942993861e-6
2020,NRU,Nauru,22113378.9348018,1.63302286818e-6
2021,NRU,Nauru,24049596.3953119,1.6262509617e-6
2022,NRU,Nauru,24507820.9457416,1.62215789692e-6
2023,NRU,Nauru,24686685.7491002,1.60867597358e-6
1970,NZL,Nueva Zelanda,11679735748.2897,0.00415631472578912
1971,NZL,Nueva Zelanda,12562604388.5227,0.00433390521114423
1972,NZL,Nueva Zelanda,12535924718.6378,0.00406660932153938
1973,NZL,Nueva Zelanda,13459483113.6285,0.0040053207390643
1974,NZL,Nueva Zelanda,15372898226.2397,0.00451546955756257
1975,NZL,Nueva Zelanda,13658896133.7134,0.00413319623306161
1976,NZL,Nueva Zelanda,14751135954.9314,0.00417073093768174
1977,NZL,Nueva Zelanda,14315275340.2684,0.00389504822582064
1978,NZL,Nueva Zelanda,14236395975.1567,0.00374449937735435
1979,NZL,Nueva Zelanda,14780574965.9272,0.00373508335838666
1980,NZL,Nueva Zelanda,14599772825.6712,0.00368451449309358
1981,NZL,Nueva Zelanda,15852093532.4443,0.00395097850592269
1982,NZL,Nueva Zelanda,16003648267.6589,0.00405998703102694
1983,NZL,Nueva Zelanda,16393613668.2111,0.00408198344760932
1984,NZL,Nueva Zelanda,17785081120.1812,0.00420051357341629
1985,NZL,Nueva Zelanda,16880184133.9,0.0038270249540719
1986,NZL,Nueva Zelanda,16868662428.8837,0.00374601509013288
1987,NZL,Nueva Zelanda,16166724707.8898,0.00343223124018272
1988,NZL,Nueva Zelanda,15948698597.5811,0.00320645668249668
1989,NZL,Nueva Zelanda,15807779282.3816,0.00308917441281063
1990,NZL,Nueva Zelanda,15040256471.2949,0.00290853634609808
1991,NZL,Nueva Zelanda,14534187735.5784,0.00281668998826812
1992,NZL,Nueva Zelanda,15200674056.522,0.00296153111362311
1993,NZL,Nueva Zelanda,16217242952.9613,0.003180865925195
1994,NZL,Nueva Zelanda,17383594014.6127,0.00328603894669589
1995,NZL,Nueva Zelanda,17486403074.7583,0.0031468179471723
1996,NZL,Nueva Zelanda,17745198295.1247,0.00311560294089779
1997,NZL,Nueva Zelanda,17754947430.1385,0.00297584116134308
1998,NZL,Nueva Zelanda,17282557524.4697,0.00285670895219222
1999,NZL,Nueva Zelanda,18054511760.5627,0.0028857570184035
2000,NZL,Nueva Zelanda,18555262786.2716,0.00278680954053347
2001,NZL,Nueva Zelanda,18832669991.6644,0.00285012463286715
2002,NZL,Nueva Zelanda,20292381388.7312,0.00303060812791117
2003,NZL,Nueva Zelanda,20870239209.5493,0.00300976498938788
2004,NZL,Nueva Zelanda,21506591840.4503,0.0025677577134932
2005,NZL,Nueva Zelanda,21692711690.7138,0.0024812158238232
2006,NZL,Nueva Zelanda,21029770509.7752,0.00225348616079874
2007,NZL,Nueva Zelanda,21263749750.1065,0.00214828570066674
2008,NZL,Nueva Zelanda,19437116362.5202,0.00193778259681584
2009,NZL,Nueva Zelanda,18546399936.2591,0.00196710775955353
2010,NZL,Nueva Zelanda,18901800221.7623,0.00183383845472399
2011,NZL,Nueva Zelanda,18827352281.6569,0.00175011613756195
2012,NZL,Nueva Zelanda,19024993836.9367,0.00172761199140787
2013,NZL,Nueva Zelanda,19211113687.2002,0.00168822503169478
2014,NZL,Nueva Zelanda,19650711047.8227,0.00165563866328136
2015,NZL,Nueva Zelanda,20090308408.4451,0.00163186327145199
2016,NZL,Nueva Zelanda,20613216559.1854,0.00163019287224134
2017,NZL,Nueva Zelanda,21051927634.8066,0.0016082164762866
2018,NZL,Nueva Zelanda,21560655225.5269,0.00158258685917777
2019,NZL,Nueva Zelanda,21391374790.2872,0.00154641362374932
2020,NZL,Nueva Zelanda,20864921499.5418,0.00154082711882468
2021,NZL,Nueva Zelanda,21572176930.5432,0.00145872608017198
2022,NZL,Nueva Zelanda,20375692178.8491,0.0013486547843816
2023,NZL,Nueva Zelanda,19602851657.7549,0.00127739449499688
1970,OMN,Omán,59785287.7980795,2.127500804948e-5
1971,OMN,Omán,60941554.502379,2.102389858542e-5
1972,OMN,Omán,68607812.7412861,2.225613004913e-5
1973,OMN,Omán,56328447.3793322,1.67624192239e-5
1974,OMN,Omán,71064934.3858962,2.087384845116e-5
1975,OMN,Omán,91840615.3486599,2.779106610703e-5
1976,OMN,Omán,114411838.443272,3.23487625421e-5
1977,OMN,Omán,152502801.816979,4.149454016989e-5
1978,OMN,Omán,113636569.879409,2.988902991323e-5
1979,OMN,Omán,140374590.116498,3.547296344649e-5
1980,OMN,Omán,167112602.909794,4.217386220675e-5
1981,OMN,Omán,276632730.425378,6.894798909105e-5
1982,OMN,Omán,412588744.543611,1.0467019294468e-4
1983,OMN,Omán,560818570.954189,1.396429225477e-4
1984,OMN,Omán,751534650.070846,1.7749885295339e-4
1985,OMN,Omán,895043781.736305,2.0292165420237e-4
1986,OMN,Omán,1021558408.84556,2.2685694441517e-4
1987,OMN,Omán,1018725991.00598,2.162777702159e-4
1988,OMN,Omán,1061212246.19333,2.1335478111486e-4
1989,OMN,Omán,1249095912.43294,2.4409976018167e-4
1990,OMN,Omán,1405822987.39972,2.7186286768687e-4
1991,OMN,Omán,1499292748.81187,2.9055926288359e-4
1992,OMN,Omán,1671126046.46679,3.2558370523535e-4
1993,OMN,Omán,1926043582.55337,3.7777607574571e-4
1994,OMN,Omán,1966058669.65864,3.7164612533844e-4
1995,OMN,Omán,2422958299.38338,4.3603070506568e-4
1996,OMN,Omán,2373060224.72829,4.1664867825806e-4
1997,OMN,Omán,2461922908.48976,4.1263380564569e-4
1998,OMN,Omán,1931179139.73473,3.1921298274031e-4
1999,OMN,Omán,2224206663.04877,3.5550781286111e-4
2000,OMN,Omán,2961658453.17358,4.4481062479008e-4
2001,OMN,Omán,3678140502.65108,5.5664750958797e-4
2002,OMN,Omán,4026681837.04046,6.0137321835592e-4
2003,OMN,Omán,3868347076.46552,5.578668974824e-4
2004,OMN,Omán,3862299674.48686,4.611353511779e-4
2005,OMN,Omán,4093275761.34992,4.6818953458368e-4
2006,OMN,Omán,4972699596.94648,5.3285934424817e-4
2007,OMN,Omán,5034565754.90743,5.0864432414042e-4
2008,OMN,Omán,5717057304.03265,5.6996181646138e-4
2009,OMN,Omán,6130925800.3633,6.50271306377e-4
2010,OMN,Omán,6548830628.95708,6.3536262683746e-4
2011,OMN,Omán,6452549696.77195,5.9980347654849e-4
2012,OMN,Omán,6580899022.84571,5.9759494082144e-4
2013,OMN,Omán,6903384878.23197,6.0665234429482e-4
2014,OMN,Omán,6618018380.17033,5.5759036290601e-4
2015,OMN,Omán,7017939778.93368,5.7004192935583e-4
2016,OMN,Omán,7290663619.79531,5.7658094420996e-4
2017,OMN,Omán,7331045700.78504,5.6003937924047e-4
2018,OMN,Omán,7936691552.69366,5.8256595753959e-4
2019,OMN,Omán,7887557516.40001,5.7020301504911e-4
2020,OMN,Omán,6995957431.82521,5.1663558539321e-4
2021,OMN,Omán,7491480459.5897,5.0657928315198e-4
2022,OMN,Omán,8793776255.21881,5.8205475010528e-4
2023,OMN,Omán,8403625747.92589,5.4761141163703e-4
1970,PAK,Pakistán,2317510320.25899,8.2470207193439e-4
1971,PAK,Pakistán,2467214515.64605,8.5115104445524e-4
1972,PAK,Pakistán,2498049111.12296,8.1035823275585e-4
1973,PAK,Pakistán,2716125670.36711,8.082743137744e-4
1974,PAK,Pakistán,2888620653.72031,8.4847232013524e-4
1975,PAK,Pakistán,2903814512.35063,8.7869730368132e-4
1976,PAK,Pakistán,2944033549.91484,8.3239499966088e-4
1977,PAK,Pakistán,2997212055.16226,8.1551246625544e-4
1978,PAK,Pakistán,3303323618.84999,8.6885004151112e-4
1979,PAK,Pakistán,3567875510.40732,9.0160988151259e-4
1980,PAK,Pakistán,3933868752.27672,9.9278232646234e-4
1981,PAK,Pakistán,4352146742.98166,0.00108472979931318
1982,PAK,Pakistán,4950703484.0428,0.00125595061847819
1983,PAK,Pakistán,5298912415.358,0.0013194206724394
1984,PAK,Pakistán,5716739888.01177,0.0013501902708802
1985,PAK,Pakistán,6179197610.86813,0.00140092923544846
1986,PAK,Pakistán,6645723195.09286,0.00147581229268285
1987,PAK,Pakistán,7145953916.17804,0.00151710174541679
1988,PAK,Pakistán,7859340571.84034,0.00158010604704868
1989,PAK,Pakistán,8170590077.20039,0.0015967061124255
1990,PAK,Pakistán,8638277907.49349,0.00167049978898915
1991,PAK,Pakistán,9178141220.57884,0.00177870129086279
1992,PAK,Pakistán,9916748616.60113,0.00193206955591829
1993,PAK,Pakistán,10035530167.9483,0.00196837872165344
1994,PAK,Pakistán,10491827986.4823,0.00198328121081484
1995,PAK,Pakistán,10757866118.5901,0.00193596396185807
1996,PAK,Pakistán,11328635945.4322,0.00198901871260836
1997,PAK,Pakistán,11645190008.4022,0.00195180728611113
1998,PAK,Pakistán,12863322629.3946,0.00212623443366527
1999,PAK,Pakistán,13748586332.4525,0.00219751605738048
2000,PAK,Pakistán,14515367259.3444,0.00218005880211068
2001,PAK,Pakistán,16064603197.4055,0.00243120711563614
2002,PAK,Pakistán,16751261267.9277,0.00250175213932934
2003,PAK,Pakistán,17992038958.4741,0.00259469038189752
2004,PAK,Pakistán,20931917879.7241,0.00249914509898201
2005,PAK,Pakistán,24224083717.2864,0.00277075456005247
2006,PAK,Pakistán,26753464557.9922,0.00286681978326065
2007,PAK,Pakistán,28910736821.263,0.00292086406390047
2008,PAK,Pakistán,30685009521.9551,0.00305914088930542
2009,PAK,Pakistán,29476888938.9941,0.00312644055766482
2010,PAK,Pakistán,29985539758.4132,0.00290917453626046
2011,PAK,Pakistán,30769017987.3412,0.00286016610891401
2012,PAK,Pakistán,31388463411.4033,0.00285030766612531
2013,PAK,Pakistán,33073557722.7264,0.00290642223786904
2014,PAK,Pakistán,34979789600.2312,0.00294716521731192
2015,PAK,Pakistán,36419663020.2227,0.00295823783453604
2016,PAK,Pakistán,37886730743.0787,0.00299626592640496
2017,PAK,Pakistán,39730839439.1617,0.00303515154104529
2018,PAK,Pakistán,42543370196.6593,0.00312275197177931
2019,PAK,Pakistán,44466955166.9984,0.00321458092109719
2020,PAK,Pakistán,40999929995.6758,0.00302775181821978
2021,PAK,Pakistán,45314238755.3855,0.00306418133359693
2022,PAK,Pakistán,50233162873.3117,0.00332490277380793
2023,PAK,Pakistán,47574195778.6304,0.00310011098653014
1970,PAN,Panamá,1239455902.99574,4.41068953323e-4
1971,PAN,Panamá,1318321517.94443,4.54800638457e-4
1972,PAN,Panamá,1378687790.57316,4.4724140791159e-4
1973,PAN,Panamá,1465342601.83618,4.3606185047522e-4
1974,PAN,Panamá,1484815594.05325,4.3613374100777e-4
1975,PAN,Panamá,1431264867.84174,4.3310224357556e-4
1976,PAN,Panamá,1467289902.58456,4.1486102561556e-4
1977,PAN,Panamá,1484815594.05325,4.0400398929242e-4
1978,PAN,Panamá,1508183183.95039,3.966868442753e-4
1979,PAN,Panamá,1674677260.05921,4.2319457660714e-4
1980,PAN,Panamá,1773015866.2708,4.4745234968814e-4
1981,PAN,Panamá,1727956708.54152,4.3067622586502e-4
1982,PAN,Panamá,1789964724.49187,4.5409855589732e-4
1983,PAN,Panamá,1751519755.49958,4.3612560322645e-4
1984,PAN,Panamá,1871401918.84329,4.4199118959871e-4
1985,PAN,Panamá,1976402158.24443,4.4808399712257e-4
1986,PAN,Panamá,1990043921.61992,4.419280184095e-4
1987,PAN,Panamá,2126874943.1847,4.5154023191833e-4
1988,PAN,Panamá,1648999835.32428,3.3152840083224e-4
1989,PAN,Panamá,1670495948.00385,3.2645023991629e-4
1990,PAN,Panamá,1900752378.91859,3.6757400976295e-4
1991,PAN,Panamá,2099591416.43372,4.0689567450995e-4
1992,PAN,Panamá,2291816266.16604,4.4651211872055e-4
1993,PAN,Panamá,2436915022.93643,4.779789007008e-4
1994,PAN,Panamá,2540675102.72464,4.8026647029582e-4
1995,PAN,Panamá,2545635744.03883,4.5810749140674e-4
1996,PAN,Panamá,2513804962.82935,4.4135985435487e-4
1997,PAN,Panamá,2595650833.2736,4.350474491982e-4
1998,PAN,Panamá,2653624991.58446,4.3862919353731e-4
1999,PAN,Panamá,2681816346.366,4.2865021476236e-4
2000,PAN,Panamá,2489933250.69596,3.7396235333648e-4
2001,PAN,Panamá,2333289349.21847,3.5311856750835e-4
2002,PAN,Panamá,2272132296.27455,3.3933634859647e-4
2003,PAN,Panamá,2194833417.89063,3.165240566904e-4
2004,PAN,Panamá,2240530696.4936,2.6750588939987e-4
2005,PAN,Panamá,2334880797.01209,2.6706403804589e-4
2006,PAN,Panamá,2425138604.29462,2.598704669771e-4
2007,PAN,Panamá,2561548387.09614,2.5879432537701e-4
2008,PAN,Panamá,2657297995.43705,2.649192253662e-4
2009,PAN,Panamá,2619541612.68965,2.7783940012643e-4
2010,PAN,Panamá,2732098801.21172,2.650661727976e-4
2011,PAN,Panamá,2888196774.22155,2.6847533882627e-4
2012,PAN,Panamá,3126248102.64732,2.8388675216092e-4
2013,PAN,Panamá,3250092890.63651,2.8561010374747e-4
2014,PAN,Panamá,3368136634.16182,2.8377686798007e-4
2015,PAN,Panamá,3486995645,2.8323607607719e-4
2016,PAN,Panamá,3530017406.85188,2.7917085133292e-4
2017,PAN,Panamá,3625462200.11432,2.7695934289352e-4
2018,PAN,Panamá,3675091587.88629,2.6975764847709e-4
2019,PAN,Panamá,3623699712.60269,2.6196252736825e-4
2020,PAN,Panamá,2873784812.08953,2.1222248893825e-4
2021,PAN,Panamá,3200045931.95067,2.1638940166838e-4
2022,PAN,Panamá,3364125896.18698,2.2266946542627e-4
2023,PAN,Panamá,3432211301.00062,2.2365561389278e-4
1970,PER,Perú,8389821381.49924,0.00298557595018979
1971,PER,Perú,8867214476.02604,0.00305905255291589
1972,PER,Perú,9050887454.97031,0.00293607564808235
1973,PER,Perú,9639894193.41847,0.00286867391632512
1974,PER,Perú,10452128219.7093,0.00307009557295316
1975,PER,Perú,10778744988.2371,0.0032616594889064
1976,PER,Perú,11168805301.7307,0.00315786404187397
1977,PER,Perú,10980041174.1163,0.00298756320630278
1978,PER,Perú,10537111239.8179,0.00277150246069756
1979,PER,Perú,10973775144.9839,0.00277309678528702
1980,PER,Perú,11603119445.9721,0.00292825527316482
1981,PER,Perú,11681053183.3066,0.00291138769521681
1982,PER,Perú,11543983796.0348,0.00292860875935401
1983,PER,Perú,9449171931.70021,0.0023528286196965
1984,PER,Perú,9990400198.01361,0.00235955132012293
1985,PER,Perú,10440379415.086,0.00236701165310579
1986,PER,Perú,12068763735.8756,0.00268010408438948
1987,PER,Perú,13614906424.302,0.00289047460175087
1988,PER,Perú,12089128330.5559,0.00243049713955658
1989,PER,Perú,10195612652.1006,0.00199243835362132
1990,PER,Perú,9604256152.72779,0.00185730397289162
1991,PER,Perú,10197179159.3837,0.0019761883477329
1992,PER,Perú,9955545410.96449,0.00193962829398403
1993,PER,Perú,10434113385.9536,0.00204655722463234
1994,PER,Perú,11977123059.8138,0.00226404809102385
1995,PER,Perú,12654245832.9367,0.00227723264325851
1996,PER,Perú,12876298240.3171,0.00226074862609064
1997,PER,Perú,13458255695.9913,0.00225568852949842
1998,PER,Perú,13090126484.4612,0.00216372382736427
1999,PER,Perú,12908803266.4416,0.00206328867373165
2000,PER,Perú,13625480348.4629,0.00204640694485564
2001,PER,Perú,13743751648.3375,0.00207997087711264
2002,PER,Perú,14656242140.7472,0.00218886712729776
2003,PER,Perú,15227625672.2604,0.00219602536222503
2004,PER,Perú,16361385318.409,0.00195345100081183
2005,PER,Perú,17438750702.3657,0.00199464708734134
2006,PER,Perú,18706446721.2198,0.00200452585939505
2007,PER,Perú,20680637524.7552,0.00208937362399503
2008,PER,Perú,22441783337.788,0.00223733275977768
2009,PER,Perú,20991197593.6311,0.00222641309422134
2010,PER,Perú,23115381469.5239,0.00224263694130162
2011,PER,Perú,25041793800.9245,0.00232778602051206
2012,PER,Perú,25360969659.8575,0.00230296607050862
2013,PER,Perú,26691325970.036,0.00234556753790711
2014,PER,Perú,26397605854.4534,0.00222408729965718
2015,PER,Perú,26170070671.5822,0.0021257004258982
2016,PER,Perú,26154013971.9303,0.00206838593264292
2017,PER,Perú,26299307522.4385,0.00200907871270584
2018,PER,Perú,27823910735.7222,0.00204231991285474
2019,PER,Perú,27495335833.0905,0.00198767785327944
2020,PER,Perú,24065468136.7282,0.00177718022725829
2021,PER,Perú,28511215806.1853,0.00192794886708946
2022,PER,Perú,28866812959.4505,0.00191067695103994
2023,PER,Perú,26947841537.6447,0.00175602126839632
1970,PHL,Filipinas,12393798021.0435,0.00441041872294605
1971,PHL,Filipinas,13217813599.8611,0.00455994230724219
1972,PHL,Filipinas,13953300505.6305,0.0045264009776698
1973,PHL,Filipinas,16083641858.8062,0.00478622720894312
1974,PHL,Filipinas,16503449219.5903,0.00484754543021963
1975,PHL,Filipinas,16691180552.394,0.00505076866455024
1976,PHL,Filipinas,17514419565.9763,0.00495202076386092
1977,PHL,Filipinas,18593586601.6312,0.00505913541883493
1978,PHL,Filipinas,19856792060.1505,0.00522279273737819
1979,PHL,Filipinas,20656507188.0442,0.00521994417797119
1980,PHL,Filipinas,21464328899.1324,0.00541690832163649
1981,PHL,Filipinas,21732012813.7989,0.00541649059425632
1982,PHL,Filipinas,21980740580.5132,0.00557632361051046
1983,PHL,Filipinas,21629216737.1803,0.00538564019457943
1984,PHL,Filipinas,19763271786.9161,0.00466772632832447
1985,PHL,Filipinas,19247137139.8639,0.00436365347346984
1986,PHL,Filipinas,19625598949.5457,0.00435824654905726
1987,PHL,Filipinas,20620777708.7116,0.0043778364961063
1988,PHL,Filipinas,22571913715.5036,0.00453804196793788
1989,PHL,Filipinas,23590385399.6671,0.00461006025344844
1990,PHL,Filipinas,24116151975.0909,0.00466366412577125
1991,PHL,Filipinas,24302125366.6378,0.0047096923790438
1992,PHL,Filipinas,23852499421.8396,0.00464715702164185
1993,PHL,Filipinas,23957871377.1318,0.00469912036989048
1994,PHL,Filipinas,24995390461.8948,0.00472490478531733
1995,PHL,Filipinas,26554144178.6506,0.0047786304087774
1996,PHL,Filipinas,27891472447.5396,0.00489702916463879
1997,PHL,Filipinas,28807058727.3528,0.00482824471519233
1998,PHL,Filipinas,28509931990.3517,0.00471253041269586
1999,PHL,Filipinas,29284739144.6788,0.00468074920217277
2000,PHL,Filipinas,33416326991.411,0.00501878846674972
2001,PHL,Filipinas,34316160474.7094,0.00519338650959642
2002,PHL,Filipinas,35607238834.6724,0.00531783753506417
2003,PHL,Filipinas,37057385863.7887,0.00534416598924441
2004,PHL,Filipinas,38584348449.4064,0.00460673913775259
2005,PHL,Filipinas,41069930445.4458,0.0046975851962381
2006,PHL,Filipinas,42235455510.5076,0.00452582278269366
2007,PHL,Filipinas,43454167902.1252,0.00439019310495974
2008,PHL,Filipinas,45705993001.7171,0.00455665728171987
2009,PHL,Filipinas,43738532371.8503,0.00463908934973092
2010,PHL,Filipinas,47050167084.2983,0.00456477185707609
2011,PHL,Filipinas,48807383168.1058,0.00453694112888583
2012,PHL,Filipinas,51578519839.2489,0.00468371607040176
2013,PHL,Filipinas,53939881140.7109,0.00474010299616632
2014,PHL,Filipinas,58063818564.0991,0.00489207249134774
2015,PHL,Filipinas,61068605905.329,0.00496038253816909
2016,PHL,Filipinas,65246844534.3804,0.00516003606670443
2017,PHL,Filipinas,70488410277.3207,0.0053848096365204
2018,PHL,Filipinas,74114977301.1995,0.0054401588411036
2019,PHL,Filipinas,76922171579.8596,0.00556081576175687
2020,PHL,Filipinas,69397616390.9262,0.00512485653585034
2021,PHL,Filipinas,75561762758.9771,0.00510954060664254
2022,PHL,Filipinas,79231685504.0137,0.00524429750860331
2023,PHL,Filipinas,80295888626.2635,0.00523237781384197
1970,PLW,Palau,2116778.61482173,7.5327030659e-7
1971,PLW,Palau,2119493.09530368,7.3119250488e-7
1972,PLW,Palau,2126747.64684332,6.8990936044e-7
1973,PLW,Palau,2130931.57650062,6.3413017905e-7
1974,PLW,Palau,2133134.77453377,6.2656403462e-7
1975,PLW,Palau,2133816.80970879,6.456951948e-7
1976,PLW,Palau,2133127.94442473,6.0311983694e-7
1977,PLW,Palau,2163556.08023693,5.8868272327e-7
1978,PLW,Palau,2152192.73023953,5.6607615806e-7
1979,PLW,Palau,2144440.55646919,5.4190478069e-7
1980,PLW,Palau,2137499.21421593,5.3943625889e-7
1981,PLW,Palau,2129970.48258447,5.3087420773e-7
1982,PLW,Palau,2120559.56804515,5.3796760593e-7
1983,PLW,Palau,2157147.48648947,5.3712625612e-7
1984,PLW,Palau,2262912.70083933,5.3445893505e-7
1985,PLW,Palau,2391512.9211989,5.4219667006e-7
1986,PLW,Palau,2518475.8668465,5.5927662558e-7
1987,PLW,Palau,2641673.47094851,5.6083309248e-7
1988,PLW,Palau,2760791.54848868,5.5505209127e-7
1989,PLW,Palau,2988143.4369349,5.8394642803e-7
1990,PLW,Palau,3152550.01611764,6.0965092731e-7
1991,PLW,Palau,3245339.97473459,6.2893893911e-7
1992,PLW,Palau,3239114.81820158,6.3107328523e-7
1993,PLW,Palau,2762538.10494543,5.418469311e-7
1994,PLW,Palau,3595790.91856654,6.7971611581e-7
1995,PLW,Palau,3517099.28075609,6.3293011669e-7
1996,PLW,Palau,3440129.80615579,6.0399880366e-7
1997,PLW,Palau,3364844.44130094,5.6396914884e-7
1998,PLW,Palau,3291207.08418658,5.4401790519e-7
1999,PLW,Palau,3219181.63280771,5.1454041591e-7
2000,PLW,Palau,3148731.00942952,4.729069978e-7
2001,PLW,Palau,3750296.76681818,5.6756759399e-7
2002,PLW,Palau,4448424.65447842,6.6435928124e-7
2003,PLW,Palau,1635318.37359573,2.3583457467e-7
2004,PLW,Palau,2012393.08249973,2.4026763043e-7
2005,PLW,Palau,1970184.96003814,2.2535007003e-7
2006,PLW,Palau,1765561.72304646,1.8919221715e-7
2007,PLW,Palau,1750715.99316405,1.7687558301e-7
2008,PLW,Palau,2046187.48634311,2.0399458576e-7
2009,PLW,Palau,1777099.72868953,1.8848653527e-7
2010,PLW,Palau,1715023.79473498,1.6639031989e-7
2011,PLW,Palau,1881800.42175765,1.7492471785e-7
2012,PLW,Palau,2228450.8977689,2.0236003891e-7
2013,PLW,Palau,2383289.4699042,2.094375686e-7
2014,PLW,Palau,2409043.85966733,2.0297006789e-7
2015,PLW,Palau,2666578,2.1659651062e-7
2016,PLW,Palau,2850550.8901477,2.2543535259e-7
2017,PLW,Palau,2835965.68013902,2.1664746393e-7
2018,PLW,Palau,2864377.95805198,2.102499608e-7
2019,PLW,Palau,2852355.01466644,2.0620089628e-7
2020,PLW,Palau,2588013.20707189,1.911189042e-7
2021,PLW,Palau,2407416.342254,1.6279122017e-7
2022,PLW,Palau,2278432.66005783,1.508080845e-7
2023,PLW,Palau,2484406.30718144,1.6189312634e-7
1970,PNG,Papua Nueva Guinea,196352524.396036,6.987340348968e-5
1971,PNG,Papua Nueva Guinea,209350226.426343,7.222260681011e-5
1972,PNG,Papua Nueva Guinea,223230879.657665,7.241530213735e-5
1973,PNG,Papua Nueva Guinea,241918012.778209,7.199082056521e-5
1974,PNG,Papua Nueva Guinea,245783035.487388,7.219366174e-5
1975,PNG,Papua Nueva Guinea,239300771.193139,7.241266324757e-5
1976,PNG,Papua Nueva Guinea,227831055.031028,6.441687153353e-5
1977,PNG,Papua Nueva Guinea,226680987.096381,6.167770829621e-5
1978,PNG,Papua Nueva Guinea,252838549.648503,6.650235027054e-5
1979,PNG,Papua Nueva Guinea,254481734.195984,6.430808629569e-5
1980,PNG,Papua Nueva Guinea,231910689.629789,5.852682142709e-5
1981,PNG,Papua Nueva Guinea,236152337.596328,5.885864905205e-5
1982,PNG,Papua Nueva Guinea,220670400.263314,5.598217032869e-5
1983,PNG,Papua Nueva Guinea,230426135.301125,5.737573723722e-5
1984,PNG,Papua Nueva Guinea,250043613.270397,5.905576614416e-5
1985,PNG,Papua Nueva Guinea,257042304.964535,5.82758640278e-5
1986,PNG,Papua Nueva Guinea,233713366.308186,5.190060567322e-5
1987,PNG,Papua Nueva Guinea,235728136.710704,5.004560228663e-5
1988,PNG,Papua Nueva Guinea,244847623.593721,4.922616689142e-5
1989,PNG,Papua Nueva Guinea,265419490.112006,5.186858209926e-5
1990,PNG,Papua Nueva Guinea,204976378.03646,3.963903453032e-5
1991,PNG,Papua Nueva Guinea,237424785.531339,4.601234197187e-5
1992,PNG,Papua Nueva Guinea,256512083.899653,4.997597571425e-5
1993,PNG,Papua Nueva Guinea,263510760.236782,5.168525874531e-5
1994,PNG,Papua Nueva Guinea,286945720.992014,5.424164956768e-5
1995,PNG,Papua Nueva Guinea,288748410.339944,5.196258349933e-5
1996,PNG,Papua Nueva Guinea,333383330.428916,5.853358567517e-5
1997,PNG,Papua Nueva Guinea,350382479.920845,5.872631333123e-5
1998,PNG,Papua Nueva Guinea,360212395.068363,5.954107036678e-5
1999,PNG,Papua Nueva Guinea,332861938.492119,5.320324846785e-5
2000,PNG,Papua Nueva Guinea,296121009.868797,4.447432865598e-5
2001,PNG,Papua Nueva Guinea,296489432.564018,4.487052741377e-5
2002,PNG,Papua Nueva Guinea,279297969.174856,4.171233919151e-5
2003,PNG,Papua Nueva Guinea,292792412.455915,4.222454488039e-5
2004,PNG,Papua Nueva Guinea,299221150.665051,3.572520571183e-5
2005,PNG,Papua Nueva Guinea,324355727.214951,3.709985982333e-5
2006,PNG,Papua Nueva Guinea,337321977.324095,3.614639576213e-5
2007,PNG,Papua Nueva Guinea,381878325.198943,3.858132996581e-5
2008,PNG,Papua Nueva Guinea,400608212.614946,3.993862093883e-5
2009,PNG,Papua Nueva Guinea,392578212.955707,4.163846631103e-5
2010,PNG,Papua Nueva Guinea,422230868.615332,4.096452160926e-5
2011,PNG,Papua Nueva Guinea,441839513.233342,4.107165207056e-5
2012,PNG,Papua Nueva Guinea,439645442.462554,3.992310036345e-5
2013,PNG,Papua Nueva Guinea,447136912.531413,3.929328307672e-5
2014,PNG,Papua Nueva Guinea,443319160.997805,3.735113408034e-5
2015,PNG,Papua Nueva Guinea,386049308.658936,3.135739257766e-5
2016,PNG,Papua Nueva Guinea,400556758.958124,3.167796600335e-5
2017,PNG,Papua Nueva Guinea,415339823.791573,3.172898745743e-5
2018,PNG,Papua Nueva Guinea,387324057.841664,2.843021038887e-5
2019,PNG,Papua Nueva Guinea,385097628.318364,2.783926815098e-5
2020,PNG,Papua Nueva Guinea,360408017.249142,2.661531445644e-5
2021,PNG,Papua Nueva Guinea,386645683.876982,2.614525852783e-5
2022,PNG,Papua Nueva Guinea,426975608.72347,2.826125819258e-5
2023,PNG,Papua Nueva Guinea,448309469.26924,2.921350720281e-5
1970,POL,Polonia,10343022805.4323,0.00368063618234565
1971,POL,Polonia,11108613687.687,0.00383230079215415
1972,POL,Polonia,11625505706.1147,0.00377127263709609
1973,POL,Polonia,12111538047.5707,0.00360419446381128
1974,POL,Polonia,12981765353.8192,0.00381312394032088
1975,POL,Polonia,13755965980.678,0.00416256967011614
1976,POL,Polonia,14827416509.1719,0.00419229847447934
1977,POL,Polonia,15864956767.6508,0.00431670158217165
1978,POL,Polonia,16740859119.8612,0.00440323075166552
1979,POL,Polonia,17458128612.9605,0.00441170697358946
1980,POL,Polonia,16374660863.6984,0.00413243931889846
1981,POL,Polonia,14614499037.2705,0.003642520242068
1982,POL,Polonia,13936807461.1735,0.00353564740988657
1983,POL,Polonia,14875145541.7968,0.00370388732535137
1984,POL,Polonia,16019706590.8315,0.00378356413008301
1985,POL,Polonia,16047500272.0409,0.00363824135473971
1986,POL,Polonia,16034470252.5189,0.00356076646749267
1987,POL,Polonia,17233282479.7458,0.00365866380275598
1988,POL,Polonia,19008412703.9261,0.00382160660728787
1989,POL,Polonia,20155861007.1735,0.00393888154555174
1990,POL,Polonia,13012282677.0285,0.00251635982299053
1991,POL,Polonia,11002040613.0165,0.00213216852630462
1992,POL,Polonia,19046076251.9137,0.00371072672190345
1993,POL,Polonia,21308996197.8189,0.00417956739640353
1994,POL,Polonia,23706565645.6966,0.00448127688317377
1995,POL,Polonia,30227653030.4427,0.00543970767746981
1996,POL,Polonia,29903579057.7576,0.00525030362051891
1997,POL,Polonia,29737885205.5754,0.00498425710322457
1998,POL,Polonia,29797908244.8743,0.00492542559856729
1999,POL,Polonia,30594348404.9829,0.00489007162331649
2000,POL,Polonia,30537351737.4134,0.00458639600768219
2001,POL,Polonia,30143671214.9531,0.00456192456474906
2002,POL,Polonia,30772147744.0825,0.00459573074643117
2003,POL,Polonia,34616144235.6517,0.00499210660414445
2004,POL,Polonia,39875726103.6267,0.00476092186262395
2005,POL,Polonia,42146009295.9313,0.00482066726682354
2006,POL,Polonia,48662292024.521,0.00521450301034109
2007,POL,Polonia,55542495953.5657,0.00561148204049888
2008,POL,Polonia,60525417005.9488,0.00603407920967666
2009,POL,Polonia,61254268197.4352,0.00649688061785924
2010,POL,Polonia,67794257504.5715,0.00657734792256482
2011,POL,Polonia,71551750204.21,0.00665116745200507
2012,POL,Polonia,73555712684.3313,0.00667940985206981
2013,POL,Polonia,70838787464.3027,0.00622513697848881
2014,POL,Polonia,79145421268.4501,0.00666826860131638
2015,POL,Polonia,84822390237.432,0.00688981674203908
2016,POL,Polonia,89335719276.4769,0.00706510079991228
2017,POL,Polonia,90990135821.8577,0.00695099461420941
2018,POL,Polonia,96159683130.8844,0.00705827579513723
2019,POL,Polonia,102293886428.643,0.0073949739626527
2020,POL,Polonia,96588923521.1646,0.00713287288153763
2021,POL,Polonia,95825269054.7907,0.00647977343963869
2022,POL,Polonia,107652581970.754,0.00712545951575572
2023,POL,Polonia,106991824143.179,0.00697198395194225
1970,PRI,Puerto Rico,11175759236.5895,0.0039769711993452
1971,PRI,Puerto Rico,11194596852.7223,0.00386196366105398
1972,PRI,Puerto Rico,12675422103.6478,0.00411186177629995
1973,PRI,Puerto Rico,14410418855.0476,0.00428830357090625
1974,PRI,Puerto Rico,15581817929.7329,0.0045768353811838
1975,PRI,Puerto Rico,14134145481.9672,0.00427700718211182
1976,PRI,Puerto Rico,16421688968.9872,0.00464306250319963
1977,PRI,Puerto Rico,17438374961.3018,0.00474481348347857
1978,PRI,Puerto Rico,19957988066.6076,0.00524940961315423
1979,PRI,Puerto Rico,21372507712.1717,0.00540087906368637
1980,PRI,Puerto Rico,23218013801.688202,0.00585948215596526
1981,PRI,Puerto Rico,23461134372.5669,0.00584745714759122
1982,PRI,Puerto Rico,23173810068.9329,0.00587899501199875
1983,PRI,Puerto Rico,23030147917.1158,0.0057344698061266
1984,PRI,Puerto Rico,25516608230.7605,0.00602656004190119
1985,PRI,Puerto Rico,25837085336.5962,0.00585770685552313
1986,PRI,Puerto Rico,26533294212.5347,0.00589223484257417
1987,PRI,Puerto Rico,28334596569.2958,0.0060154972191522604
1988,PRI,Puerto Rico,30401121368.5837,0.00611208984678363
1989,PRI,Puerto Rico,30666343799.6116,0.00599285218422797
1990,PRI,Puerto Rico,31660927921.2366,0.00612269875755516
1991,PRI,Puerto Rico,31196788662.625702,0.00604586124046218
1992,PRI,Puerto Rico,33583790557.2086,0.00654309409429783
1993,PRI,Puerto Rico,35296685436.9605,0.00692312647127562
1994,PRI,Puerto Rico,36611746664.4211,0.00692075674021839
1995,PRI,Puerto Rico,38976646686.3979,0.00701415898907192
1996,PRI,Puerto Rico,38998748559.0041,0.00684718275225749
1997,PRI,Puerto Rico,39252920059.4783,0.00657903695156104
1998,PRI,Puerto Rico,44170586000.4612,0.00730114789274892
1999,PRI,Puerto Rico,44723132735.1232,0.007148356925236
2000,PRI,Puerto Rico,44270044408.0242,0.00664890514013097
2001,PRI,Puerto Rico,50690637471.5806,0.00767148973445809
2002,PRI,Puerto Rico,51817832813.5107,0.00773884258762133
2003,PRI,Puerto Rico,50348058493.1388,0.00726085706133
2004,PRI,Puerto Rico,52679805724.4128,0.00628965195869697
2005,PRI,Puerto Rico,53265505262.2346,0.00609251698934304
2006,PRI,Puerto Rico,52536143572.5958,0.00562961314425898
2007,PRI,Puerto Rico,51718374405.9477,0.00522512941055796
2008,PRI,Puerto Rico,55385942309.7056,0.00552169946993505
2009,PRI,Puerto Rico,48634266547.4978,0.00515835113200272
2010,PRI,Puerto Rico,50376548292.4731,0.00488749486245411
2011,PRI,Puerto Rico,49403376644.438,0.0045923423231274
2012,PRI,Puerto Rico,49048335460.2355,0.00445395637054999
2013,PRI,Puerto Rico,49104364687.8261,0.00431516980125367
2014,PRI,Puerto Rico,48822973145.61,0.0041135001069173
2015,PRI,Puerto Rico,49519600000,0.00402229845426492
2016,PRI,Puerto Rico,49445233356.3213,0.00391036822188075
2017,PRI,Puerto Rico,46920585369.9793,0.00358439662999088
2018,PRI,Puerto Rico,44971038155.0498,0.00330094671443476
2019,PRI,Puerto Rico,45921524613.8569,0.00331973386387732
2020,PRI,Puerto Rico,44119628682.658,0.00325813448894152
2021,PRI,Puerto Rico,44056516718.2174,0.00297913326713932
2022,PRI,Puerto Rico,44298770478.2543,0.00293210891798497
2023,PRI,Puerto Rico,44037722426.3847,0.00286966127080856
1970,PRK,Corea del Norte,2193488004.74788,7.8056787340504e-4
1971,PRK,Corea del Norte,2421610757.24114,8.3541844951821e-4
1972,PRK,Corea del Norte,2673458276.00024,8.6726034097551e-4
1973,PRK,Corea del Norte,2951497936.70003,8.7831722788819e-4
1974,PRK,Corea del Norte,3258453722.12166,9.5710310251405e-4
1975,PRK,Corea del Norte,3597332909.21993,0.00108855669476521
1976,PRK,Corea del Norte,3744823558.49938,0.00105881008210567
1977,PRK,Corea del Norte,3898361324.39333,0.00106070648305821
1978,PRK,Corea del Norte,4058194138.69277,0.00106739833958228
1979,PRK,Corea del Norte,4224580098.37914,0.00106756055552657
1980,PRK,Corea del Norte,4397787882.41856,0.00110986063850467
1981,PRK,Corea del Norte,4560506034.06265,0.00113666130469355
1982,PRK,Corea del Norte,4729244757.32791,0.00119976845655283
1983,PRK,Corea del Norte,4904226813.34799,0.00122114459206924
1984,PRK,Corea del Norte,5085683205.44208,0.00120114612861193
1985,PRK,Corea del Norte,5273853484.0425,0.00119567231775727
1986,PRK,Corea del Norte,5347687432.81679,0.00118755816622097
1987,PRK,Corea del Norte,5422555056.87543,0.00115122037420083
1988,PRK,Corea del Norte,5498470827.67842,0.00110545750307154
1989,PRK,Corea del Norte,5575449419.26735,0.00108956073957314
1990,PRK,Corea del Norte,6198098324.821,0.00119860949770622
1991,PRK,Corea del Norte,5339094529.1815,0.00103470344406998
1992,PRK,Corea del Norte,4361052989.60856,8.4965930253226e-4
1993,PRK,Corea del Norte,4275101031.13396,8.3852250571463e-4
1994,PRK,Corea del Norte,4106304851.5883,7.7621909819009e-4
1995,PRK,Corea del Norte,3890359414.19406,7.0010126000174e-4
1996,PRK,Corea del Norte,3578036519.62065,6.2821169522983e-4
1997,PRK,Corea del Norte,2923376923.28694,4.8997640869781e-4
1998,PRK,Corea del Norte,2846298160.55722,4.7047697797965e-4
1999,PRK,Corea del Norte,3070000301.57435,4.9069590107226e-4
2000,PRK,Corea del Norte,3114261982.04976,4.6773010456732e-4
2001,PRK,Corea del Norte,3212616036.57606,4.861953247119e-4
2002,PRK,Corea del Norte,3165391623.91607,4.7274203060214e-4
2003,PRK,Corea del Norte,3252021245.38692,4.6898454736602e-4
2004,PRK,Corea del Norte,3262171353.28663,3.8948363912238e-4
2005,PRK,Corea del Norte,3419919266.3991,3.9117091127061e-4
2006,PRK,Corea del Norte,3435131431.75069,3.6809822239271e-4
2007,PRK,Corea del Norte,3459688638.30848,3.495338177783e-4
2008,PRK,Corea del Norte,3548786785.75014,3.5379616734182e-4
2009,PRK,Corea del Norte,3440810980.1128,3.649466204438e-4
2010,PRK,Corea del Norte,3429168781.31836,3.3269537848994e-4
2011,PRK,Corea del Norte,3326712985.31316,3.0923806988547e-4
2012,PRK,Corea del Norte,3378370167.38462,3.0678132474643e-4
2013,PRK,Corea del Norte,3415097803.74995,3.0011032633771e-4
2014,PRK,Corea del Norte,3442524285.45882,2.9004427841923e-4
2015,PRK,Corea del Norte,3327189967.60156,2.702556374391e-4
2016,PRK,Corea del Norte,3486835940.25164,2.7575585208414e-4
2017,PRK,Corea del Norte,3245244410.09079,2.4791342723675e-4
2018,PRK,Corea del Norte,2949419993.50109,2.1649218333516e-4
2019,PRK,Corea del Norte,2917557576.4961,2.1091448439373e-4
2020,PRK,Corea del Norte,2807374667.38153,2.0731825040884e-4
2021,PRK,Corea del Norte,2715746369.37427,1.8364071780487e-4
2022,PRK,Corea del Norte,2591683275.60665,1.7154195394043e-4
2023,PRK,Corea del Norte,2743983720.97808,1.7880815305521e-4
1970,PRT,Portugal,17129574232.4404,0.00609567743338845
1971,PRT,Portugal,18423775831.8271,0.00635591917225836
1972,PRT,Portugal,20647271176.8193,0.00669790121722497
1973,PRT,Portugal,23679411214.3427,0.00704660320347696
1974,PRT,Portugal,24404785860.494,0.0071683989570553
1975,PRT,Portugal,22032884786.8254,0.00666717394384559
1976,PRT,Portugal,23022873142.0236,0.00650947897037441
1977,PRT,Portugal,24230931493.2249,0.00659300254303719
1978,PRT,Portugal,25521179338.4173,0.00671265679240848
1979,PRT,Portugal,27267047505.7661,0.00689044205694989
1980,PRT,Portugal,28257153071.574,0.00713119931857513
1981,PRT,Portugal,29145614014.6583,0.0072642578267754
1982,PRT,Portugal,28841308549.7229,0.00731679031626522
1983,PRT,Portugal,28462982125.916,0.00708723678982899
1984,PRT,Portugal,27352641600.3443,0.00646019782168228
1985,PRT,Portugal,28032812233.4194,0.00635551550262156
1986,PRT,Portugal,29781665330.0644,0.00661359892676987
1987,PRT,Portugal,32342510555.5071,0.00686638618027414
1988,PRT,Portugal,34771823661.8598,0.00699081154872891
1989,PRT,Portugal,37482084834.1718,0.0073247921381071
1990,PRT,Portugal,39291324811.9288,0.0075982910610567
1991,PRT,Portugal,38011371940.9439,0.00736651079057578
1992,PRT,Portugal,37010775332.9334,0.00721076988298216
1993,PRT,Portugal,35233580486.3633,0.00691074900442456
1994,PRT,Portugal,36491967064.415,0.00689811467723022
1995,PRT,Portugal,38320510858.5015,0.00689608210441017
1996,PRT,Portugal,31678463129.196,0.00556192786617445
1997,PRT,Portugal,38910826631.0515,0.00652169993553533
1998,PRT,Portugal,37436503781.5636,0.00618804221193253
1999,PRT,Portugal,35226912963.926,0.0056305212054746
2000,PRT,Portugal,34342576131.9231,0.00515790155673516
2001,PRT,Portugal,35796678521.2875,0.00541744719540594
2002,PRT,Portugal,42240417728.0363,0.00630848350623051
2003,PRT,Portugal,42692897389.1734,0.00615688141220104
2004,PRT,Portugal,42064072549.1085,0.00502219726631728
2005,PRT,Portugal,42242360873.75,0.00483168797566541
2006,PRT,Portugal,43797941996.4545,0.00469325407591104
2007,PRT,Portugal,41721457036.6385,0.00421513658767279
2008,PRT,Portugal,44934398408.6999,0.00447973318730898
2009,PRT,Portugal,33220589793.5317,0.00352351292889147
2010,PRT,Portugal,59438901552.4699,0.00576671756629697
2011,PRT,Portugal,38993468670.956,0.00362467848689719
2012,PRT,Portugal,25446268572.3935,0.00231071185089701
2013,PRT,Portugal,26632641469.3775,0.00234041048951329
2014,PRT,Portugal,23780035050.901,0.00200354813363458
2015,PRT,Portugal,24384914252.6203,0.0019806986103623
2016,PRT,Portugal,22867967173.0947,0.001808509457085
2017,PRT,Portugal,26298699719.7001,0.00200903228093031
2018,PRT,Portugal,26012259262.4135,0.00190934177350423
2019,PRT,Portugal,25032090940.7741,0.00180960629418364
2020,PRT,Portugal,18648748858.6245,0.00137716779687623
2021,PRT,Portugal,20280813581.8928,0.00137140316409727
2022,PRT,Portugal,21108495030.5584,0.00139715856345773
2023,PRT,Portugal,20672479030.974,0.00134709538046512
1970,PRY,Paraguay,1691507786.65192,6.019347418436e-4
1971,PRY,Paraguay,1720246618.3415,5.9345861360521e-4
1972,PRY,Paraguay,1909480292.07986,6.1942860453867e-4
1973,PRY,Paraguay,2069881623.83045,6.1596271753865e-4
1974,PRY,Paraguay,2223051492.50966,6.5297520295734e-4
1975,PRY,Paraguay,2183029084.82056,6.605868806465e-4
1976,PRY,Paraguay,2300914400.9265,6.5055972002572e-4
1977,PRY,Paraguay,2700141034.63459,7.3468230938139e-4
1978,PRY,Paraguay,3014522657.64993,7.9288875037535e-4
1979,PRY,Paraguay,3313038700.04703,8.3721206669989e-4
1980,PRY,Paraguay,3753565715.52145,9.4727962172809e-4
1981,PRY,Paraguay,3915369701.74712,9.7586741477915e-4
1982,PRY,Paraguay,3770522249.62018,9.5654885546268e-4
1983,PRY,Paraguay,3611398891.94683,8.9923251810107e-4
1984,PRY,Paraguay,3773919790.45986,8.9133140285893e-4
1985,PRY,Paraguay,3962623572.5078,8.9839418665613e-4
1986,PRY,Paraguay,3907016115.09559,8.6762903616353e-4
1987,PRY,Paraguay,4043759341.36648,8.5849900892079e-4
1988,PRY,Paraguay,4279935184.87093,8.604731408156e-4
1989,PRY,Paraguay,4532444160.48532,8.8573545201693e-4
1990,PRY,Paraguay,4645747471.97272,8.9841056918244e-4
1991,PRY,Paraguay,4696835264.96512,9.10235171587e-4
1992,PRY,Paraguay,4715630834.93115,9.187413259491e-4
1993,PRY,Paraguay,4809951555.85576,9.4342861177068e-4
1994,PRY,Paraguay,4882110336.07393,9.2287041982917e-4
1995,PRY,Paraguay,4974138806.12238,8.9513602082219e-4
1996,PRY,Paraguay,5073069411.4245,8.9070123166531e-4
1997,PRY,Paraguay,5109880799.44404,8.5644824758704e-4
1998,PRY,Paraguay,5096076528.93671,8.4235261017694e-4
1999,PRY,Paraguay,5077670834.92694,8.115934921619e-4
2000,PRY,Paraguay,4962635247.36628,7.4533674962449e-4
2001,PRY,Paraguay,4929555613.80739,7.4603589879818e-4
2002,PRY,Paraguay,4860283483.69009,7.258691992554e-4
2003,PRY,Paraguay,4896036544.30399,7.0607333389198e-4
2004,PRY,Paraguay,5057355550.16368,6.0381783502236e-4
2005,PRY,Paraguay,5192462547.04195,5.9391469448446e-4
2006,PRY,Paraguay,5323881502.98303,5.7049092776014e-4
2007,PRY,Paraguay,5257952307.04033,5.312131627182e-4
2008,PRY,Paraguay,5360699793.13777,5.3443476759377e-4
2009,PRY,Paraguay,5156226633.78156,5.4689068801425e-4
2010,PRY,Paraguay,5408676486.50299,5.247457286471e-4
2011,PRY,Paraguay,5626634345.63244,5.230296550007e-4
2012,PRY,Paraguay,5801559256.08364,5.2682505054031e-4
2013,PRY,Paraguay,6246337113.01764,5.4891261601488e-4
2014,PRY,Paraguay,6682893278.75762,5.6305629185465e-4
2015,PRY,Paraguay,7030976482.16485,5.7110085372629e-4
2016,PRY,Paraguay,7352627803.98836,5.8148137161854e-4
2017,PRY,Paraguay,7809699118.78141,5.9660507177971e-4
2018,PRY,Paraguay,7993746462.90243,5.8675387994749e-4
2019,PRY,Paraguay,7908344281.63517,5.7170572056797e-4
2020,PRY,Paraguay,7807117204.78069,5.7653789443842e-4
2021,PRY,Paraguay,8344803714.58207,5.6428161383851e-4
2022,PRY,Paraguay,8336064188.58006,5.517590642889e-4
2023,PRY,Paraguay,8592567305.41028,5.5992354405636e-4
1970,PSE,Palestina,170543045,6.068892178645e-5
1971,PSE,Palestina,194244133,6.701123701801e-5
1972,PSE,Palestina,227169210,7.369288247074e-5
1973,PSE,Palestina,218288515,6.495907077915e-5
1974,PSE,Palestina,266382401,7.824429750876e-5
1975,PSE,Palestina,269385747,8.15164083423e-5
1976,PSE,Palestina,310581434,8.781368427563e-5
1977,PSE,Palestina,307414693,8.364457029985e-5
1978,PSE,Palestina,346751446,9.120360068022e-5
1979,PSE,Palestina,341280213,8.624225018725e-5
1980,PSE,Palestina,391383991,9.877276889327e-5
1981,PSE,Palestina,367096154,9.149510827023e-5
1982,PSE,Palestina,398319385,1.0105017995019e-4
1983,PSE,Palestina,382027279,9.512417829127e-5
1984,PSE,Palestina,402310572,9.501845996627e-5
1985,PSE,Palestina,401396312,9.100337355985e-5
1986,PSE,Palestina,478573190,1.0627649933899e-4
1987,PSE,Palestina,462538432,9.819792721037e-5
1988,PSE,Palestina,450265109,9.052497661891e-5
1989,PSE,Palestina,474351001,9.269821831416e-5
1990,PSE,Palestina,570745963,1.1037281052637e-4
1991,PSE,Palestina,533257835,1.033440624503e-4
1992,PSE,Palestina,633843827,1.2349111676617e-4
1993,PSE,Palestina,671834065,1.3177419188589e-4
1994,PSE,Palestina,986994015,1.8657251030594e-4
1995,PSE,Palestina,982503899,1.7680942669124e-4
1996,PSE,Palestina,802899260,1.4096857381345e-4
1997,PSE,Palestina,797411340,1.3365116947998e-4
1998,PSE,Palestina,867756491,1.4343523709687e-4
1999,PSE,Palestina,822855331,1.3152172587413e-4
2000,PSE,Palestina,786269200,1.1808954328627e-4
2001,PSE,Palestina,777455269,1.1765959973333e-4
2002,PSE,Palestina,592362710,8.84676474982e-5
2003,PSE,Palestina,799905849,1.1535702082538e-4
2004,PSE,Palestina,845500000,1.0094761470644e-4
2005,PSE,Palestina,1071300000,1.2253546490454e-4
2006,PSE,Palestina,728700000,7.808527271425e-5
2007,PSE,Palestina,702800000,7.100418355991e-5
2008,PSE,Palestina,1022000000,1.0188825219797e-4
2009,PSE,Palestina,1112000000,1.1794331170153e-4
2010,PSE,Palestina,1339000000,1.299087738769e-4
2011,PSE,Palestina,1329300000,1.2356646579177e-4
2012,PSE,Palestina,1504400000,1.3661079221103e-4
2013,PSE,Palestina,1582100000,1.3903102475646e-4
2014,PSE,Palestina,1437900000,1.2114792325522e-4
2015,PSE,Palestina,1302400000,1.0578925328222e-4
2016,PSE,Palestina,1499600000,1.1859562160975e-4
2017,PSE,Palestina,1756800000,1.3420693603701e-4
2018,PSE,Palestina,1762800000,1.2939236243876e-4
2019,PSE,Palestina,1779000000,1.2860649975144e-4
2020,PSE,Palestina,1500700000,1.1082329052956e-4
2021,PSE,Palestina,1537700000,1.0398037716372e-4
2022,PSE,Palestina,1623000000,1.0742539177753e-4
2023,PSE,Palestina,1497500000,9.758265224136e-5
1970,PYF,Polinesia Francesa,135934777.952023,4.837333065789e-5
1971,PYF,Polinesia Francesa,130667140.035813,4.50781527152e-5
1972,PYF,Polinesia Francesa,179425877.40668,5.82051154553e-5
1973,PYF,Polinesia Francesa,231481279.486441,6.888502044282e-5
1974,PYF,Polinesia Francesa,190767520.672739,5.603399694009e-5
1975,PYF,Polinesia Francesa,185402178.77473,5.610289289935e-5
1976,PYF,Polinesia Francesa,167772936.735059,4.743606050981e-5
1977,PYF,Polinesia Francesa,168094648.978805,4.573693126482e-5
1978,PYF,Polinesia Francesa,195038049.645716,5.129949017526e-5
1979,PYF,Polinesia Francesa,197088965.229468,4.980480907185e-5
1980,PYF,Polinesia Francesa,200587585.904385,5.062187447874e-5
1981,PYF,Polinesia Francesa,212651795.164341,5.300136983298e-5
1982,PYF,Polinesia Francesa,242410178.001013,6.149736375186e-5
1983,PYF,Polinesia Francesa,276561005.544709,6.88632457575e-5
1984,PYF,Polinesia Francesa,284389248.637923,6.716758225419e-5
1985,PYF,Polinesia Francesa,323404777.409629,7.332136566728e-5
1986,PYF,Polinesia Francesa,226772216.2243,5.035918808503e-5
1987,PYF,Polinesia Francesa,288246512.787779,6.119536912638e-5
1988,PYF,Polinesia Francesa,301446083.535977,6.060518374289e-5
1989,PYF,Polinesia Francesa,318586294.00474,6.225850007967e-5
1990,PYF,Polinesia Francesa,357255867.997893,6.908736422891e-5
1991,PYF,Polinesia Francesa,371683801.676544,7.203141049437e-5
1992,PYF,Polinesia Francesa,334601529.066502,6.519005902709e-5
1993,PYF,Polinesia Francesa,286116476.090357,5.611916600574e-5
1994,PYF,Polinesia Francesa,286210273.90755,5.410262723658e-5
1995,PYF,Polinesia Francesa,271845052.326303,4.892068916936e-5
1996,PYF,Polinesia Francesa,279960392.373047,4.915388418353e-5
1997,PYF,Polinesia Francesa,275692453.504977,4.620779386928e-5
1998,PYF,Polinesia Francesa,286464527.018993,4.735096513707e-5
1999,PYF,Polinesia Francesa,309049513.525637,4.93971708855e-5
2000,PYF,Polinesia Francesa,323849850.506278,4.863891519547e-5
2001,PYF,Polinesia Francesa,329042325.684288,4.979706213212e-5
2002,PYF,Polinesia Francesa,348719109.266025,5.208018451133e-5
2003,PYF,Polinesia Francesa,338094299.097693,4.875767710751e-5
2004,PYF,Polinesia Francesa,336690132.119611,4.019877673881e-5
2005,PYF,Polinesia Francesa,316997778.047646,3.625825642376e-5
2006,PYF,Polinesia Francesa,273151122.432425,2.927004238691e-5
2007,PYF,Polinesia Francesa,283929559.025908,2.868552436989e-5
2008,PYF,Polinesia Francesa,297959445.379345,2.970505588608e-5
2009,PYF,Polinesia Francesa,280164289.335947,2.971538138919e-5
2010,PYF,Polinesia Francesa,259407648.259962,2.516753511556e-5
2011,PYF,Polinesia Francesa,253429800.298717,2.355783100069e-5
2012,PYF,Polinesia Francesa,259142497.189151,2.353208045503e-5
2013,PYF,Polinesia Francesa,261190874.560223,2.295280636315e-5
2014,PYF,Polinesia Francesa,247775140.767131,2.08758910482e-5
2015,PYF,Polinesia Francesa,271474866.950432,2.205092403223e-5
2016,PYF,Polinesia Francesa,284314779.104767,2.248498797063e-5
2017,PYF,Polinesia Francesa,273734909.983181,2.091138635883e-5
2018,PYF,Polinesia Francesa,289316233.852467,2.123627807468e-5
2019,PYF,Polinesia Francesa,287160885.663128,2.075927845455e-5
2020,PYF,Polinesia Francesa,268144316.059866,1.980184943196e-5
2021,PYF,Polinesia Francesa,275046908.844487,1.859886929789e-5
2022,PYF,Polinesia Francesa,286103057.761953,1.893698895183e-5
2023,PYF,Polinesia Francesa,288554504.374,1.880328137095e-5
1970,QAT,Qatar,939203327.854446,3.342219983567e-4
1971,QAT,Qatar,1046217160.06002,3.6092882190217e-4
1972,QAT,Qatar,1113389389.18097,3.6117955158224e-4
1973,QAT,Qatar,1293399338.87508,3.8489436423029e-4
1974,QAT,Qatar,1414839618.96164,4.1557975173152e-4
1975,QAT,Qatar,1201830580.78952,3.6367518873188e-4
1976,QAT,Qatar,1790392023.46153,5.0621480444923e-4
1977,QAT,Qatar,1646906647.02241,4.4810740003947e-4
1978,QAT,Qatar,1959081824.00339,5.1528355090489e-4
1979,QAT,Qatar,2119783828.66848,5.3567397209436e-4
1980,QAT,Qatar,1714084065.84073,4.3257985301429e-4
1981,QAT,Qatar,1736525316.10272,4.3281186708053e-4
1982,QAT,Qatar,1844457043.32624,4.679227854766e-4
1983,QAT,Qatar,2085967641.17019,5.1940258907141e-4
1984,QAT,Qatar,2495253300.3631,5.8933357044931e-4
1985,QAT,Qatar,2568988836.85809,5.8243347983648e-4
1986,QAT,Qatar,2840421101.34414,6.3077083632594e-4
1987,QAT,Qatar,3417481821.88601,7.2553891303099e-4
1988,QAT,Qatar,3353363964.23497,6.7418769162742e-4
1989,QAT,Qatar,3380079738.30298,6.6053907094103e-4
1990,QAT,Qatar,3521139025.58394,6.8092993328414e-4
1991,QAT,Qatar,3312755987.51701,6.4200399729067e-4
1992,QAT,Qatar,3635941469.9014,7.083865985407e-4
1993,QAT,Qatar,3632735172.12319,7.1252823662939e-4
1994,QAT,Qatar,3751368182.90668,7.0912504871345e-4
1995,QAT,Qatar,2749934568.59808,4.9487269720468e-4
1996,QAT,Qatar,2819404349.67993,4.9501529018451e-4
1997,QAT,Qatar,3817005089.96215,6.3975412512256e-4
1998,QAT,Qatar,4121014344.73621,6.8118034926556e-4
1999,QAT,Qatar,4188571957.18864,6.6948367714644e-4
2000,QAT,Qatar,3873303100.01202,5.8173027010307e-4
2001,QAT,Qatar,4401378435.64266,6.6610189121074e-4
2002,QAT,Qatar,4859644238.1721,7.2577372979691e-4
2003,QAT,Qatar,5210943821.80307,7.5148713529616e-4
2004,QAT,Qatar,5549857843.12773,6.6261964662754e-4
2005,QAT,Qatar,6018690411.54354,6.8841876943432e-4
2006,QAT,Qatar,6303658797.07428,6.7548087864302e-4
2007,QAT,Qatar,6730547290.8517,6.7999006160827e-4
2008,QAT,Qatar,8000240791.51924,7.9758370979532e-4
2009,QAT,Qatar,9098853184.42348,9.6506193997927e-4
2010,QAT,Qatar,10696988851.1124,0.00103781382062955
2011,QAT,Qatar,11770920956.9144,0.00109417821542186
2012,QAT,Qatar,12348742202.6902,0.00112135831901047
2013,QAT,Qatar,12988012005.5929,0.00114135428777372
2014,QAT,Qatar,13561848099.3897,0.0011426314296849
2015,QAT,Qatar,14419966676.0989,0.00117128186963999
2016,QAT,Qatar,14561203635.7131,0.00115157041648682
2017,QAT,Qatar,14441270114.0262,0.00110320959385606
2018,QAT,Qatar,15415019519.7791,0.00113148728880409
2019,QAT,Qatar,15149321447.7322,0.00109516650084444
2020,QAT,Qatar,14133269625.566,0.00104370989927815
2021,QAT,Qatar,14680660629.2199,9.9271680382318e-4
2022,QAT,Qatar,14992403673.8108,9.9233816287498e-4
2023,QAT,Qatar,15398471476.6727,0.00100342149392774
1970,ROU,Rumania,13442592870.0698,0.00478363962188446
1971,ROU,Rumania,14921239644.5321,0.00514759808175206
1972,ROU,Rumania,16937555961.0809,0.00549448281649469
1973,ROU,Rumania,19760791991.8716,0.00588048659203242
1974,ROU,Rumania,22448898753.0428,0.00659389774318203
1975,ROU,Rumania,25002760229.6072,0.00756586135405805
1976,ROU,Rumania,27021130222.627,0.00763994475645531
1977,ROU,Rumania,29974925104.3633,0.00815588775428108
1978,ROU,Rumania,32798513692.7695,0.00862676300343436
1979,ROU,Rumania,35363929033.9998,0.00893654158424503
1980,ROU,Rumania,37488216374.3761,0.00946082368547174
1981,ROU,Rumania,36529767511.5443,0.00910468550851466
1982,ROU,Rumania,30252121761.424,0.00767470141546647
1983,ROU,Rumania,29136350653.3302,0.00725490447059029
1984,ROU,Rumania,30243801124.1969,0.00714303726114225
1985,ROU,Rumania,31200346252.7174,0.00707364935937141
1986,ROU,Rumania,32120835446.0578,0.00713305721754077
1987,ROU,Rumania,35079630028.7495,0.00744748266913748
1988,ROU,Rumania,35493799869.7877,0.00713596354482125
1989,ROU,Rumania,29736191505.6832,0.00581108075289079
1990,ROU,Rumania,25905828432.2583,0.00500975789307914
1991,ROU,Rumania,22115417376.7894,0.00428591372595853
1992,ROU,Rumania,18854752780.5181,0.00367345137403417
1993,ROU,Rumania,17852745107.3846,0.00350165492050559
1994,ROU,Rumania,18403603988.398,0.00347885249820078
1995,ROU,Rumania,19635428762.0084,0.00353355229000206
1996,ROU,Rumania,21072932050.5315,0.00369986787287766
1997,ROU,Rumania,19577961353.4192,0.00328138979177109
1998,ROU,Rumania,18280224807.2687,0.00302161770797365
1999,ROU,Rumania,17921852318.7923,0.00286455329269641
2000,ROU,Rumania,19421910391.5048,0.00291697109320796
2001,ROU,Rumania,21584546965.8937,0.00326659199274455
2002,ROU,Rumania,22880095691.895,0.00341707573117804
2003,ROU,Rumania,24177212855.1723,0.00348667440089431
2004,ROU,Rumania,26378972005.0494,0.00314949060002102
2005,ROU,Rumania,27341931664.1827,0.00312737450560891
2006,ROU,Rumania,29587474967.1728,0.00317050370761349
2007,ROU,Rumania,29485879969.8774,0.00297897102135272
2008,ROU,Rumania,34202719645.1176,0.00340983886992004
2009,ROU,Rumania,32179749246.6347,0.00341311708261964
2010,ROU,Rumania,32475044582.4986,0.00315070442368211
2011,ROU,Rumania,35976750076.7774,0.00334425626845817
2012,ROU,Rumania,31213739071.3502,0.00283444138686899
2013,ROU,Rumania,31055054067.2165,0.0027290411420469
2014,ROU,Rumania,34242145474.0125,0.00288501621251825
2015,ROU,Rumania,35947074977.1157,0.00291985121276823
2016,ROU,Rumania,36446492489.8946,0.00288236491886794
2017,ROU,Rumania,39432367047.2533,0.00301235038826201
2018,ROU,Rumania,41778934138.8889,0.00306664113251888
2019,ROU,Rumania,41156738512.547,0.00297528054035075
2020,ROU,Rumania,37524656475.4564,0.00277111075271637
2021,ROU,Rumania,39792241594.6976,0.00269077992404673
2022,ROU,Rumania,36281756403.6902,0.00240146758844334
2023,ROU,Rumania,35675115723.5071,0.00232472281223211
1990,RUS,Rusia,182682585806.017,0.0353277845780136
1991,RUS,Rusia,172273030377.51,0.0333860913826728
1992,RUS,Rusia,141417078829.767,0.0275521386350859
1993,RUS,Rusia,121006354490.648,0.0237343049523153
1994,RUS,Rusia,96769394898.5151,0.0182924198653865
1995,RUS,Rusia,93335511120.8259,0.0167964709636304
1996,RUS,Rusia,90795099687.3315,0.0159412971836261
1997,RUS,Rusia,92467564437.1855,0.0154981469488459
1998,RUS,Rusia,87798517308.2568,0.0145125980358279
1999,RUS,Rusia,96520423556.2959,0.0154274174450552
2000,RUS,Rusia,107461992100.755,0.0161396854510025
2001,RUS,Rusia,112249552797.566,0.0169877779198737
2002,RUS,Rusia,116870439672.111,0.0174542601776418
2003,RUS,Rusia,127154302783.804,0.0183373350408754
2004,RUS,Rusia,137393789177.23,0.0164039920673226
2005,RUS,Rusia,143490267109.264,0.0164124396429669
2006,RUS,Rusia,152920549241.383,0.0163865003309008
2007,RUS,Rusia,164423811801.136,0.0166118077899092
2008,RUS,Rusia,160934345746.7,0.0160443436465317
2009,RUS,Rusia,137412322619.616,0.0145745183438464
2010,RUS,Rusia,149241561666.113,0.014479304172905
2011,RUS,Rusia,158547646039.34,0.0147379615441864
2012,RUS,Rusia,166767916868.901,0.0151437764150789
2013,RUS,Rusia,169111600519.589,0.0148611080958496
2014,RUS,Rusia,170400187119.117,0.014356790313501
2015,RUS,Rusia,168840255549.961,0.0137142848269433
2016,RUS,Rusia,170674648295.827,0.0134977767455789
2017,RUS,Rusia,178160421251.441,0.0136101800200474
2018,RUS,Rusia,185219591117.29,0.0135954166465893
2019,RUS,Rusia,190530919535.366,0.0137737575356193
2020,RUS,Rusia,190799526625.604,0.0140901121957299
2021,RUS,Rusia,202205662152.278,0.0136732919394123
2022,RUS,Rusia,197191655393.673,0.0130519968181923
2023,RUS,Rusia,201235220181.516,0.0131132330615614
1970,RWA,Ruanda,82787841.4728176,2.946062582624e-5
1971,RWA,Ruanda,84967143.4115569,2.931235707333e-5
1972,RWA,Ruanda,87337332.9186715,2.833191967381e-5
1973,RWA,Ruanda,90801875.2813593,2.702114421036e-5
1974,RWA,Ruanda,92330423.6718468,2.71201442429e-5
1975,RWA,Ruanda,95311312.2504929,2.884130261372e-5
1976,RWA,Ruanda,99817359.2758833,2.822232468886e-5
1977,RWA,Ruanda,110718465.618021,3.012542566037e-5
1978,RWA,Ruanda,117416735.780193,3.088330043552e-5
1979,RWA,Ruanda,116366026.734641,2.94059473965e-5
1980,RWA,Ruanda,146142577.39248,3.688170020795e-5
1981,RWA,Ruanda,127271316.318539,3.172112466822e-5
1982,RWA,Ruanda,165084272.58753,4.188045091482e-5
1983,RWA,Ruanda,190387044.275373,4.740606794207e-5
1984,RWA,Ruanda,161531734.442835,3.815086580036e-5
1985,RWA,Ruanda,172769355.106497,3.916975241778e-5
1986,RWA,Ruanda,205104702.306431,4.554749454121e-5
1987,RWA,Ruanda,212601503.098146,4.513576706648e-5
1988,RWA,Ruanda,200561239.34367,4.032247033879e-5
1989,RWA,Ruanda,185883688.833843,3.63256043146e-5
1990,RWA,Ruanda,192905957.385202,3.730481521405e-5
1991,RWA,Ruanda,179795498.146959,3.484392721352e-5
1992,RWA,Ruanda,203000137.184529,3.955030021078e-5
1993,RWA,Ruanda,193472318.868297,3.794785021977e-5
1994,RWA,Ruanda,87782793.4795171,1.659367320595e-5
1995,RWA,Ruanda,112175173.455102,2.01868187269e-5
1996,RWA,Ruanda,143719161.606659,2.523340878574e-5
1997,RWA,Ruanda,190235700.387543,3.188470311149e-5
1998,RWA,Ruanda,219529031.878438,3.628690659616e-5
1999,RWA,Ruanda,235061877.235216,3.757129912935e-5
2000,RWA,Ruanda,235061877.235216,3.530387522075e-5
2001,RWA,Ruanda,258568064.958738,3.913153108602e-5
2002,RWA,Ruanda,297745044.497941,4.446735622669e-5
2003,RWA,Ruanda,311177151.768525,4.487586785597e-5
2004,RWA,Ruanda,349234789.035179,4.169653332419e-5
2005,RWA,Ruanda,378337688.121444,4.327432512356e-5
2006,RWA,Ruanda,428708090.386133,4.59390533177e-5
2007,RWA,Ruanda,430946774.93123,4.353873635709e-5
2008,RWA,Ruanda,455572304.9273,4.541826408888e-5
2009,RWA,Ruanda,469004412.197884,4.974454458385e-5
2010,RWA,Ruanda,512658760.827282,4.973776776424e-5
2011,RWA,Ruanda,555193767.18413,5.160861479016e-5
2012,RWA,Ruanda,587654693.088041,5.336344932816e-5
2013,RWA,Ruanda,614518907.629209,5.400239773712e-5
2014,RWA,Ruanda,537284290.823352,4.526801309611e-5
2015,RWA,Ruanda,582057981.725298,4.727846994293e-5
2016,RWA,Ruanda,621234961.2645,4.913026566876e-5
2017,RWA,Ruanda,661531283.076252,5.053625147671e-5
2018,RWA,Ruanda,751078664.880144,5.513038508406e-5
2019,RWA,Ruanda,835029335.321293,6.036548623127e-5
2020,RWA,Ruanda,851819469.409522,6.290493538822e-5
2021,RWA,Ruanda,942486193.485963,6.373159255399e-5
2022,RWA,Ruanda,1046585024.83299,6.927283199087e-5
2023,RWA,Ruanda,1156280567.54276,7.534752889213e-5
1970,SAU,Arabia Saudita,6212199629.75505,0.00221065419262362
1971,SAU,Arabia Saudita,6333723623.87939,0.00218503719217303
1972,SAU,Arabia Saudita,6682158484.19252,0.00216766840817257
1973,SAU,Arabia Saudita,7238597914.79981,0.00215408764995874
1974,SAU,Arabia Saudita,7849067769.49109,0.0023055006314871
1975,SAU,Arabia Saudita,7451110198.30569,0.00225471372666419
1976,SAU,Arabia Saudita,8200535119.54416,0.00231861638541772
1977,SAU,Arabia Saudita,8796171650.11678,0.00239335339107483
1978,SAU,Arabia Saudita,9513030597.81638,0.0025021457124709
1979,SAU,Arabia Saudita,10408031253.3106,0.00263013207655485
1980,SAU,Arabia Saudita,10902611443.559,0.00275146951641107
1981,SAU,Arabia Saudita,11759170476.924,0.00293085766285178
1982,SAU,Arabia Saudita,12741096470.7434,0.00323230588220422
1983,SAU,Arabia Saudita,13744324113.3109,0.00342231460766361
1984,SAU,Arabia Saudita,15274748724.7766,0.00360761859422396
1985,SAU,Arabia Saudita,16781133942.382,0.00380456859034754
1986,SAU,Arabia Saudita,16978074083.0775,0.00377031207926135
1987,SAU,Arabia Saudita,16963086224.9936,0.00360130054314111
1988,SAU,Arabia Saudita,17576445194.1246,0.00353371215854472
1989,SAU,Arabia Saudita,17637893265.0929,0.00344681739269585
1990,SAU,Arabia Saudita,18389530565.9806,0.00355623044998721
1991,SAU,Arabia Saudita,18470098668.3773,0.00357945988781962
1992,SAU,Arabia Saudita,19145245168.0712,0.00373004769606635
1993,SAU,Arabia Saudita,19896444096.0301,0.0039025080429009
1994,SAU,Arabia Saudita,20926502509.0899,0.00395575864261408
1995,SAU,Arabia Saudita,22475135929.7597,0.00404458028369465
1996,SAU,Arabia Saudita,25683758001.53,0.00450941097597421
1997,SAU,Arabia Saudita,26843081845.6831,0.00449906980395164
1998,SAU,Arabia Saudita,27284953928.9716,0.0045100484716273
1999,SAU,Arabia Saudita,28363500340.6779,0.0045335022768874
2000,SAU,Arabia Saudita,29748581591.8349,0.00446793084810426
2001,SAU,Arabia Saudita,31016188255.5331,0.00469397075421949
2002,SAU,Arabia Saudita,32120293641.1766,0.00479707241427565
2003,SAU,Arabia Saudita,34611618310.6692,0.00499145390580113
2004,SAU,Arabia Saudita,39406035771.335,0.00470484366191961
2005,SAU,Arabia Saudita,42251872339.665,0.00483277589865414
2006,SAU,Arabia Saudita,45928304722.1177,0.00492153725748603
2007,SAU,Arabia Saudita,49774853621.8848,0.0050287746773421
2008,SAU,Arabia Saudita,54495807869.6772,0.00543295754986097
2009,SAU,Arabia Saudita,55589885507.5976,0.00589609280024746
2010,SAU,Arabia Saudita,60080069151.6546,0.00582892316499726
2011,SAU,Arabia Saudita,66566399803.5298,0.0061877490139206
2012,SAU,Arabia Saudita,69369761659.9534,0.00629929413444361
2013,SAU,Arabia Saudita,72123383425.5034,0.00633802408605707
2014,SAU,Arabia Saudita,79675580773.2157,0.00671293632716406
2015,SAU,Arabia Saudita,85919171146.9333,0.00697890429841987
2016,SAU,Arabia Saudita,88987939578.4174,0.007037596699169
2017,SAU,Arabia Saudita,91725038207.2164,0.00700713589234311
2018,SAU,Arabia Saudita,89264955343.719,0.00655219165810892
2019,SAU,Arabia Saudita,89390565990.2414,0.00646217414435363
2020,SAU,Arabia Saudita,81858192648.525,0.00604504182455668
2021,SAU,Arabia Saudita,88952460602.7577,0.00601502920148013
2022,SAU,Arabia Saudita,95896287123.8107,0.00634731744564783
2023,SAU,Arabia Saudita,92580591258.4003,0.00603289458502089
2008,SDN,Sudán,4163254588.05713,4.150555121647e-4
2009,SDN,Sudán,4149750550.60515,4.4013967866334e-4
2010,SDN,Sudán,4636300241.82176,4.4981036575076e-4
2011,SDN,Sudán,5011840561.35766,4.6588085855626e-4
2012,SDN,Sudán,4962216049.0002,4.5060639828252e-4
2013,SDN,Sudán,5014904355.51217,4.4069735895486e-4
2014,SDN,Sudán,4986201180.48813,4.2010426173509e-4
2015,SDN,Sudán,5495385572.9424,4.4637034417959e-4
2016,SDN,Sudán,5944355268.2143,4.7010836763343e-4
2017,SDN,Sudán,6147581649.86103,4.6963120290597e-4
2018,SDN,Sudán,6320656211.87874,4.6394635773668e-4
2019,SDN,Sudán,6347939398.83627,4.5890178005542e-4
2020,SDN,Sudán,5987756015.20384,4.4218219796965e-4
2021,SDN,Sudán,5950657698.58244,4.0238774264864e-4
2022,SDN,Sudán,5902894295.25562,3.9070901558177e-4
2023,SDN,Sudán,5218947247.28397,3.4008595278648e-4
1970,SEN,Senegal,735937493.525783,2.6188844572527e-4
1971,SEN,Senegal,755434962.477602,2.6061343805058e-4
1972,SEN,Senegal,770726810.139146,2.5002103162061e-4
1973,SEN,Senegal,755424682.62352,2.2480195729428e-4
1974,SEN,Senegal,841454827.95006,2.4715987862244e-4
1975,SEN,Senegal,863793822.33573,2.6138491263637e-4
1976,SEN,Senegal,955557840.331501,2.7017408419197e-4
1977,SEN,Senegal,1004312954.23353,2.7326385958865e-4
1978,SEN,Senegal,918613372.442757,2.4161643207619e-4
1979,SEN,Senegal,1009821822.63134,2.5518416525343e-4
1980,SEN,Senegal,964319969.753669,2.4336343770291e-4
1981,SEN,Senegal,1083263409.7313,2.6999275769734e-4
1982,SEN,Senegal,1201408571.58761,3.0478695470128e-4
1983,SEN,Senegal,1215777577.76114,3.0272666227452e-4
1984,SEN,Senegal,1213382743.39717,2.865789955608e-4
1985,SEN,Senegal,1234137974.53441,2.7980007728859e-4
1986,SEN,Senegal,1301193336.67065,2.8895532736505e-4
1987,SEN,Senegal,1416943664.16471,3.0082025874738e-4
1988,SEN,Senegal,1558238891.52052,3.132810790844e-4
1989,SEN,Senegal,1523114654.21147,2.9764881793428e-4
1990,SEN,Senegal,1582187235.13962,3.0596879039389e-4
1991,SEN,Senegal,1546264719.71268,2.9966231580767e-4
1992,SEN,Senegal,1615714916.20946,3.1478801382799e-4
1993,SEN,Senegal,1579792400.77909,3.0986202963695e-4
1994,SEN,Senegal,1504754257.43819,2.8444527012031e-4
1995,SEN,Senegal,1764194646.65031,3.1748092232863e-4
1996,SEN,Senegal,1828056896.30298,3.2096003366808e-4
1997,SEN,Senegal,1811611518.69336,3.036375155096e-4
1998,SEN,Senegal,1885632085.74724,3.1168431247911e-4
1999,SEN,Senegal,1926007569.85542,3.0784492740197e-4
2000,SEN,Senegal,2096239475.90501,3.1483359939354e-4
2001,SEN,Senegal,2255450542.7898,3.4133849066882e-4
2002,SEN,Senegal,2325875436.13214,3.4736273019022e-4
2003,SEN,Senegal,2316557506.11066,3.3407828285002e-4
2004,SEN,Senegal,2386365906.88039,2.8491773638835e-4
2005,SEN,Senegal,2411185969.29705,2.7579183582481e-4
2006,SEN,Senegal,2411007371.47994,2.5835620710593e-4
2007,SEN,Senegal,2466284543.66115,2.4916977866973e-4
2008,SEN,Senegal,2408348036.24247,2.4010016839252e-4
2009,SEN,Senegal,2494457324.55006,2.645724440248e-4
2010,SEN,Senegal,2538191451.15636,2.4625342739699e-4
2011,SEN,Senegal,2771332396.55957,2.5761208890177e-4
2012,SEN,Senegal,2769699997.5462,2.5150951266397e-4
2013,SEN,Senegal,2848725292.94046,2.5033891456112e-4
2014,SEN,Senegal,2854979958.63377,2.4054168782514e-4
2015,SEN,Senegal,3029371722.70343,2.4606493585618e-4
2016,SEN,Senegal,3208213921.97794,2.5372107517607e-4
2017,SEN,Senegal,3372862841.40996,2.5766256125837e-4
2018,SEN,Senegal,3509709428.17228,2.5761833128251e-4
2019,SEN,Senegal,3640906660.65045,2.6320644269137e-4
2020,SEN,Senegal,3644038734.64711,2.691039937301e-4
2021,SEN,Senegal,3892941442.76098,2.632434932006e-4
2022,SEN,Senegal,4025091910.4383,2.6641840752891e-4
2023,SEN,Senegal,4225569709.77637,2.7535378932271e-4
1970,SGP,Singapur,2669430654.81061,9.4993535634459e-4
1971,SGP,Singapur,3161347807.90282,0.00109061634953869
1972,SGP,Singapur,3732620515.33832,0.0012108487983241
1973,SGP,Singapur,4337497499.68178,0.00129076789535281
1974,SGP,Singapur,4509737602.96765,0.00132464175324061
1975,SGP,Singapur,4420780826.65066,0.00133773289444701
1976,SGP,Singapur,4939465022.82109,0.0013965825851798
1977,SGP,Singapur,5399741785.31813,0.00146921761271541
1978,SGP,Singapur,6011092320.84083,0.00158105545054287
1979,SGP,Singapur,6840797919.73524,0.0017286844745208
1980,SGP,Singapur,7524884985.36177,0.00189903967126646
1981,SGP,Singapur,8224683141.49074,0.00204992143426017
1982,SGP,Singapur,7936719218.80967,0.00201347696214916
1983,SGP,Singapur,8158856581.74677,0.00203154217197939
1984,SGP,Singapur,8770716272.9802,0.00207148409975097
1985,SGP,Singapur,8130489335.00627,0.00184332026991316
1986,SGP,Singapur,8813630825.74146,0.00195723841242774
1987,SGP,Singapur,10351935700.9074,0.00219773873502513
1988,SGP,Singapur,12249486298.2561,0.00246273681566419
1989,SGP,Singapur,13450075464.15,0.00262842922032274
1990,SGP,Singapur,14727328932.7733,0.00284802134615628
1991,SGP,Singapur,15528812757.9874,0.00300944588172906
1992,SGP,Singapur,15885294492.0263,0.00309491498286661
1993,SGP,Singapur,17420762642.5181,0.00341692545651709
1994,SGP,Singapur,19632098630.7348,0.00371107612451952
1995,SGP,Singapur,21603113123.4884,0.00388765281236813
1996,SGP,Singapur,22201443820.1226,0.00389800567498618
1997,SGP,Singapur,23155819831.6149,0.00388106143657709
1998,SGP,Singapur,22987071081.774,0.0037996327598509
1999,SGP,Singapur,25982652337.5702,0.00415295757283577
2000,SGP,Singapur,29918062298.838,0.00449338510637335
2001,SGP,Singapur,26446056770.8617,0.00400232988090365
2002,SGP,Singapur,28685687269.2888,0.00428412394423561
2003,SGP,Singapur,29545214845.5258,0.00426081140485054
2004,SGP,Singapur,33635990035.0954,0.0040159349051834
2005,SGP,Singapur,36834651682.9415,0.00421315333572863
2006,SGP,Singapur,41226046951.4302,0.0044176576356981
2007,SGP,Singapur,43675231393.0864,0.00441252724367716
2008,SGP,Singapur,41845907660.975,0.00417182621645252
2009,SGP,Singapur,40109177531.6859,0.00425414498894946
2010,SGP,Singapur,52011710581.3467,0.00504613707906153
2011,SGP,Singapur,56072663793.5737,0.00521229285526403
2012,SGP,Singapur,56251595657.6292,0.00510806636926587
2013,SGP,Singapur,57191715309.2212,0.00502586611909538
2014,SGP,Singapur,58726237884.8217,0.00494788355263829
2015,SGP,Singapur,55714872801.993,0.00452551811305065
2016,SGP,Singapur,57776880693.9065,0.00456927519376271
2017,SGP,Singapur,63789209535.7591,0.0048730386862575
2018,SGP,Singapur,68272761987.8894,0.00501133081678711
2019,SGP,Singapur,67279326459.7312,0.00486372045060175
2020,SGP,Singapur,72345934937.1738,0.00534258317196981
2021,SGP,Singapur,81967886821.9592,0.00554272731160871
2022,SGP,Singapur,84181041223.4284,0.00557189238057159
2023,SGP,Singapur,80546251341.0798,0.00524869237660265
1970,SLB,Islas Salomón,19892558.1884939,7.07890437885e-6
1971,SLB,Islas Salomón,20915217.5687601,7.21542823526e-6
1972,SLB,Islas Salomón,21424481.4894734,6.95002547396e-6
1973,SLB,Islas Salomón,23369600.1480232,6.95440852715e-6
1974,SLB,Islas Salomón,28133735.963376,8.26370059916e-6
1975,SLB,Islas Salomón,25679658.5233652,7.77069148458e-6
1976,SLB,Islas Salomón,29154044.0058556,8.24300404153e-6
1977,SLB,Islas Salomón,32682608.5282674,8.89262227497e-6
1978,SLB,Islas Salomón,35691318.8658056,9.38763725757e-6
1979,SLB,Islas Salomón,43333718.3214487,1.095052462658e-5
1980,SLB,Islas Salomón,41302951.1388527,1.042354041366e-5
1981,SLB,Islas Salomón,42876837.5828954,1.068663033972e-5
1982,SLB,Islas Salomón,42516202.6280991,1.078599256817e-5
1983,SLB,Islas Salomón,42543414.3203532,1.059324176933e-5
1984,SLB,Islas Salomón,38675830.7612064,9.1345297206e-6
1985,SLB,Islas Salomón,43832608.3403866,9.93759810853e-6
1986,SLB,Islas Salomón,46410997.3798177,1.030646604411e-5
1987,SLB,Islas Salomón,56079955.1950399,1.190589792591e-5
1988,SLB,Islas Salomón,56079955.1950399,1.127477242039e-5
1989,SLB,Islas Salomón,57369149.2150733,1.121114513772e-5
1990,SLB,Islas Salomón,54790760.6753243,1.059562509181e-5
1991,SLB,Islas Salomón,55119146.4752316,1.06819555976e-5
1992,SLB,Islas Salomón,59561009.7690495,1.160420800643e-5
1993,SLB,Islas Salomón,63960264.9966683,1.254522905554e-5
1994,SLB,Islas Salomón,87523202.0078961,1.654460235873e-5
1995,SLB,Islas Salomón,94595908.6447358,1.702328956845e-5
1996,SLB,Islas Salomón,99884522.8704328,1.753716740887e-5
1997,SLB,Islas Salomón,103274573.493333,1.730946982134e-5
1998,SLB,Islas Salomón,109074927.398393,1.802946821484e-5
1999,SLB,Islas Salomón,111658261.792377,1.784698566781e-5
2000,SLB,Islas Salomón,91512796.4631376,1.374428038028e-5
2001,SLB,Islas Salomón,74988498.9235225,1.134871306396e-5
2002,SLB,Islas Salomón,72660205.9794431,1.085159038747e-5
2003,SLB,Islas Salomón,94044783.5161243,1.356250371734e-5
2004,SLB,Islas Salomón,94588358.4469695,1.12932810931e-5
2005,SLB,Islas Salomón,88939998.5341989,1.017297122094e-5
2006,SLB,Islas Salomón,98471265.7595841,1.055188094051e-5
2007,SLB,Islas Salomón,120807945.054057,1.220527818172e-5
2008,SLB,Islas Salomón,118739447.203038,1.183772479693e-5
2009,SLB,Islas Salomón,118747189.778444,1.259481728212e-5
2010,SLB,Islas Salomón,128872319.616325,1.250309561466e-5
2011,SLB,Islas Salomón,131804973.82866,1.225206859985e-5
2012,SLB,Islas Salomón,134576959.39947,1.222059627553e-5
2013,SLB,Islas Salomón,133012751.799288,1.168883078713e-5
2014,SLB,Islas Salomón,117637655.487497,9.91136912088e-6
2015,SLB,Islas Salomón,103047501.087309,8.37017674495e-6
2016,SLB,Islas Salomón,114964254.046494,9.0919292955e-6
2017,SLB,Islas Salomón,135447544.172054,1.034722216363e-5
2018,SLB,Islas Salomón,136029568.980543,9.98478970496e-6
2019,SLB,Islas Salomón,136397162.342841,9.8603494238e-6
2020,SLB,Islas Salomón,131966253.248373,9.74540842529e-6
2021,SLB,Islas Salomón,128301728.202398,8.67585490618e-6
2022,SLB,Islas Salomón,120523342.239719,7.97736738043e-6
2023,SLB,Islas Salomón,117741936.160736,7.67250110891e-6
1970,SLE,Sierra Leona,65887250.843856104,2.344643379146e-5
1971,SLE,Sierra Leona,69114500.0734131,2.384343904894e-5
1972,SLE,Sierra Leona,72628796.8625728,2.356052297397e-5
1973,SLE,Sierra Leona,78485957.8085467,2.335612979205e-5
1974,SLE,Sierra Leona,85514550.8944764,2.51181231808e-5
1975,SLE,Sierra Leona,90200279.4542997,2.729469875251e-5
1976,SLE,Sierra Leona,89028847.5605387,2.517198472045e-5
1977,SLE,Sierra Leona,89028847.5605387,2.422388997032e-5
1978,SLE,Sierra Leona,93714576.2434594,2.46490876627e-5
1979,SLE,Sierra Leona,93714576.2434594,2.368187671806e-5
1980,SLE,Sierra Leona,94886008.62961,2.394618588673e-5
1981,SLE,Sierra Leona,107771762.661514,2.68610525764e-5
1982,SLE,Sierra Leona,107771762.661514,2.734076326839e-5
1983,SLE,Sierra Leona,101914601.592442,2.537657194988e-5
1984,SLE,Sierra Leona,97228872.9095217,2.296369623644e-5
1985,SLE,Sierra Leona,85918669.5206745,1.947922425893e-5
1986,SLE,Sierra Leona,77948838.2011994,1.731005794863e-5
1987,SLE,Sierra Leona,78337610.1484388,1.6631247064e-5
1988,SLE,Sierra Leona,74838660.1613351,1.504617574375e-5
1989,SLE,Sierra Leona,63758650.4327035,1.245978881622e-5
1990,SLE,Sierra Leona,79115154.9045997,1.529955981843e-5
1991,SLE,Sierra Leona,73414417.7945333,1.422753437333e-5
1992,SLE,Sierra Leona,66346912.0125825,1.292629810279e-5
1993,SLE,Sierra Leona,65707659.7034428,1.288796476572e-5
1994,SLE,Sierra Leona,68810092.3302859,1.300724367659e-5
1995,SLE,Sierra Leona,60956381.5190973,1.096958788716e-5
1996,SLE,Sierra Leona,46884195.4337229,8.23166553258e-6
1997,SLE,Sierra Leona,39267122.1867061,6.58141731765e-6
1998,SLE,Sierra Leona,39065343.5972827,6.45728021543e-6
1999,SLE,Sierra Leona,35710609.2590524,5.70783318139e-6
2000,SLE,Sierra Leona,34604142.0308545,5.19718606329e-6
2001,SLE,Sierra Leona,45519129.1992137,6.8888368699e-6
2002,SLE,Sierra Leona,51323077.467605,7.664952316e-6
2003,SLE,Sierra Leona,50759284.8642112,7.32016135209e-6
2004,SLE,Sierra Leona,51315612.5936134,6.12677550387e-6
2005,SLE,Sierra Leona,53125486.8154636,6.07650165706e-6
2006,SLE,Sierra Leona,61843162.0677128,6.62692490128e-6
2007,SLE,Sierra Leona,62549479.5768602,6.3194005826e-6
2008,SLE,Sierra Leona,63484243.8706779,6.32905934451e-6
2009,SLE,Sierra Leona,59163700.6837619,6.27514639492e-6
2010,SLE,Sierra Leona,64544057.1751462,6.2620159288e-6
2011,SLE,Sierra Leona,74210549.1538548,6.89831887716e-6
2012,SLE,Sierra Leona,77194230.0649715,7.00981449301e-6
2013,SLE,Sierra Leona,79084898.9118303,6.94978480404e-6
2014,SLE,Sierra Leona,73453228.8120821,6.18868219415e-6
2015,SLE,Sierra Leona,116931535.172728,9.49792674375e-6
2016,SLE,Sierra Leona,187368400.215208,1.481799939553e-5
2017,SLE,Sierra Leona,294538721.541657,2.250064854415e-5
2018,SLE,Sierra Leona,438478317.794343,3.218501555342e-5
2019,SLE,Sierra Leona,466029737.0591,3.36899681075e-5
2020,SLE,Sierra Leona,467302933.716453,3.450926153699e-5
2021,SLE,Sierra Leona,484938363.081143,3.279188001192e-5
2022,SLE,Sierra Leona,495140062.102521,3.277302227733e-5
2023,SLE,Sierra Leona,505121539.832204,3.291559236131e-5
1970,SLV,El Salvador,1611417237.2404,5.7343396604785e-4
1971,SLV,El Salvador,1725467315.72442,5.9525967387057e-4
1972,SLV,El Salvador,1791689942.40438,5.8121783471285e-4
1973,SLV,El Salvador,1920456159.35248,5.7149615765925e-4
1974,SLV,El Salvador,2030827203.47703,5.9651331056873e-4
1975,SLV,El Salvador,2126482108.11132,6.4347570644635e-4
1976,SLV,El Salvador,2314112881.99426,6.5429145387238e-4
1977,SLV,El Salvador,2435521030.22341,6.6268176072278e-4
1978,SLV,El Salvador,2542213038.96231,6.6866046421497e-4
1979,SLV,El Salvador,2417125856.37368,6.1081294753956e-4
1980,SLV,El Salvador,2155914386.06566,5.440836577512e-4
1981,SLV,El Salvador,1931493264.48326,4.8140571191363e-4
1982,SLV,El Salvador,1769615733.169,4.4893619294835e-4
1983,SLV,El Salvador,1806406081.89464,4.4979221025887e-4
1984,SLV,El Salvador,1828480290.10384,4.3185387940626e-4
1985,SLV,El Salvador,1894702916.7838,4.2956138899707e-4
1986,SLV,El Salvador,1942530368.58786,4.3137670840527e-4
1987,SLV,El Salvador,2001394925.5227,4.2490054797369e-4
1988,SLV,El Salvador,2060259481.43136,4.1421140047844e-4
1989,SLV,El Salvador,2111765968.62107,4.1268373498732e-4
1990,SLV,El Salvador,2177988595.30103,4.2118689949937e-4
1991,SLV,El Salvador,2244136217.82491,4.3490810302277e-4
1992,SLV,El Salvador,2361189997.72523,4.6002812884726e-4
1993,SLV,El Salvador,2536339694.60403,4.9748015323481e-4
1994,SLV,El Salvador,2680594492.97708,5.0671557888528e-4
1995,SLV,El Salvador,2792881067.16746,5.0260126275865e-4
1996,SLV,El Salvador,2776691707.76433,4.8751604275134e-4
1997,SLV,El Salvador,2929962552.44502,4.9108020167715e-4
1998,SLV,El Salvador,3078508194.8104,5.0885998250318e-4
1999,SLV,El Salvador,3122179975.52248,4.9903608009846e-4
2000,SLV,El Salvador,3181335189.3396,4.7780381013228e-4
2001,SLV,El Salvador,3228747713.4441,4.8863668271538e-4
2002,SLV,El Salvador,3241980665.7838,4.8418038120017e-4
2003,SLV,El Salvador,3241102111.19825,4.6740986355595e-4
2004,SLV,El Salvador,3191313305.48424,3.8102361439333e-4
2005,SLV,El Salvador,3154506284.49357,3.6081293205891e-4
2006,SLV,El Salvador,3245610991.72127,3.4778978923143e-4
2007,SLV,El Salvador,3314037392.81195,3.3481861036373e-4
2008,SLV,El Salvador,3493304136.58233,3.4826482668524e-4
2009,SLV,El Salvador,3348823322.14189,3.5519002960139e-4
2010,SLV,El Salvador,3411658414.86049,3.3099653589347e-4
2011,SLV,El Salvador,3553821894.26129,3.3034921502091e-4
2012,SLV,El Salvador,3607143843.03666,3.2755568865753e-4
2013,SLV,El Salvador,3635669510.78125,3.194936209846e-4
2014,SLV,El Salvador,3727257022.05313,3.1403397152806e-4
2015,SLV,El Salvador,3840938362,3.1198556604656e-4
2016,SLV,El Salvador,3891256331.26565,3.0773937279897e-4
2017,SLV,El Salvador,3940456123.82417,3.0102262236266e-4
2018,SLV,El Salvador,3959465135.02853,2.9063112537738e-4
2019,SLV,El Salvador,4036619355.52695,2.9181308945656e-4
2020,SLV,El Salvador,3465230853.97674,2.5589943738406e-4
2021,SLV,El Salvador,3871874594.83429,2.618189378302e-4
2022,SLV,El Salvador,3809629402.91255,2.5215707402039e-4
2023,SLV,El Salvador,3681411760.64216,2.3989443979701e-4
1970,SMR,San Marino,208630795.039091,7.424271099635e-5
1971,SMR,San Marino,212423928.708717,7.328298680196e-5
1972,SMR,San Marino,220263401.694646,7.14526628573e-5
1973,SMR,San Marino,235959071.174574,7.021753758054e-5
1974,SMR,San Marino,248937154.057129,7.312011855855e-5
1975,SMR,San Marino,243733951.70822,7.375414830069e-5
1976,SMR,San Marino,261100954.106327,7.382359097472e-5
1977,SMR,San Marino,267786441.340866,7.286210557959e-5
1978,SMR,San Marino,276463045.149314,7.271613561673e-5
1979,SMR,San Marino,292938045.049008,7.402607947411e-5
1980,SMR,San Marino,302985774.411269,7.646389367487e-5
1981,SMR,San Marino,305543456.931814,7.615370351506e-5
1982,SMR,San Marino,306807840.129573,7.783449317995e-5
1983,SMR,San Marino,310394262.763181,7.728767241167e-5
1984,SMR,San Marino,320406557.10274,7.567421722886e-5
1985,SMR,San Marino,329375471.369636,7.467502357745e-5
1986,SMR,San Marino,338789775.050077,7.523486909947e-5
1987,SMR,San Marino,349603993.02015,7.422169723412e-5
1988,SMR,San Marino,364285845.297644,7.323900290966e-5
1989,SMR,San Marino,376591146.582884,7.359387509993e-5
1990,SMR,San Marino,384089727.276553,7.427658790785e-5
1991,SMR,San Marino,390075828.167913,7.559574018549e-5
1992,SMR,San Marino,393112244.22686,7.658963925514e-5
1993,SMR,San Marino,427736228.844741,8.3896603094e-5
1994,SMR,San Marino,457890902.783363,8.655559596128e-5
1995,SMR,San Marino,499033549.895322,8.980507451063e-5
1996,SMR,San Marino,525230235.056975,9.221699514293e-5
1997,SMR,San Marino,552133648.589741,9.254108154929e-5
1998,SMR,San Marino,585878914.708696,9.68424689563e-5
1999,SMR,San Marino,654121592.019705,1.0455203663736e-4
2000,SMR,San Marino,663620195.507686,9.966892484539e-5
2001,SMR,San Marino,662172184.443143,1.0021272899255e-4
2002,SMR,San Marino,656541801.98787,9.805260818342e-5
2003,SMR,San Marino,635542978.627614,9.165371738765e-5
2004,SMR,San Marino,639824736.872606,7.639122533112e-5
2005,SMR,San Marino,631784312.312676,7.22635904309e-5
2006,SMR,San Marino,646562247.899331,6.928364135304e-5
2007,SMR,San Marino,675767340.643003,6.827306246273e-5
2008,SMR,San Marino,595205425.177582,5.933898284745e-5
2009,SMR,San Marino,470725048.111298,4.992704233373e-5
2010,SMR,San Marino,486441762.533153,4.719421428917e-5
2011,SMR,San Marino,440811158.146802,4.097606025259e-5
2012,SMR,San Marino,406914296.422068,3.695086705411e-5
2013,SMR,San Marino,424996837.869786,3.734766821774e-5
2014,SMR,San Marino,404602819.266311,3.408915174721e-5
2015,SMR,San Marino,405212391.319174,3.291394064677e-5
2016,SMR,San Marino,417881954.691625,3.304812628444e-5
2017,SMR,San Marino,421180238.863304,3.2175153334e-5
2018,SMR,San Marino,477323729.400634,3.503633140187e-5
2019,SMR,San Marino,464043474.420177,3.354637828986e-5
2020,SMR,San Marino,446774141.571833,3.299325680849e-5
2021,SMR,San Marino,529854195.008285,3.582912078997e-5
2022,SMR,San Marino,586882991.536402,3.884543148081e-5
2023,SMR,San Marino,582302134.45812,3.79449660676e-5
1970,SOM,Somalia,22835226.745317,8.12607333194e-6
1971,SOM,Somalia,26219301.8065304,9.04525568246e-6
1972,SOM,Somalia,27017559.9230908,8.7644001934e-6
1973,SOM,Somalia,25331763.839688,7.53831616025e-6
1974,SOM,Somalia,20434907.5739815,6.00232966509e-6
1975,SOM,Somalia,18860330.464556,5.70715569305e-6
1976,SOM,Somalia,24598675.4853971,6.95502076493e-6
1977,SOM,Somalia,29754351.7739428,8.0958718804e-6
1978,SOM,Somalia,25148414.9668057,6.61461119436e-6
1979,SOM,Somalia,30122826.7185407,7.61210365925e-6
1980,SOM,Somalia,32886388.8027632,8.29946997231e-6
1981,SOM,Somalia,27359264.6342061,6.81902780136e-6
1982,SOM,Somalia,34082688.5696474,8.64648305567e-6
1983,SOM,Somalia,27635620.8426358,6.88122516042e-6
1984,SOM,Somalia,25609008.6474596,6.04838334435e-6
1985,SOM,Somalia,27543829.814171,6.24465486829e-6
1986,SOM,Somalia,30491030.8338412,6.77112735516e-6
1987,SOM,Somalia,31688651.0324719,6.72757036431e-6
1988,SOM,Somalia,29175845.0972988,5.8657502935e-6
1989,SOM,Somalia,24269977.493268,4.74286692219e-6
1990,SOM,Somalia,25342628.5363312,4.90084436686e-6
1991,SOM,Somalia,30529584.1392414,5.91655863784e-6
1992,SOM,Somalia,25693202.7400457,5.00577928586e-6
1993,SOM,Somalia,27360853.1124104,5.36658454226e-6
1994,SOM,Somalia,22189270.4448052,4.1944609854e-6
1995,SOM,Somalia,24146524.4664457,4.34536000502e-6
1996,SOM,Somalia,27393270.5975662,4.80955766259e-6
1997,SOM,Somalia,30955125.1817444,5.18827419978e-6
1998,SOM,Somalia,35055142.8111036,5.79441672027e-6
1999,SOM,Somalia,38569925.5614331,6.16485424055e-6
2000,SOM,Somalia,45218988.634771,6.79142679854e-6
2001,SOM,Somalia,42461899.005766,6.42615754262e-6
2002,SOM,Somalia,49035732.178768,7.32334395122e-6
2003,SOM,Somalia,56542878.9036041,8.15423223541e-6
2004,SOM,Somalia,61913876.0255225,7.39214441396e-6
2005,SOM,Somalia,68391459.3482507,7.82262603074e-6
2006,SOM,Somalia,71273438.4566115,7.63744459882e-6
2007,SOM,Somalia,76576925.1516535,7.73659938805e-6
2008,SOM,Somalia,82155691.1789179,8.19050859328e-6
2009,SOM,Somalia,87365361.7483254,9.26633101852e-6
2010,SOM,Somalia,93497954.3171697,9.07110127359e-6
2011,SOM,Somalia,99901168.4538728,9.2864171476e-6
2012,SOM,Somalia,104027070.835717,9.44643748887e-6
2013,SOM,Somalia,101002117.949712,8.87581566343e-6
2014,SOM,Somalia,117615784.552215,9.90952642084e-6
2015,SOM,Somalia,144083302.699891,1.170336686352e-5
2016,SOM,Somalia,169454576.064377,1.340128753199e-5
2017,SOM,Somalia,184033449.54123,1.405883731287e-5
2018,SOM,Somalia,190258933.391863,1.396531249526e-5
2019,SOM,Somalia,195693495.764118,1.414696768653e-5
2020,SOM,Somalia,190031596.04455101,1.403340226443e-5
2021,SOM,Somalia,196775041.482493,1.330606947373e-5
2022,SOM,Somalia,202122349.22365,1.337835647094e-5
2023,SOM,Somalia,210594629.452186,1.372312687127e-5
1990,SRB,Serbia,7313814925.92345,0.00141437059808672
1991,SRB,Serbia,6484340992.44634,0.00125664940389002
1992,SRB,Serbia,4622176637.54518,9.0053374434922e-4
1993,SRB,Serbia,3232407111.42235,6.340074984943e-4
1994,SRB,Serbia,3362204916.13817,6.3556110962526e-4
1995,SRB,Serbia,3401923097.68942,6.1220324231014e-4
1996,SRB,Serbia,3782271944.32938,6.6407021195504e-4
1997,SRB,Serbia,4214020724.38625,7.0629644924178e-4
1998,SRB,Serbia,4538435187.29766,7.5017765224509e-4
1999,SRB,Serbia,3910718015.1349,6.2507267484373e-4
2000,SRB,Serbia,4428532206.062,6.6511996863468e-4
2001,SRB,Serbia,4637490962.00146,7.0183501496863e-4
2002,SRB,Serbia,5041351126.50165,7.5291112496606e-4
2003,SRB,Serbia,5127699595.88343,7.3948221507335e-4
2004,SRB,Serbia,5547595760.27977,6.6234956754088e-4
2005,SRB,Serbia,5677228115.73325,6.4936225756604e-4
2006,SRB,Serbia,5691456306.97328,6.0987912429159e-4
2007,SRB,Serbia,6026892798.9593,6.0889954836826e-4
2008,SRB,Serbia,6236905039.1078,6.2178801718142e-4
2009,SRB,Serbia,5448275550.01692,5.7786660200673e-4
2010,SRB,Serbia,5487185119.12697,5.3236257719298e-4
2011,SRB,Serbia,5569217004.85036,5.1769236629566e-4
2012,SRB,Serbia,5705288690.10768,5.1808296181087e-4
2013,SRB,Serbia,6068447659.99526,5.3328013200814e-4
2014,SRB,Serbia,5679265563.63911,4.7849727286306e-4
2015,SRB,Serbia,5856361131.19555,4.7569108647131e-4
2016,SRB,Serbia,6030855675.31167,4.7694923823173e-4
2017,SRB,Serbia,6302895123.37514,4.8149603977163e-4
2018,SRB,Serbia,6396028725.84382,4.6947882179664e-4
2019,SRB,Serbia,6399962136.32897,4.6266257948005e-4
2020,SRB,Serbia,6432495484.73425,4.7502519886372e-4
2021,SRB,Serbia,6767706286.04487,4.5763715429293e-4
2022,SRB,Serbia,6899050158.52885,4.5664397176391e-4
2023,SRB,Serbia,7129600886.78188,4.6459122801642e-4
2008,SSD,Sudán del Sur,125025918.40254,1.246445431064e-5
2009,SSD,Sudán del Sur,207656612.735305,2.20249178082e-5
2010,SSD,Sudán del Sur,178477378.346236,1.731574113945e-5
2011,SSD,Sudán del Sur,227430036.107036,2.114099584491e-5
2012,SSD,Sudán del Sur,106154306.901144,9.63960646262e-6
2013,SSD,Sudán del Sur,116590932.103459,1.024572199459e-5
2014,SSD,Sudán del Sur,122156635.922863,1.029210845948e-5
2015,SSD,Sudán del Sur,150452801.202312,1.222073824739e-5
2016,SSD,Sudán del Sur,145293866.791873,1.149054177665e-5
2017,SSD,Sudán del Sur,134822213.318698,1.029945136568e-5
2018,SSD,Sudán del Sur,131013108.108219,9.61657338811e-6
2019,SSD,Sudán del Sur,153325288.553778,1.108410831044e-5
2020,SSD,Sudán del Sur,180309702.907182,1.331546251121e-5
2021,SSD,Sudán del Sur,168587703.960768,1.140002148859e-5
2022,SSD,Sudán del Sur,162592699.457334,1.076191277841e-5
2023,SSD,Sudán del Sur,236236673.963287,1.539405756395e-5
1970,STP,Santo Tomé y Príncipe,6066526.66295872,2.15881546013e-6
1971,STP,Santo Tomé y Príncipe,6392622.53932742,2.20535641171e-6
1972,STP,Santo Tomé y Príncipe,6539079.53481813,2.12125410669e-6
1973,STP,Santo Tomé y Príncipe,6643201.47857238,1.976907466e-6
1974,STP,Santo Tomé y Príncipe,7020786.16419108,2.0622101134e-6
1975,STP,Santo Tomé y Príncipe,7398370.34309749,2.2387545914e-6
1976,STP,Santo Tomé y Príncipe,7519655.89888478,2.12610483653e-6
1977,STP,Santo Tomé y Príncipe,9280573.49615249,2.52515445714e-6
1978,STP,Santo Tomé y Príncipe,9549456.57234258,2.51172658105e-6
1979,STP,Santo Tomé y Príncipe,11110146.4705249,2.80755811509e-6
1980,STP,Santo Tomé y Príncipe,10990002.030814,2.77352409829e-6
1981,STP,Santo Tomé y Príncipe,9856491.87476967,2.45663372231e-6
1982,STP,Santo Tomé y Príncipe,10161367.4005139,2.57785094833e-6
1983,STP,Santo Tomé y Príncipe,9767686.4078484,2.43213821218e-6
1984,STP,Santo Tomé y Príncipe,9178614.96051914,2.16782237124e-6
1985,STP,Santo Tomé y Príncipe,10032392.2323742,2.27451401701e-6
1986,STP,Santo Tomé y Príncipe,9447068.42913961,2.09790557148e-6
1987,STP,Santo Tomé y Príncipe,9526038.44161359,2.02239892898e-6
1988,STP,Santo Tomé y Príncipe,9620257.62263808,1.93413519935e-6
1989,STP,Santo Tomé y Príncipe,9708606.03507403,1.89726696026e-6
1990,STP,Santo Tomé y Príncipe,9780880.0979957,1.89146011679e-6
1991,STP,Santo Tomé y Príncipe,9861548.69451683,1.91114398561e-6
1992,STP,Santo Tomé y Príncipe,9960789.64768844,1.94065002303e-6
1993,STP,Santo Tomé y Príncipe,10113945.4641011,1.98375917468e-6
1994,STP,Santo Tomé y Príncipe,10156585.3877319,1.91990995196e-6
1995,STP,Santo Tomé y Príncipe,10384132.8177249,1.86870766829e-6
1996,STP,Santo Tomé y Príncipe,10553361.3790629,1.85290032842e-6
1997,STP,Santo Tomé y Príncipe,10713158.2511965,1.79559288572e-6
1998,STP,Santo Tomé y Príncipe,10762113.3300939,1.77891642779e-6
1999,STP,Santo Tomé y Príncipe,11176558.9701313,1.78641405081e-6
2000,STP,Santo Tomé y Príncipe,11588074.2085453,1.74040950714e-6
2001,STP,Santo Tomé y Príncipe,11457286.6149974,1.73393867261e-6
2002,STP,Santo Tomé y Príncipe,11974077.2432411,1.78829360253e-6
2003,STP,Santo Tomé y Príncipe,12381745.7753078,1.78561177798e-6
2004,STP,Santo Tomé y Príncipe,12720068.6192271,1.51869968777e-6
2005,STP,Santo Tomé y Príncipe,13174538.2806997,1.50690579028e-6
2006,STP,Santo Tomé y Príncipe,13831063.0991305,1.48209459863e-6
2007,STP,Santo Tomé y Príncipe,14280084.7589683,1.44272304991e-6
2008,STP,Santo Tomé y Príncipe,15373819.7737638,1.53269239369e-6
2009,STP,Santo Tomé y Príncipe,17385467.5638949,1.84397447838e-6
2010,STP,Santo Tomé y Príncipe,18222725.1705851,1.76795510351e-6
2011,STP,Santo Tomé y Príncipe,19480216.1695378,1.81080378013e-6
2012,STP,Santo Tomé y Príncipe,19189532.2193433,1.74255330938e-6
2013,STP,Santo Tomé y Príncipe,20346525.2808377,1.78800218698e-6
2014,STP,Santo Tomé y Príncipe,19617450.7479997,1.65283637087e-6
2015,STP,Santo Tomé y Príncipe,20269672.5656663,1.64643237484e-6
2016,STP,Santo Tomé y Príncipe,22571037.5833951,1.78502682887e-6
2017,STP,Santo Tomé y Príncipe,22788054.9408437,1.74084416658e-6
2018,STP,Santo Tomé y Príncipe,22454873.8754322,1.64822394996e-6
2019,STP,Santo Tomé y Príncipe,22708902.4274934,1.64165961461e-6
2020,STP,Santo Tomé y Príncipe,23465423.8760238,1.73286831985e-6
2021,STP,Santo Tomé y Príncipe,24162659.7333026,1.63389638573e-6
2022,STP,Santo Tomé y Príncipe,24494206.8204839,1.62125678618e-6
2023,STP,Santo Tomé y Príncipe,24850469.8974723,1.61934875595e-6
1970,SUR,Suriname,384022526.04878,1.3665707122569e-4
1971,SUR,Suriname,399645671.121951,1.3787160712225e-4
1972,SUR,Suriname,415856511.219512,1.3490237081863e-4
1973,SUR,Suriname,436277978.926829,1.2982914887892e-4
1974,SUR,Suriname,450433157.560975,1.3230538449878e-4
1975,SUR,Suriname,468542169.658536,1.4178134980346e-4
1976,SUR,Suriname,503758807.317073,1.4243258615649e-4
1977,SUR,Suriname,495714397.756097,1.3487910218969e-4
1978,SUR,Suriname,527355742.243902,1.3870668193849e-4
1979,SUR,Suriname,497680809.07317,1.2576502010529e-4
1980,SUR,Suriname,445302763.902439,1.1238013817093e-4
1981,SUR,Suriname,457816290.146341,1.1410621053473e-4
1982,SUR,Suriname,382556368.975609,9.705123923627e-5
1983,SUR,Suriname,346088378.634146,8.617544987862e-5
1984,SUR,Suriname,335183734.536585,7.916431850916e-5
1985,SUR,Suriname,356832134.634146,8.089991630583e-5
1986,SUR,Suriname,366592684.682926,8.140904677795e-5
1987,SUR,Suriname,284861483.121951,6.047671987751e-5
1988,SUR,Suriname,318826768.097561,6.409953858431e-5
1989,SUR,Suriname,323492525.853658,6.321728155177e-5
1990,SUR,Suriname,326495772,6.313887143625e-5
1991,SUR,Suriname,335805134.04878,6.50782125766e-5
1992,SUR,Suriname,285172842.731707,5.555992078837e-5
1993,SUR,Suriname,227458513.463414,4.461393573308e-5
1994,SUR,Suriname,233846611.02439,4.420426930892e-5
1995,SUR,Suriname,229971609.073171,4.138522849311e-5
1996,SUR,Suriname,240937006.243902,4.230237570412e-5
1997,SUR,Suriname,241535534.04878,4.048287875689e-5
1998,SUR,Suriname,246718574.04878,4.078118404404e-5
1999,SUR,Suriname,224625083.121951,3.590312597345e-5
2000,SUR,Suriname,359540052,5.399921621475e-5
2001,SUR,Suriname,404100162.439024,6.115626874059e-5
2002,SUR,Suriname,389782732.682926,5.82129172106e-5
2003,SUR,Suriname,411002628.292683,5.927202408948e-5
2004,SUR,Suriname,455358794.341463,5.436710127069e-5
2005,SUR,Suriname,501949559.121951,5.74130706484e-5
2006,SUR,Suriname,510740269.463414,5.472937179525e-5
2007,SUR,Suriname,520509796.975609,5.258732664938e-5
2008,SUR,Suriname,584167462.829268,5.823855359941e-5
2009,SUR,Suriname,531421585.756097,5.636476774618e-5
2010,SUR,Suriname,611635397.268292,5.934040666082e-5
2011,SUR,Suriname,639676353.365853,5.946178156623e-5
2012,SUR,Suriname,538169741.268292,4.886984492067e-5
2013,SUR,Suriname,601183053.07317,5.283047590859e-5
2014,SUR,Suriname,567412052.487804,4.780637859996e-5
2015,SUR,Suriname,589243902.439024,4.786215635759e-5
2016,SUR,Suriname,615853463.414634,4.870467078833e-5
2017,SUR,Suriname,750401560.975609,5.732530413019e-5
2018,SUR,Suriname,794302243.902438,5.830306548045e-5
2019,SUR,Suriname,740082731.707316,5.350165803898e-5
2020,SUR,Suriname,751285170.731707,5.548070550179e-5
2021,SUR,Suriname,603035707.317073,4.077770715355e-5
2022,SUR,Suriname,614126341.463414,4.064865239224e-5
2023,SUR,Suriname,589997980.682926,3.844645594129e-5
1990,SVK,Eslovaquia,4713540052.28423,9.1152053071854e-4
1991,SVK,Eslovaquia,4086039585.44894,7.9186446476317e-4
1992,SVK,Eslovaquia,2544929269.95773,4.9582585528279e-4
1993,SVK,Eslovaquia,2102317744.36385,4.1235066258649e-4
1994,SVK,Eslovaquia,2369575541.17481,4.4792334133511e-4
1995,SVK,Eslovaquia,3135520984.58227,5.6426205354157e-4
1996,SVK,Eslovaquia,3188953930.57603,5.5989874439554e-4
1997,SVK,Eslovaquia,3407084287.81282,5.7104881350581e-4
1998,SVK,Eslovaquia,3971198918.68332,6.5641670718447e-4
1999,SVK,Eslovaquia,3951693726.50609,6.3162205974218e-4
2000,SVK,Eslovaquia,4463470540.34514,6.703673469355e-4
2001,SVK,Eslovaquia,5204126120.70276,7.8758922955307e-4
2002,SVK,Eslovaquia,5354437085.13164,7.9966960209018e-4
2003,SVK,Eslovaquia,6261624497.40921,9.0300920846046e-4
2004,SVK,Eslovaquia,7555235227.66941,9.0204964491935e-4
2005,SVK,Eslovaquia,8549699425.89885,9.7791598426827e-4
2006,SVK,Eslovaquia,9608534051.13543,0.00102962124573506
2007,SVK,Eslovaquia,10572878485.199,0.0010681824199199
2008,SVK,Eslovaquia,10873216806.4594,0.00108400494733832
2009,SVK,Eslovaquia,9211519529.58045,9.7701179777165e-4
2010,SVK,Eslovaquia,11722225359.8396,0.00113728149634471
2011,SVK,Eslovaquia,12302191212.3439,0.00114356299526367
2012,SVK,Eslovaquia,12297717222.8296,0.00111672486851771
2013,SVK,Eslovaquia,12231992489.8798,0.00107491716748709
2014,SVK,Eslovaquia,14859169693.4127,0.00125193514823977
2015,SVK,Eslovaquia,16791218302.4785,0.00136389008439656
2016,SVK,Eslovaquia,16563120253.5034,0.00130989166595184
2017,SVK,Eslovaquia,16728089588.1357,0.00127790622118416
2018,SVK,Eslovaquia,18819678623.8549,0.00138139475690881
2019,SVK,Eslovaquia,19889888356.8095,0.00143786898370781
2020,SVK,Eslovaquia,17573506840.8161,0.00129776361314252
2021,SVK,Eslovaquia,18183684868.9506,0.00122959381602379
2022,SVK,Eslovaquia,17276264834.7111,0.00114350555657505
2023,SVK,Eslovaquia,20668479374.3733,0.0013468347480116
1990,SVN,Eslovenia,5460158671.59545,0.00105590419831655
1991,SVN,Eslovenia,4792246787.97265,9.287256910787e-4
1992,SVN,Eslovenia,4138517016.93092,8.0630285632898e-4
1993,SVN,Eslovenia,4054588834.15494,7.9527102730396e-4
1994,SVN,Eslovenia,4351584646.44977,8.2258459419022e-4
1995,SVN,Eslovenia,4458571139.50378,8.0235549990196e-4
1996,SVN,Eslovenia,4697051863.34528,8.2468216785205e-4
1997,SVN,Eslovenia,5054837942.49153,8.4722271763255e-4
1998,SVN,Eslovenia,5141252895.87656,8.4982000796698e-4
1999,SVN,Eslovenia,5302501481.56784,8.4752947454129e-4
2000,SVN,Eslovenia,5764605691.64417,8.6578445823862e-4
2001,SVN,Eslovenia,6037122950.73468,9.1365445479331e-4
2002,SVN,Eslovenia,6337847338.47896,9.4653906259227e-4
2003,SVN,Eslovenia,6740053895.84017,9.7200506609455e-4
2004,SVN,Eslovenia,7138022134.64125,8.5223691095662e-4
2005,SVN,Eslovenia,7405814874.66443,8.4707828681412e-4
2006,SVN,Eslovenia,7922101069.28264,8.4890822350054e-4
2007,SVN,Eslovenia,8624688299.37662,8.71355935054e-4
2008,SVN,Eslovenia,8710925770.82844,8.6843542252053e-4
2009,SVN,Eslovenia,7344794836.20263,7.7901926866013e-4
2010,SVN,Eslovenia,7883587489.7746,7.6485973453917e-4
2011,SVN,Eslovenia,8102125243.71183,7.5314148933108e-4
2012,SVN,Eslovenia,7878996707.09358,7.1547193697433e-4
2013,SVN,Eslovenia,7858982494.44147,6.9062789314536e-4
2014,SVN,Eslovenia,8234940473.77813,6.9382150116742e-4
2015,SVN,Eslovenia,8534971182.13554,6.9326491718631e-4
2016,SVN,Eslovenia,8995443058.37538,7.1140314828167e-4
2017,SVN,Eslovenia,9697815310.35307,7.4084362423458e-4
2018,SVN,Eslovenia,10055562643.4435,7.3809451218863e-4
2019,SVN,Eslovenia,10765019174.2766,7.7821890711683e-4
2020,SVN,Eslovenia,10512376142.0881,7.7631512983984e-4
2021,SVN,Eslovenia,11451214323.0034,7.7433932775478e-4
2022,SVN,Eslovenia,11063672522.8424,7.3229781593635e-4
2023,SVN,Eslovenia,11212713601.1976,7.3066199133738e-4
1970,SVU,Unión Soviética,109366897232.135,0.0389189665995955
1971,SVU,Unión Soviética,115424140770.602,0.0398195525152872
1972,SVU,Unión Soviética,123500465489.675,0.0400631110545899
1973,SVU,Unión Soviética,130230736088.343,0.0387545245025111
1974,SVU,Unión Soviética,139316601397.3,0.040921358042872
1975,SVU,Unión Soviética,151094574945.389,0.04572137615564
1976,SVU,Unión Soviética,157824845544.057,0.0446233407417945
1977,SVU,Unión Soviética,164555116142.726,0.044773858549438
1978,SVU,Unión Soviética,171958413801.597,0.0452290154428523
1979,SVU,Unión Soviética,172294927331.279,0.0435393019076054
1980,SVU,Unión Soviética,179361711460.467,0.0452651444151342
1981,SVU,Unión Soviética,186091982059.136,0.0463815974675761
1982,SVU,Unión Soviética,191139685008.556,0.0484904834991623
1983,SVU,Unión Soviética,203254172086.327,0.050609962080707
1984,SVU,Unión Soviética,210993983274.88,0.049832951824415
1985,SVU,Unión Soviética,220416362113.519,0.0499721396048121
1986,SVU,Unión Soviética,238924606260.277,0.053057863018383
1987,SVU,Unión Soviética,252385147458.452,0.0535819223322503
1988,SVU,Unión Soviética,267528256305.875,0.053786066614787
1989,SVU,Unión Soviética,288392095162.083,0.056357915006094
1990,SVU,Unión Soviética,265509175126.107,0.051345074304462
1970,SWE,Suecia,24386094621.3458,0.00867796038913195
1971,SWE,Suecia,24543379212.2853,0.0084670881751551
1972,SWE,Suecia,24691519350.229,0.00800984091770473
1973,SWE,Suecia,26438941178.8683,0.00786779392110505
1974,SWE,Suecia,27867803519.2393,0.0081855884671423
1975,SWE,Suecia,27960744413.821,0.00846095045701065
1976,SWE,Suecia,27967394925.051,0.00790749130213789
1977,SWE,Suecia,26364289190.2783,0.00717346857777522
1978,SWE,Suecia,25651520647.9003,0.00674693955281037
1979,SWE,Suecia,27302177538.0987,0.00689931949233029
1980,SWE,Suecia,28996907530.8489,0.00731788962253221
1981,SWE,Suecia,27941328108.1802,0.00696410140126969
1982,SWE,Suecia,27692379982.6222,0.00702531708441272
1983,SWE,Suecia,29277545975.0852,0.00729006187870962
1984,SWE,Suecia,31991636376.2418,0.0075558442453049
1985,SWE,Suecia,32744034818.9391,0.0074236298226995
1986,SWE,Suecia,33008828103.8907,0.0073302532851124
1987,SWE,Suecia,33747831794.014,0.00716473897247216
1988,SWE,Suecia,34903872570.7954,0.00701735974034984
1989,SWE,Suecia,35067551130.6858,0.00685294118406506
1990,SWE,Suecia,34399768882.7076,0.00665234520991614
1991,SWE,Suecia,32793203783.1744,0.00635524258113126
1992,SWE,Suecia,31229926837.2601,0.00608449333633571
1993,SWE,Suecia,31304251938.7178,0.0061400466524678
1994,SWE,Suecia,36131406143.0039,0.0068299574693814
1995,SWE,Suecia,40984496384.4181,0.00737548758466371
1996,SWE,Suecia,42553299705.8219,0.0074712710167228
1997,SWE,Suecia,45864503437.4734,0.00768718002184081
1998,SWE,Suecia,49983865368.0364,0.00826205007331065
1999,SWE,Suecia,53976053536.7157,0.00862730476376205
2000,SWE,Suecia,58865868334.9035,0.00884104770582228
2001,SWE,Suecia,58461462310.6099,0.00884752156113037
2002,SWE,Suecia,61821050918.248,0.00923279411123699
2003,SWE,Suecia,63242956012.5574,0.00912047211921265
2004,SWE,Suecia,66719038837.3795,0.00796585195285628
2005,SWE,Suecia,68665331371.4356,0.00785395155644846
2006,SWE,Suecia,73503274095.3674,0.00787638699482307
2007,SWE,Suecia,76288455763.0833,0.00770745520276629
2008,SWE,Suecia,73116630987.2581,0.00728935982181587
2009,SWE,Suecia,57138397492.2462,0.00606033437549834
2010,SWE,Suecia,70111210953.8464,0.00680213700525726
2011,SWE,Suecia,74071578438.3183,0.00688540070957755
2012,SWE,Suecia,68819639894.8524,0.00624933895620446
2013,SWE,Suecia,65971579683.343,0.00579741882825213
2014,SWE,Suecia,64648296915.0875,0.00544683699370621
2015,SWE,Suecia,69048487281.2755,0.00560855951301717
2016,SWE,Suecia,70307365856.4948,0.00556024657074923
2017,SWE,Suecia,72452319716.9555,0.00553483825022005
2018,SWE,Suecia,74614491618.8708,0.00547682399746591
2019,SWE,Suecia,73756640844.6216,0.00533197493673463
2020,SWE,Suecia,69164218673.8381,0.00510762064392671
2021,SWE,Suecia,82433335013.3833,0.00557420125223072
2022,SWE,Suecia,86411683363.9313,0.00571953723938798
2023,SWE,Suecia,81617766518.1495,0.00531851627836916
1970,SWZ,Eswatini,40377804.184401,1.436872081213e-5
1971,SWZ,Eswatini,41819219.2004946,1.442698714484e-5
1972,SWZ,Eswatini,49563049.0914346,1.607807656498e-5
1973,SWZ,Eswatini,54359286.5888987,1.617642936932e-5
1974,SWZ,Eswatini,66389867.7748352,1.950064473569e-5
1975,SWZ,Eswatini,86399309.5701487,2.614452129649e-5
1976,SWZ,Eswatini,100984394.826173,2.855229190561e-5
1977,SWZ,Eswatini,113955916.251046,3.100630472449e-5
1978,SWZ,Eswatini,128018955.229793,3.367192785196e-5
1979,SWZ,Eswatini,133988751.058789,3.385924806337e-5
1980,SWZ,Eswatini,143275100.103095,3.615804089095e-5
1981,SWZ,Eswatini,159035001.127745,3.963791090805e-5
1982,SWZ,Eswatini,167345029.001507,4.245398524697e-5
1983,SWZ,Eswatini,169065337.825687,4.20969973147e-5
1984,SWZ,Eswatini,168205183.413597,3.972701340372e-5
1985,SWZ,Eswatini,166056596.778132,3.764785588931e-5
1986,SWZ,Eswatini,269276753.604023,5.979814858915e-5
1987,SWZ,Eswatini,398223988.821499,8.454382936058e-5
1988,SWZ,Eswatini,489905940.900344,9.849469336845e-5
1989,SWZ,Eswatini,534343621.702031,1.0442204526794e-4
1990,SWZ,Eswatini,642553272.545387,1.2425915416199e-4
1991,SWZ,Eswatini,650973043.661011,1.261569815989e-4
1992,SWZ,Eswatini,668904037.663257,1.30321860215e-4
1993,SWZ,Eswatini,674984983.45172,1.3239221611882e-4
1994,SWZ,Eswatini,704610103.986178,1.3319318444665e-4
1995,SWZ,Eswatini,732520086.023354,1.3182284221103e-4
1996,SWZ,Eswatini,750451080.0256,1.3176001490893e-4
1997,SWZ,Eswatini,791770327.092271,1.3270570014145e-4
1998,SWZ,Eswatini,804244062.032338,1.3293699202229e-4
1999,SWZ,Eswatini,814378971.74884,1.3016690035882e-4
2000,SWZ,Eswatini,790665175.596977,1.1874977358722e-4
2001,SWZ,Eswatini,796717040.381493,1.2057466430524e-4
2002,SWZ,Eswatini,845917217.451979,1.2633527557163e-4
2003,SWZ,Eswatini,874293518.760918,1.2608470831572e-4
2004,SWZ,Eswatini,872336947.576384,1.0415178483516e-4
2005,SWZ,Eswatini,897873944.430011,1.0269896500177e-4
2006,SWZ,Eswatini,1017225493.20505,1.0900278584988e-4
2007,SWZ,Eswatini,1107319423.85591,1.1187295337353e-4
2008,SWZ,Eswatini,1062524061.04324,1.0592829696476e-4
2009,SWZ,Eswatini,1018404797.74853,1.0801621807481e-4
2010,SWZ,Eswatini,1130257337.5006,1.0965671761021e-4
2011,SWZ,Eswatini,1149065105.363,1.0681254346976e-4
2012,SWZ,Eswatini,1170612072.82158,1.0630034740757e-4
2013,SWZ,Eswatini,1207946566.48709,1.0615134883367e-4
2014,SWZ,Eswatini,1264349737.92421,1.0652572850532e-4
2015,SWZ,Eswatini,1287341067.67894,1.0456607053846e-4
2016,SWZ,Eswatini,1306366344.80934,1.0331376948034e-4
2017,SWZ,Eswatini,1347598198.7549,1.0294684953545e-4
2018,SWZ,Eswatini,1339088429.30907,9.829124993346e-5
2019,SWZ,Eswatini,1410721999.85917,1.0198314700631e-4
2020,SWZ,Eswatini,1268999376.57223,9.371272512273e-5
2021,SWZ,Eswatini,1524202621.25705,1.0306767472995e-4
2022,SWZ,Eswatini,1514397104.014,1.0023703154988e-4
2023,SWZ,Eswatini,1550621783.99119,1.0104426464447e-4
2005,SXM,San Martín (parte Holandesa),14594771.0409303,1.66935223996e-6
2006,SXM,San Martín (parte Holandesa),14322653.3918595,1.53477191724e-6
2007,SXM,San Martín (parte Holandesa),13504916.2239197,1.3644074424e-6
2008,SXM,San Martín (parte Holandesa),13662898.0503933,1.36212211576e-6
2009,SXM,San Martín (parte Holandesa),11296560.3693992,1.19815983885e-6
2010,SXM,San Martín (parte Holandesa),13478008.4026907,1.30762624786e-6
2011,SXM,San Martín (parte Holandesa),15556548.3981302,1.44607515645e-6
2012,SXM,San Martín (parte Holandesa),13866000.9234979,1.25913677941e-6
2013,SXM,San Martín (parte Holandesa),12582995.3255045,1.10576242627e-6
2014,SXM,San Martín (parte Holandesa),14362102.3828526,1.21005555133e-6
2015,SXM,San Martín (parte Holandesa),15921787.7094972,1.293269374e-6
2016,SXM,San Martín (parte Holandesa),17546459.924752,1.38765892359e-6
2017,SXM,San Martín (parte Holandesa),17026564.8158705,1.3007075906e-6
2018,SXM,San Martín (parte Holandesa),19885987.914719,1.45966357823e-6
2019,SXM,San Martín (parte Holandesa),19561053.471668,1.41409703116e-6
2020,SXM,San Martín (parte Holandesa),20470869.9122107,1.51172730304e-6
2021,SXM,San Martín (parte Holandesa),21640633.9071942,1.46335519004e-6
2022,SXM,San Martín (parte Holandesa),28250144.2594915,1.86986002147e-6
2023,SXM,San Martín (parte Holandesa),30513404.9367233,1.98836659942e-6
1970,SYC,Seychelles,2739830.49036914,9.749876246e-7
1971,SYC,Seychelles,3174197.58335982,1.09504932434e-6
1972,SYC,Seychelles,3399118.86217451,1.10266205008e-6
1973,SYC,Seychelles,3652852.8262866,1.08702890433e-6
1974,SYC,Seychelles,3728103.18466257,1.09505287747e-6
1975,SYC,Seychelles,3958899.09207529,1.19796699925e-6
1976,SYC,Seychelles,4242514.28006983,1.19952697985e-6
1977,SYC,Seychelles,4965452.65096401,1.35105173172e-6
1978,SYC,Seychelles,5897099.08805816,1.55107261008e-6
1979,SYC,Seychelles,6517330.31321539,1.64694350863e-6
1980,SYC,Seychelles,7735441.93632827,1.9521774938e-6
1981,SYC,Seychelles,6730839.86701145,1.67759568078e-6
1982,SYC,Seychelles,6827176.4899393,1.73199557651e-6
1983,SYC,Seychelles,7311033.11214692,1.82043549108e-6
1984,SYC,Seychelles,7687032.48414993,1.81553764476e-6
1985,SYC,Seychelles,8220650.43746039,1.8637613259e-6
1986,SYC,Seychelles,8562170.83595943,1.90139682331e-6
1987,SYC,Seychelles,9407820.91953453,1.99730108884e-6
1988,SYC,Seychelles,11339013.0552072,2.27968783542e-6
1989,SYC,Seychelles,10908171.0245955,2.1316873305e-6
1990,SYC,Seychelles,13151033.060879,2.54319184777e-6
1991,SYC,Seychelles,16930858.4006956,3.28115889361e-6
1992,SYC,Seychelles,35412344.2268256,6.89934925544e-6
1993,SYC,Seychelles,35283926.3599329,6.9206238934e-6
1994,SYC,Seychelles,34419640.8311959,6.50638068327e-6
1995,SYC,Seychelles,37402319.2085223,6.73084618077e-6
1996,SYC,Seychelles,45001982.1983592,7.90119703097e-6
1997,SYC,Seychelles,62755079.6141582,1.051814710992e-5
1998,SYC,Seychelles,83970713.7608715,1.3879883772e-5
1999,SYC,Seychelles,86282312.1151031,1.379100088954e-5
2000,SYC,Seychelles,82546405.1113044,1.239762066162e-5
2001,SYC,Seychelles,80007073.9201381,1.210822110111e-5
2002,SYC,Seychelles,82056676.9719919,1.225492599497e-5
2003,SYC,Seychelles,72679289.3070721,1.048131639573e-5
2004,SYC,Seychelles,66276546.7925499,7.91302106408e-6
2005,SYC,Seychelles,73930508.0593504,8.45618330596e-6
2006,SYC,Seychelles,76333167.6296227,8.17962976739e-6
2007,SYC,Seychelles,78690873.5145515,7.95017249219e-6
2008,SYC,Seychelles,70208189.7237457,6.99940287762e-6
2009,SYC,Seychelles,63989022.838223,6.78693998748e-6
2010,SYC,Seychelles,70819424.455572,6.87084734704e-6
2011,SYC,Seychelles,80412508.8594614,7.47482850012e-6
2012,SYC,Seychelles,96794975.5487222,8.78970904796e-6
2013,SYC,Seychelles,87387748.6002538,7.6794186455e-6
2014,SYC,Seychelles,83338947.4529592,7.02158732192e-6
2015,SYC,Seychelles,83916008.9154776,6.81619465724e-6
2016,SYC,Seychelles,97316697.6157248,7.6962751712e-6
2017,SYC,Seychelles,98696898.3226638,7.53973606571e-6
2018,SYC,Seychelles,106334837.992966,7.80514856901e-6
2019,SYC,Seychelles,84478613.8625212,6.10708197454e-6
2020,SYC,Seychelles,99271467.9977999,7.33097270554e-6
2021,SYC,Seychelles,110765880.62116,7.49006831232e-6
2022,SYC,Seychelles,98814113.9069165,6.54044664177e-6
2023,SYC,Seychelles,97111012.3002382,6.32811361743e-6
1970,SYR,Siria,801611740.533262,2.8525908062874e-4
1971,SYR,Siria,797862971.657526,2.7525044837077e-4
1972,SYR,Siria,812545649.68669,2.6358691419704e-4
1973,SYR,Siria,979990658.612712,2.9162909718697e-4
1974,SYR,Siria,1076833854.0902,3.1629757870884e-4
1975,SYR,Siria,1084018994.40837,3.2802527967081e-4
1976,SYR,Siria,1191483701.60598,3.3687967836608e-4
1977,SYR,Siria,1169303485.88607,3.1815619049497e-4
1978,SYR,Siria,1297698819.23233,3.4132461818908e-4
1979,SYR,Siria,1136814155.77812,2.8727540333265e-4
1980,SYR,Siria,1421408191.48392,3.5871784750758e-4
1981,SYR,Siria,1212726725.14745,3.0226021659593e-4
1982,SYR,Siria,1475140545.11308,3.7423038684273e-4
1983,SYR,Siria,1671638512.68438,4.1623530218938e-4
1984,SYR,Siria,1055590830.56898,2.4931140779264e-4
1985,SYR,Siria,1994032634.37842,4.5208112603904e-4
1986,SYR,Siria,1217412686.22187,2.7035020190442e-4
1987,SYR,Siria,1442963612.43844,3.0634435103859e-4
1988,SYR,Siria,2359537597.8803,4.7438071840375e-4
1989,SYR,Siria,1949724356.79646,3.8101737679006e-4
1990,SYR,Siria,1261903889.60898,2.4403129928104e-4
1991,SYR,Siria,1454439638.44669,2.8186683994212e-4
1992,SYR,Siria,1765060980.88719,3.438849483189e-4
1993,SYR,Siria,2027248486.20494,3.9762650472563e-4
1994,SYR,Siria,2227370085.31967,4.2104209537528e-4
1995,SYR,Siria,2516110110.96896,4.5279411783021e-4
1996,SYR,Siria,3097849686.59614,5.4390316938131e-4
1997,SYR,Siria,3580198923.24429,6.0006391815621e-4
1998,SYR,Siria,3637327240.34012,6.0122960822322e-4
1999,SYR,Siria,3691287476.46868,5.899998229491e-4
2000,SYR,Siria,283296382.700703,4.254820161819e-5
2001,SYR,Siria,691978826.890969,1.0472364783206e-4
2002,SYR,Siria,746041922.805785,1.1141919086309e-4
2003,SYR,Siria,707016925.49977,1.0196120743552e-4
2004,SYR,Siria,1456658940.29817,1.7391631633816e-4
2005,SYR,Siria,1446763830.27338,1.6548107770897e-4
2006,SYR,Siria,1551989376.53143,1.6630645494179e-4
2007,SYR,Siria,1889513430.79686,1.9089834729541e-4
2008,SYR,Siria,1929196730.64179,1.9233119670365e-4
2009,SYR,Siria,2078302255.43289,2.2043331899507e-4
2010,SYR,Siria,2293561745.8128,2.2251963719904e-4
2011,SYR,Siria,1993892770.39827,1.8534437885044e-4
2012,SYR,Siria,1059275092.26173,9.619011534385e-5
2013,SYR,Siria,326289522.827837,2.867351414325e-5
2014,SYR,Siria,401424130.72858,3.382133652013e-5
2015,SYR,Siria,474655417.72426,3.855454714942e-5
2016,SYR,Siria,405655880.2246,3.20812291777e-5
2017,SYR,Siria,511718203.482891,3.909160530726e-5
2018,SYR,Siria,591560614.823754,4.342150299397e-5
2019,SYR,Siria,569517130.194341,4.11712224074e-5
2020,SYR,Siria,513256540.325005,3.790283113522e-5
2021,SYR,Siria,498272182.248779,3.369352242987e-5
2022,SYR,Siria,427812079.053408,2.831662365956e-5
2023,SYR,Siria,394517697.849421,2.570823593476e-5
1970,TAN,Tanganica (ex),638417667.874952,2.2718534146469e-4
1971,TAN,Tanganica (ex),699049513.427002,2.4116132574046e-4
1972,TAN,Tanganica (ex),757898069.404642,2.4585943382663e-4
1973,TAN,Tanganica (ex),791780571.330994,2.3562087164618e-4
1974,TAN,Tanganica (ex),802480308.781474,2.3571192312072e-4
1975,TAN,Tanganica (ex),805155243.143843,2.4364081734086e-4
1976,TAN,Tanganica (ex),947818409.149405,2.6798584016996e-4
1977,TAN,Tanganica (ex),890497480.81229806,2.4229576800236e-4
1978,TAN,Tanganica (ex),920506672.706448,2.4211441356469e-4
1979,TAN,Tanganica (ex),951190228.463145,2.4036783421366e-4
1980,TAN,Tanganica (ex),904659121.930812,2.2830695284535e-4
1981,TAN,Tanganica (ex),803167360.581041,2.0018157045437e-4
1982,TAN,Tanganica (ex),776867169.932658,1.970844761148e-4
1983,TAN,Tanganica (ex),709093601.722302,1.7656316682934e-4
1984,TAN,Tanganica (ex),727975789.880154,1.7193467748877e-4
1985,TAN,Tanganica (ex),699652507.643125,1.5862312784562e-4
1986,TAN,Tanganica (ex),671329225.406096,1.4908173184569e-4
1987,TAN,Tanganica (ex),701675599.231771,1.4896727418027e-4
1988,TAN,Tanganica (ex),751241343.14632,1.5103569800138e-4
1989,TAN,Tanganica (ex),808899453.414952,1.580760617534e-4
1990,TAN,Tanganica (ex),788331355.599979,1.5245021950971e-4
1991,TAN,Tanganica (ex),879033295.144977,1.7035449980656e-4
1992,TAN,Tanganica (ex),916797671.461182,1.7861871248825e-4
1993,TAN,Tanganica (ex),935679859.619034,1.8352516460326e-4
1994,TAN,Tanganica (ex),899938574.891475,1.7011632946797e-4
1995,TAN,Tanganica (ex),914571722.450567,1.6458448875275e-4
1996,TAN,Tanganica (ex),958642513.460223,1.6831310558118e-4
1997,TAN,Tanganica (ex),1006577209.35818,1.6870868829458e-4
1998,TAN,Tanganica (ex),1087093790.60022,1.796904514325e-4
1999,TAN,Tanganica (ex),1152766015.11073,1.84253258288e-4
2000,TAN,Tanganica (ex),1208154032.13539,1.8145230396197e-4
2001,TAN,Tanganica (ex),1268102828.21982,1.9191389799309e-4
2002,TAN,Tanganica (ex),1362578484.88668,2.0349713284551e-4
2003,TAN,Tanganica (ex),1485330306.40145,2.1420430829745e-4
2004,TAN,Tanganica (ex),1625047826.82408,1.9402093660766e-4
2005,TAN,Tanganica (ex),1781398385.39286,2.037566315078e-4
2006,TAN,Tanganica (ex),1931658558.24999,2.0699064815668e-4
2007,TAN,Tanganica (ex),2153927091.37192,2.176121721264e-4
2008,TAN,Tanganica (ex),2399107973.96525,2.3917898072557e-4
2009,TAN,Tanganica (ex),2511582096.04976,2.6638876800214e-4
2010,TAN,Tanganica (ex),2736347232.20416,2.6547835238022e-4
2011,TAN,Tanganica (ex),2926219898.65185,2.7200981795379e-4
2012,TAN,Tanganica (ex),3046608850.1566,2.7665491131151e-4
2013,TAN,Tanganica (ex),3159859098.07394,2.7768058181609e-4
2014,TAN,Tanganica (ex),3474854950.4585,2.9276824595673e-4
2015,TAN,Tanganica (ex),3721856935.54983,3.0231301139058e-4
2016,TAN,Tanganica (ex),4124436204.72352,3.2618036509e-4
2017,TAN,Tanganica (ex),4464125274.3088,3.4102719441619e-4
2018,TAN,Tanganica (ex),4832552546.89538,3.547171492241e-4
2019,TAN,Tanganica (ex),5114294209.78555,3.6971977347924e-4
2020,TAN,Tanganica (ex),5346152318.54618,3.9480122050611e-4
2021,TAN,Tanganica (ex),5601995284.89783,3.7881094010085e-4
2022,TAN,Tanganica (ex),5837198832.34409,3.8636067248794e-4
2023,TAN,Tanganica (ex),6090497975.97079,0.00039687942969343003
1970,TCA,Islas Turcas y Caicos,1052020.24533658,3.7436867851e-7
1971,TCA,Islas Turcas y Caicos,1164081.64922952,4.0159025706e-7
1972,TCA,Islas Turcas y Caicos,1288072.17883212,4.1784602626e-7
1973,TCA,Islas Turcas y Caicos,1425276.93592863,4.2413896746e-7
1974,TCA,Islas Turcas y Caicos,1577142.15531225,4.6325275074e-7
1975,TCA,Islas Turcas y Caicos,1745176.14760746,5.2809212462e-7
1976,TCA,Islas Turcas y Caicos,1930991.56366586,5.4596786848e-7
1977,TCA,Islas Turcas y Caicos,2136598.60381184,5.8134785418e-7
1978,TCA,Islas Turcas y Caicos,2364262.37550689,6.2185534937e-7
1979,TCA,Islas Turcas y Caicos,2616541.19545823,6.6120563633e-7
1980,TCA,Islas Turcas y Caicos,2895219.4136253,7.3066053955e-7
1981,TCA,Islas Turcas y Caicos,3202476.28791565,7.9818573826e-7
1982,TCA,Islas Turcas y Caicos,3543526.18815896,8.9896191964e-7
1983,TCA,Islas Turcas y Caicos,3922462.15693431,9.7668677099e-7
1984,TCA,Islas Turcas y Caicos,4343980.82522303,1.02596947945e-6
1985,TCA,Islas Turcas y Caicos,4802314.42376318,1.0887663897e-6
1986,TCA,Islas Turcas y Caicos,5302827.8892944,1.17759623072e-6
1987,TCA,Islas Turcas y Caicos,5877381.97242498,1.24778112949e-6
1988,TCA,Islas Turcas y Caicos,6518877.57542579,1.31060841335e-6
1989,TCA,Islas Turcas y Caicos,7236575.88402271,1.41417998429e-6
1990,TCA,Islas Turcas y Caicos,7929680.27656123,1.53346875043e-6
1991,TCA,Islas Turcas y Caicos,8705093.25912409,1.68702575444e-6
1992,TCA,Islas Turcas y Caicos,9828772.78751014,1.91492931897e-6
1993,TCA,Islas Turcas y Caicos,10942007.7270884,2.14617611842e-6
1994,TCA,Islas Turcas y Caicos,12199175.3872668,2.30602287458e-6
1995,TCA,Islas Turcas y Caicos,12515136.0855637,2.25219873275e-6
1996,TCA,Islas Turcas y Caicos,13874322.0725872,2.43597608397e-6
1997,TCA,Islas Turcas y Caicos,17847570.1841038,2.99136531903e-6
1998,TCA,Islas Turcas y Caicos,16854257.8260341,2.7859134359e-6
1999,TCA,Islas Turcas y Caicos,17302850.8021087,2.76561470078e-6
2000,TCA,Islas Turcas y Caicos,14322915.0486618,2.15115446036e-6
2001,TCA,Islas Turcas y Caicos,12781862.7250608,1.93439920217e-6
2002,TCA,Islas Turcas y Caicos,10916370.4087591,1.63032816377e-6
2003,TCA,Islas Turcas y Caicos,12115907.9237632,1.74727443789e-6
2004,TCA,Islas Turcas y Caicos,12312305.2879157,1.47001519852e-6
2005,TCA,Islas Turcas y Caicos,12685163.1082725,1.45093097998e-6
2006,TCA,Islas Turcas y Caicos,12837296.4424169,1.37560559025e-6
2007,TCA,Islas Turcas y Caicos,14105814.7343877,1.42511647504e-6
2008,TCA,Islas Turcas y Caicos,12138907.6796431,1.21018795212e-6
2009,TCA,Islas Turcas y Caicos,11444890.6403082,1.21389235987e-6
2010,TCA,Islas Turcas y Caicos,8630735.65855637,8.3734748846e-7
2011,TCA,Islas Turcas y Caicos,8684142.00567721,8.0724346353e-7
2012,TCA,Islas Turcas y Caicos,5932864.55798865,5.387485558e-7
2013,TCA,Islas Turcas y Caicos,6292111.92214112,5.5293519272e-7
2014,TCA,Islas Turcas y Caicos,6731925.79075426,5.6718744631e-7
2015,TCA,Islas Turcas y Caicos,6514000,5.2910871919e-7
2016,TCA,Islas Turcas y Caicos,6450603.40632603,5.1014491913e-7
2017,TCA,Islas Turcas y Caicos,6407018.24817518,4.8945030067e-7
2018,TCA,Islas Turcas y Caicos,6218149.22952149,4.5642217994e-7
2019,TCA,Islas Turcas y Caicos,6031921.73560422,4.3605640314e-7
2020,TCA,Islas Turcas y Caicos,5850977.29115977,4.3208139949e-7
2021,TCA,Islas Turcas y Caicos,5726701.47688564,3.8724366226e-7
2022,TCA,Islas Turcas y Caicos,5591977.11151663,3.7012959458e-7
2023,TCA,Islas Turcas y Caicos,5441859.26074615,3.5461172606e-7
1970,TCD,Chad,243063020.324925,8.649565644661e-5
1971,TCD,Chad,247602665.195044,8.541910958864e-5
1972,TCD,Chad,230690303.936497,7.483511280042e-5
1973,TCD,Chad,219523640.148384,6.532662370302e-5
1974,TCD,Chad,249430222.579751,7.326494719599e-5
1975,TCD,Chad,292698988.550492,8.857101957981e-5
1976,TCD,Chad,288175950.085907,8.147876571616e-5
1977,TCD,Chad,266085193.771469,7.239921253916e-5
1978,TCD,Chad,266172286.211782,7.000942947416e-5
1979,TCD,Chad,208285867.271467,5.263429050806e-5
1980,TCD,Chad,194263259.810425,4.902581737358e-5
1981,TCD,Chad,177868698.185544,4.433202478708e-5
1982,TCD,Chad,181766560.657968,4.611260298922e-5
1983,TCD,Chad,206528811.665855,5.142534207141e-5
1984,TCD,Chad,245464131.394077,5.797417558796e-5
1985,TCD,Chad,216049374.891436,4.898206929867e-5
1986,TCD,Chad,242283128.367421,5.380368827553e-5
1987,TCD,Chad,226877890.064638,4.816667544333e-5
1988,TCD,Chad,244742255.513276,4.920498283156e-5
1989,TCD,Chad,271114310.945737,5.298147053797e-5
1990,TCD,Chad,273665858.779996,5.292244174605e-5
1991,TCD,Chad,280795831.919452,5.441754454422e-5
1992,TCD,Chad,310137210.25162,6.042370188566e-5
1993,TCD,Chad,287052707.221633,5.63027992973e-5
1994,TCD,Chad,266607254.405849,5.039704797022e-5
1995,TCD,Chad,313412511.721982,5.640108560569e-5
1996,TCD,Chad,314281577.299771,5.517980640285e-5
1997,TCD,Chad,358723029.341976,6.012424201411e-5
1998,TCD,Chad,399170423.382672,6.598061197326e-5
1999,TCD,Chad,364077052.061948,5.819254057716e-5
2000,TCD,Chad,359405818.804483,5.397905577002e-5
2001,TCD,Chad,413118398.881175,6.252108306804e-5
2002,TCD,Chad,519926347.515917,7.764948748558e-5
2003,TCD,Chad,522505242.089904,7.535217822008e-5
2004,TCD,Chad,462676230.970567,5.524075919319e-5
2005,TCD,Chad,571012232.239692,6.531247021718e-5
2006,TCD,Chad,578005268.628718,6.193728424749e-5
2007,TCD,Chad,759086084.278751,7.669079064584e-5
2008,TCD,Chad,696141918.404846,6.940184280627e-5
2009,TCD,Chad,795047638.470573,8.432603546915e-5
2010,TCD,Chad,824324835.298159,7.997537612387e-5
2011,TCD,Chad,959703431.996113,8.921023192657e-5
2012,TCD,Chad,1951425776.80278,1.7720408223216e-4
2013,TCD,Chad,1134047326.67283,9.965726689188e-5
2014,TCD,Chad,830079595.797641,6.9937004776e-5
2015,TCD,Chad,981361108.709094,7.971242236682e-5
2016,TCD,Chad,1173351286.81862,9.279429529665e-5
2017,TCD,Chad,1336533581.80939,1.021015920567e-4
2018,TCD,Chad,1399960343.34452,1.0275934657699e-4
2019,TCD,Chad,1412560391.97974,1.0211604704892e-4
2020,TCD,Chad,1409743513.37399,1.0410636033505e-4
2021,TCD,Chad,1364990381.11718,9.230162883099e-5
2022,TCD,Chad,1407455686.21951,9.315864356232e-5
2023,TCD,Chad,1455627493.81532,9.485408448878e-5
1970,TGO,Togo,66030460.7507077,2.349739602704e-5
1971,TGO,Togo,67711823.9314296,2.335953736317e-5
1972,TGO,Togo,78673491.3512624,2.552140033287e-5
1973,TGO,Togo,87612378.8395059,2.607200254289e-5
1974,TGO,Togo,94551735.8904564,2.777260857027e-5
1975,TGO,Togo,94741583.094737,2.866890197626e-5
1976,TGO,Togo,109111563.103573,3.085016457615e-5
1977,TGO,Togo,111230476.256467,3.026473881233e-5
1978,TGO,Togo,94280890.1231172,2.479804123027e-5
1979,TGO,Togo,102755683.189792,2.596658405688e-5
1980,TGO,Togo,116527329.491417,2.940776130418e-5
1981,TGO,Togo,121668245.422836,3.032461431892e-5
1982,TGO,Togo,126809152.59258801,3.217038429805e-5
1983,TGO,Togo,117384145.766753,2.922846357913e-5
1984,TGO,Togo,95963683.0370512,2.266488133668e-5
1985,TGO,Togo,105388689.862887,2.389340914665e-5
1986,TGO,Togo,110529597.032639,2.454525011311e-5
1987,TGO,Togo,111386413.559999,2.364758077224e-5
1988,TGO,Togo,118223827.020852,2.376868418836e-5
1989,TGO,Togo,138190169.072742,2.700528181572e-5
1990,TGO,Togo,157227073.804846,3.040511041981e-5
1991,TGO,Togo,165435388.301259,3.206097309399e-5
1992,TGO,Togo,170093059.611547,3.313904938543e-5
1993,TGO,Togo,105571194.12551901,2.070683747231e-5
1994,TGO,Togo,131377708.364094,2.483446553394e-5
1995,TGO,Togo,163413303.039619,2.940752953099e-5
1996,TGO,Togo,167774506.92276,2.945691214506e-5
1997,TGO,Togo,172561557.088813,2.892240523217e-5
1998,TGO,Togo,156797805.87279,2.591778995016e-5
1999,TGO,Togo,155710048.356837,2.48880374524e-5
2000,TGO,Togo,196466350.920236,2.950722430853e-5
2001,TGO,Togo,202739911.60866,3.068253287488e-5
2002,TGO,Togo,208263024.355147,3.11034768302e-5
2003,TGO,Togo,237410287.918776,3.423770880266e-5
2004,TGO,Togo,223381036.279638,2.667035219761e-5
2005,TGO,Togo,299279870.321856,3.423167931154e-5
2006,TGO,Togo,425212578.681747,4.556448492918e-5
2007,TGO,Togo,608294797.324153,6.145628265188e-5
2008,TGO,Togo,555087122.125335,5.533939010856e-5
2009,TGO,Togo,547673534.040127,5.808851648918e-5
2010,TGO,Togo,568067244.180068,5.511345718526e-5
2011,TGO,Togo,606182186.8933,5.634829644198e-5
2012,TGO,Togo,591174026.48261,5.368303117015e-5
2013,TGO,Togo,763487937.637657,6.709342668539e-5
2014,TGO,Togo,875950191.390213,7.380175711937e-5
2015,TGO,Togo,856486774.074106,6.956933067828e-5
2016,TGO,Togo,815817754.699074,6.451881417632e-5
2017,TGO,Togo,812397659.99036,6.20613620167e-5
2018,TGO,Togo,861297233.694077,6.322060575768e-5
2019,TGO,Togo,875906213.911268,6.332053529042e-5
2020,TGO,Togo,985680767.123693,7.279028854824e-5
2021,TGO,Togo,996207203.75246,6.736424580828e-5
2022,TGO,Togo,1073535188.50479,7.105664708077e-5
2023,TGO,Togo,1153538679.7608,7.516885731824e-5
1970,THA,Tailandia,5212623936.61455,0.00185494827063398
1971,THA,Tailandia,5789733628.87117,0.00199736901436028
1972,THA,Tailandia,6556560803.44561,0.00212692496795952
1973,THA,Tailandia,7588280489.12691,0.00225814743109725
1974,THA,Tailandia,8057129763.79142,0.00236661452084762
1975,THA,Tailandia,8524303828.88378,0.00257946323993581
1976,THA,Tailandia,9829920277.06052,0.00277930816580777
1977,THA,Tailandia,11235421095.092,0.00305704961745887
1978,THA,Tailandia,12215837488.0994,0.00321304605097195
1979,THA,Tailandia,13226407653.1175,0.00334234190687981
1980,THA,Tailandia,13607727228.4601,0.00343415399609277
1981,THA,Tailandia,14462953646.5111,0.00360474904293039
1982,THA,Tailandia,14846041948.5636,0.00376631232861177
1983,THA,Tailandia,16507101477.2758,0.00411024172961372
1984,THA,Tailandia,17529787972.842,0.00414021796254153
1985,THA,Tailandia,17289785505.2078,0.00391988855418328
1986,THA,Tailandia,18991339808.1589,0.00421739695148505
1987,THA,Tailandia,22036766069.0688,0.00467845394175263
1988,THA,Tailandia,25988488590.744,0.00522493809760869
1989,THA,Tailandia,30177634295.0623,0.00589734801063202
1990,THA,Tailandia,34884829388.0703,0.00674614787296226
1991,THA,Tailandia,38108658295.0689,0.0073853646477465
1992,THA,Tailandia,42018493115.8831,0.00818641819747819
1993,THA,Tailandia,45516984886.6744,0.0089277460209228
1994,THA,Tailandia,49302826684.1659,0.0093197648616379
1995,THA,Tailandia,54833245990.1116,0.00986768072574479
1996,THA,Tailandia,58062614953.3063,0.0101943100829951
1997,THA,Tailandia,58606787545.3132,0.00982286719787102
1998,THA,Tailandia,53741445219.6349,0.00888315675763328
1999,THA,Tailandia,59038406749.678,0.00943644995182823
2000,THA,Tailandia,60972835823.9102,0.00915749254239458
2001,THA,Tailandia,62170278809.1037,0.00940881155696314
2002,THA,Tailandia,67680005734.2072,0.0101078119687355
2003,THA,Tailandia,74584226348.7462,0.0107560335543411
2004,THA,Tailandia,80157470244.0689,0.00957031983683196
2005,THA,Tailandia,83525021527.8374,0.0095536052871048
2006,THA,Tailandia,88253621360.6346,0.00945698928498142
2007,THA,Tailandia,94671015663.2739,0.00956465306482406
2008,THA,Tailandia,96915213381.1266,0.00966195861330383
2009,THA,Tailandia,93699337660.3101,0.00993813865818098
2010,THA,Tailandia,104386520416.955,0.0101275017749391
2011,THA,Tailandia,99310181627.3817,0.00923148135171525
2012,THA,Tailandia,106186222757.076,0.00964250466148741
2013,THA,Tailandia,108182235318.626,0.00950678657277869
2014,THA,Tailandia,108217655079.868,0.00911770232455421
2015,THA,Tailandia,109851119028.373,0.0089228100846351
2016,THA,Tailandia,112330749142.964,0.00888365898939678
2017,THA,Tailandia,115593768936.236,0.00883053594825966
2018,THA,Tailandia,119596613335.998,0.00877858426322892
2019,THA,Tailandia,118583961950.691,0.00857260723616435
2020,THA,Tailandia,112296522381.81,0.00829284342332153
2021,THA,Tailandia,117606360085.22,0.00795262644112236
2022,THA,Tailandia,118399746281.882,0.00783680784392607
2023,THA,Tailandia,114569187550.046,0.00746575304592474
1990,TJK,Tayikistán,3014177889.61175,5.8289205122751e-4
1991,TJK,Tayikistán,2953894399.17984,5.7245750033928e-4
1992,TJK,Tayikistán,2265637073.40533,4.4141165451732e-4
1993,TJK,Tayikistán,1862353595.38116,3.6528385924751e-4
1994,TJK,Tayikistán,1277574501.70487,2.4150124343555e-4
1995,TJK,Tayikistán,1103824359.22897,1.9864201284263e-4
1996,TJK,Tayikistán,840010459.844414,1.4748435129041e-4
1997,TJK,Tayikistán,823210145.739431,1.3797521202277e-4
1998,TJK,Tayikistán,890713491.404659,1.4722989934397e-4
1999,TJK,Tayikistán,935249025.887258,1.4948626006628e-4
2000,TJK,Tayikistán,1118690175.18794,1.6801575321376e-4
2001,TJK,Tayikistán,1249389753.42994,1.8908187282411e-4
2002,TJK,Tayikistán,1389618463.44223,2.0753547498087e-4
2003,TJK,Tayikistán,1520221702.66278,2.1923610989032e-4
2004,TJK,Tayikistán,1490665941.13773,1.7797654770193e-4
2005,TJK,Tayikistán,1585486944.36399,1.8134824962916e-4
2006,TJK,Tayikistán,1652082985.853,1.770321812775e-4
2007,TJK,Tayikistán,1508242846.50936,1.5237841765292e-4
2008,TJK,Tayikistán,1374007050.47361,1.369815820748e-4
2009,TJK,Tayikistán,1284711338.38477,1.3626178941511e-4
2010,TJK,Tayikistán,1185682241.11412,1.1503400011259e-4
2011,TJK,Tayikistán,736286792.462088,6.844230553953e-5
2012,TJK,Tayikistán,831925542.731783,7.554507275537e-5
2013,TJK,Tayikistán,658433640.729321,5.786151558354e-5
2014,TJK,Tayikistán,684347069.171669,5.765854803251e-5
2015,TJK,Tayikistán,833745880.844918,6.772216996446e-5
2016,TJK,Tayikistán,1076797817.25622,8.515837989165e-5
2017,TJK,Tayikistán,1333892888.5177,1.018998620045e-4
2018,TJK,Tayikistán,1506873786.67245,1.1060696571056e-4
2019,TJK,Tayikistán,1687033721.26636,1.2195812358331e-4
2020,TJK,Tayikistán,2140913312.9277,1.5810159130884e-4
2021,TJK,Tayikistán,2286820882.97756,1.5463646869863e-4
2022,TJK,Tayikistán,2515769962.88913,1.665172975265e-4
2023,TJK,Tayikistán,2856149405.01457,1.8611728490078e-4
1990,TKM,Turkmenistán,4101191038.09117,7.9310237956021e-4
1991,TKM,Turkmenistán,4017519195.05936,7.7858538091522e-4
1992,TKM,Turkmenistán,9888352321.58626,0.00192653713604761
1993,TKM,Turkmenistán,6370999343.94932,0.00124961405470636
1994,TKM,Turkmenistán,4345177898.614,8.213735199502e-4
1995,TKM,Turkmenistán,5644111345.16493,0.00101570293220805
1996,TKM,Turkmenistán,6145154899.02729,0.00107893202190601
1997,TKM,Turkmenistán,3332196578.07485,5.5849716107238e-4
1998,TKM,Turkmenistán,3095301082.6248,5.1163575182347e-4
1999,TKM,Turkmenistán,3588591516.49288,5.7358533380688e-4
2000,TKM,Turkmenistán,4169127775.25244,6.261600923471e-4
2001,TKM,Turkmenistán,4375433757.8336,6.6217543971192e-4
2002,TKM,Turkmenistán,4064547777.12134,6.0702838635132e-4
2003,TKM,Turkmenistán,4186087474.82311,6.0368927244844e-4
2004,TKM,Turkmenistán,4279856451.62927,5.1098911895677e-4
2005,TKM,Turkmenistán,4684117662.35686,5.3577012547789e-4
2006,TKM,Turkmenistán,5055866416.43366,5.4177124733645e-4
2007,TKM,Turkmenistán,5908615216.20643,5.9694991376836e-4
2008,TKM,Turkmenistán,10868695399.7312,0.00108355418586179
2009,TKM,Turkmenistán,11621752786.3048,0.00123265108938248
2010,TKM,Turkmenistán,13103402516.0055,0.00127128226622097
2011,TKM,Turkmenistán,16469434789.5584,0.00153093346162182
2012,TKM,Turkmenistán,17672837011.7637,0.0016048260202031
2013,TKM,Turkmenistán,16777323279.0321,0.00147434956586452
2014,TKM,Turkmenistán,16664132274.4379,0.00140400933159368
2015,TKM,Turkmenistán,15358810815.203,0.00124754079195588
2016,TKM,Turkmenistán,14406983371.0619,0.0011393739319902
2017,TKM,Turkmenistán,14034247149.4045,0.00107211595486552
2018,TKM,Turkmenistán,14227280454.2408,0.0010443053262157
2019,TKM,Turkmenistán,14283543571.8393,0.00103257815785354
2020,TKM,Turkmenistán,13332496377.3513,9.845746115223e-4
2021,TKM,Turkmenistán,14061219551.0186,9.5082975372103e-4
2022,TKM,Turkmenistán,16322501109.8888,0.00108037651048618
2023,TKM,Turkmenistán,16402973110.5538,0.00106887854475572
1990,TLS,Timor-Leste,15307695,2.96025452541e-6
1991,TLS,Timor-Leste,17005147,3.29555584222e-6
1992,TLS,Timor-Leste,19319485,3.76399465667e-6
1993,TLS,Timor-Leste,19900892,3.90338045914e-6
1994,TLS,Timor-Leste,22984129,4.34471392891e-6
1995,TLS,Timor-Leste,27749131,4.99367783505e-6
1996,TLS,Timor-Leste,29991485,5.26573765555e-6
1997,TLS,Timor-Leste,33635311,5.63749024559e-6
1998,TLS,Timor-Leste,32233839,5.3280711668e-6
1999,TLS,Timor-Leste,16015555,2.5598587687e-6
2000,TLS,Timor-Leste,17691583,2.65709372372e-6
2001,TLS,Timor-Leste,21219673,3.21137219233e-6
2002,TLS,Timor-Leste,20123403,3.00537169712e-6
2003,TLS,Timor-Leste,20175396,2.90955939307e-6
2004,TLS,Timor-Leste,18629699,2.22427401153e-6
2005,TLS,Timor-Leste,17222102,1.9698667742e-6
2006,TLS,Timor-Leste,16787649,1.79891333936e-6
2007,TLS,Timor-Leste,15983016,1.61477091904e-6
2008,TLS,Timor-Leste,14812731,1.47675466914e-6
2009,TLS,Timor-Leste,13749216,1.4582986226e-6
2010,TLS,Timor-Leste,11866059,1.15123612803e-6
2011,TLS,Timor-Leste,11519383,1.07079624269e-6
2012,TLS,Timor-Leste,10280301,9.3352835933e-7
2013,TLS,Timor-Leste,10303042,9.0540578178e-7
2014,TLS,Timor-Leste,11370776,9.5802621753e-7
2015,TLS,Timor-Leste,15485448,1.2578270736e-6
2016,TLS,Timor-Leste,18128329,1.43367594458e-6
2017,TLS,Timor-Leste,24837514,1.89740815842e-6
2018,TLS,Timor-Leste,25521908,1.87334920017e-6
2019,TLS,Timor-Leste,35599533,2.57354206403e-6
2020,TLS,Timor-Leste,31598063,2.33344526955e-6
2021,TLS,Timor-Leste,25567226,1.72887416434e-6
2022,TLS,Timor-Leste,36289624,2.4019883399e-6
2023,TLS,Timor-Leste,27925045,1.81969946915e-6
1970,TON,Tonga,14739221.9558022,5.2450540476e-6
1971,TON,Tonga,15166650.6026725,5.23226108613e-6
1972,TON,Tonga,15450353.5224163,5.0120396433e-6
1973,TON,Tonga,15666797.4100669,4.66218115892e-6
1974,TON,Tonga,16521995.1618211,4.85299291554e-6
1975,TON,Tonga,16331145.937392,4.94182181409e-6
1976,TON,Tonga,16331145.937392,4.61746239862e-6
1977,TON,Tonga,19300445.4768555,5.25146489503e-6
1978,TON,Tonga,20785095.0280648,5.46695775578e-6
1979,TON,Tonga,20785095.0280648,5.25243860409e-6
1980,TON,Tonga,25239044.1187376,6.36952539999e-6
1981,TON,Tonga,31177642.3235748,7.77072091037e-6
1982,TON,Tonga,32662292.311829,8.28614082062e-6
1983,TON,Tonga,22269744.5792741,5.54513059749e-6
1984,TON,Tonga,28515461.2609717,6.7348347342e-6
1985,TON,Tonga,28329541.466498,6.42278906851e-6
1986,TON,Tonga,26828344.0824667,5.95775641369e-6
1987,TON,Tonga,24535292.4930957,5.20889660109e-6
1988,TON,Tonga,26435833.5786687,5.31487598922e-6
1989,TON,Tonga,29210967.5966466,5.70844089236e-6
1990,TON,Tonga,28604976.3699376,5.53172837245e-6
1991,TON,Tonga,26890355.5158833,5.21128504327e-6
1992,TON,Tonga,26601140.148225,5.1826717627e-6
1993,TON,Tonga,28129841.2078056,5.51741462088e-6
1994,TON,Tonga,23949971.7441923,4.52728819239e-6
1995,TON,Tonga,23061348.3578592,4.15007389388e-6
1996,TON,Tonga,23949794.3039439,4.20497130132e-6
1997,TON,Tonga,24303154.7584492,4.07336200601e-6
1998,TON,Tonga,24523470.4272838,4.05359087676e-6
1999,TON,Tonga,25324226.8011455,4.04771761187e-6
2000,TON,Tonga,24669939.0484966,3.70517099631e-6
2001,TON,Tonga,24765200.8614684,3.74795018679e-6
2002,TON,Tonga,25278995.7084627,3.77534447002e-6
2003,TON,Tonga,25959553.795821,3.74371157753e-6
2004,TON,Tonga,27015079.4028112,3.22543799742e-6
2005,TON,Tonga,25543361.1374889,2.92165372183e-6
2006,TON,Tonga,24860476.6598786,2.66397296527e-6
2007,TON,Tonga,22959040.5062545,2.31956164835e-6
2008,TON,Tonga,22349645.5734995,2.22814708877e-6
2009,TON,Tonga,21871600.5661115,2.31979226886e-6
2010,TON,Tonga,21983955.643999,2.13286685786e-6
2011,TON,Tonga,22534283.9521891,2.09469783127e-6
2012,TON,Tonga,22979792.2744201,2.08673732215e-6
2013,TON,Tonga,23434774.4199636,2.05938986318e-6
2014,TON,Tonga,23646389.8350416,1.99228807357e-6
2015,TON,Tonga,24361972.7044393,1.97883515117e-6
2016,TON,Tonga,26170914.8507399,2.06972253588e-6
2017,TON,Tonga,26573945.900498,2.03005911755e-6
2018,TON,Tonga,26101402.8519457,1.91588505671e-6
2019,TON,Tonga,24845927.8706434,1.79614829483e-6
2020,TON,Tonga,25736798.9791381,1.9006042184e-6
2021,TON,Tonga,27639669.0772328,1.86901425202e-6
2022,TON,Tonga,22049210.825011,1.45942397489e-6
2023,TON,Tonga,19161984.8302036,1.24866597792e-6
1970,TTO,Trinidad y Tobago,770478069.073515,2.7417994836542e-4
1971,TTO,Trinidad y Tobago,766596567.652156,2.6446402009031e-4
1972,TTO,Trinidad y Tobago,803470832.848124,2.6064307594216e-4
1973,TTO,Trinidad y Tobago,789885577.183603,2.3505695256438e-4
1974,TTO,Trinidad y Tobago,822878340.958213,2.4170342140379e-4
1975,TTO,Trinidad y Tobago,716137046.791666,2.1670381816941e-4
1976,TTO,Trinidad y Tobago,850048852.161843,2.4034251037236e-4
1977,TTO,Trinidad y Tobago,824819091.731598,2.2442531236789e-4
1978,TTO,Trinidad y Tobago,869456360.271932,2.2868700795878e-4
1979,TTO,Trinidad y Tobago,892745369.928792,2.2559869167367e-4
1980,TTO,Trinidad y Tobago,914093628.686854,2.3068791981606e-4
1981,TTO,Trinidad y Tobago,853930353.834026,2.1283374758343e-4
1982,TTO,Trinidad y Tobago,870772263.73112,2.209073855285e-4
1983,TTO,Trinidad y Tobago,884427866.435123,2.2022111686047e-4
1984,TTO,Trinidad y Tobago,872593010.716517,2.0609064197203e-4
1985,TTO,Trinidad y Tobago,777458978.942431,1.7626317874131e-4
1986,TTO,Trinidad y Tobago,815694666.388228,1.8114089022252e-4
1987,TTO,Trinidad y Tobago,755154827.838323,1.6032103212697e-4
1988,TTO,Trinidad y Tobago,760617068.919925,1.5292067051974e-4
1989,TTO,Trinidad y Tobago,799307943.018013,1.5620167775745e-4
1990,TTO,Trinidad y Tobago,821156907.344418,1.5879813721388e-4
1991,TTO,Trinidad y Tobago,889890107.516725,1.7245852345538e-4
1992,TTO,Trinidad y Tobago,912649445.273122,1.7781051800446e-4
1993,TTO,Trinidad y Tobago,884883053.087414,1.7356182919084e-4
1994,TTO,Trinidad y Tobago,943146957.999632,1.7828405529025e-4
1995,TTO,Trinidad y Tobago,982748205.527712,1.7685339160287e-4
1996,TTO,Trinidad y Tobago,1074358660.51972,1.8862990126257e-4
1997,TTO,Trinidad y Tobago,1122522955.54078,1.8814192656974e-4
1998,TTO,Trinidad y Tobago,1278417999.74406,2.1131526044925e-4
1999,TTO,Trinidad y Tobago,1500956701.3107,2.3990658914346e-4
2000,TTO,Trinidad y Tobago,1710323942.62318,2.5687305728871e-4
2001,TTO,Trinidad y Tobago,1727741601.41869,2.6147534574822e-4
2002,TTO,Trinidad y Tobago,1943486844.80245,2.9025410648045e-4
2003,TTO,Trinidad y Tobago,2569547430.5694,3.7056278164558e-4
2004,TTO,Trinidad y Tobago,2786515520.20162,3.3269319350305e-4
2005,TTO,Trinidad y Tobago,3093096977.37707,3.537889257143e-4
2006,TTO,Trinidad y Tobago,3899575407.67773,4.1786662436987e-4
2007,TTO,Trinidad y Tobago,4063571992.60087,4.1054441046036e-4
2008,TTO,Trinidad y Tobago,4282930591.34029,4.2698660688541e-4
2009,TTO,Trinidad y Tobago,4043037689.53112,4.2882127197609e-4
2010,TTO,Trinidad y Tobago,4044675913.25807,3.9241141793937e-4
2011,TTO,Trinidad y Tobago,3929263915.34138,3.6524881906409e-4
2012,TTO,Trinidad y Tobago,3819566690.94519,3.4684527489557e-4
2013,TTO,Trinidad y Tobago,3818282679.42143,3.3554121340611e-4
2014,TTO,Trinidad y Tobago,3732405055.59924,3.1446771071226e-4
2015,TTO,Trinidad y Tobago,3800698160.15565,3.0871699962684e-4
2016,TTO,Trinidad y Tobago,3676469565.59472,2.9075299643975e-4
2017,TTO,Trinidad y Tobago,3595007728.48783,2.7463283940672e-4
2018,TTO,Trinidad y Tobago,3561601376.35753,2.6142728395282e-4
2019,TTO,Trinidad y Tobago,3462557894.67104,2.5031335077029e-4
2020,TTO,Trinidad y Tobago,3055188376.97099,2.2561873067474e-4
2021,TTO,Trinidad y Tobago,3052360077.69053,2.0640277825177e-4
2022,TTO,Trinidad y Tobago,3199729274.76117,2.1178815214003e-4
2023,TTO,Trinidad y Tobago,3047918401.36746,1.9861366372e-4
1970,TUN,Túnez,500608226.648701,1.7814489891827e-4
1971,TUN,Túnez,628523893.564148,2.1683107207729e-4
1972,TUN,Túnez,802236527.664636,2.6024267173765e-4
1973,TUN,Túnez,799078115.998051,2.3779250087982e-4
1974,TUN,Túnez,893830461.314557,2.6254413307693e-4
1975,TUN,Túnez,907253710.807523,2.7453592026996e-4
1976,TUN,Túnez,1117288076.73322,3.1590163375698e-4
1977,TUN,Túnez,1164986509.20569,3.169815828147e-4
1978,TUN,Túnez,1246264637.82192,3.2779624621895e-4
1979,TUN,Túnez,1382872948.0342,3.4945499392767e-4
1980,TUN,Túnez,1592364462.28664,4.0186172823634e-4
1981,TUN,Túnez,1751104845.13735,4.3644567139315e-4
1982,TUN,Túnez,1839251547.42467,4.6660219622739e-4
1983,TUN,Túnez,1991123355.88411,4.9578651451496e-4
1984,TUN,Túnez,2121626266.43745,5.0108964191197e-4
1985,TUN,Túnez,2230760279.80484,5.0575131110214e-4
1986,TUN,Túnez,2376298057.77337,5.277032734872e-4
1987,TUN,Túnez,2472407910.89743,5.2489764151892e-4
1988,TUN,Túnez,2638612920.59811,5.304883016008e-4
1989,TUN,Túnez,2783283542.00305,5.4391247169902e-4
1990,TUN,Túnez,2639769129.10951,5.1048760185547e-4
1991,TUN,Túnez,2742382657.00057,5.3146704270682e-4
1992,TUN,Túnez,2919571649.71996,5.6881703054397e-4
1993,TUN,Túnez,3064104899.40662,6.0099653769852e-4
1994,TUN,Túnez,3328600747.06058,6.2920887841994e-4
1995,TUN,Túnez,3474579329.22251,6.2527831168746e-4
1996,TUN,Túnez,3568525941.91493,6.2654188104253e-4
1997,TUN,Túnez,3835912454.15933,6.4292311860181e-4
1998,TUN,Túnez,4065637187.06517,6.7202681849664e-4
1999,TUN,Túnez,4349768010.54528,6.9524857450184e-4
2000,TUN,Túnez,4599317861.84513,6.9077021678287e-4
2001,TUN,Túnez,4914620757.412,7.4377566686507e-4
2002,TUN,Túnez,4954776642.73578,7.3998147766915e-4
2003,TUN,Túnez,4991423158.71821,7.1982934740182e-4
2004,TUN,Túnez,5111151673.87757,6.1024076863487e-4
2005,TUN,Túnez,5177898022.72321,5.922488018694e-4
2006,TUN,Túnez,5388416727.99203,5.7740632592743e-4
2007,TUN,Túnez,5856343044.57192,5.9166883398775e-4
2008,TUN,Túnez,6107967960.19733,6.0893363986861e-4
2009,TUN,Túnez,6048476379.07639,6.4152638030285e-4
2010,TUN,Túnez,6473346145.59171,6.280391789803e-4
2011,TUN,Túnez,6427510161.54466,5.9747590047604e-4
2012,TUN,Túnez,6715800475.76393,6.0984500353985e-4
2013,TUN,Túnez,6908793496.60589,6.071276402654e-4
2014,TUN,Túnez,6865286343.84254,5.7842352257389e-4
2015,TUN,Túnez,6413880178.4235,5.2097634729507e-4
2016,TUN,Túnez,6439915886.01708,5.0929969833071e-4
2017,TUN,Túnez,6536656558.43398,4.9935373897635e-4
2018,TUN,Túnez,6652107170.44443,4.8827539254574e-4
2019,TUN,Túnez,6589831613.64808,4.7638852039497e-4
2020,TUN,Túnez,5898957440.14194,4.3562462464873e-4
2021,TUN,Túnez,6318450900.48942,4.2725818282067e-4
2022,TUN,Túnez,6665690419.82247,4.4119803131065e-4
2023,TUN,Túnez,6701013676.6759,4.3666289634438e-4
1970,TUR,Turquía,11904164199.0034,0.00423617914179048
1971,TUR,Turquía,12939826930.9338,0.00446404118388966
1972,TUR,Turquía,14350267322.484,0.00465517559892755
1973,TUR,Turquía,16201451894.6563,0.00482128553740022
1974,TUR,Turquía,17384159265.8908,0.00510623571389831
1975,TUR,Turquía,18896580347.1082,0.00571812494537067
1976,TUR,Turquía,20597272115.7101,0.00582366539819753
1977,TUR,Turquía,21956692436.8034,0.00597420405043059
1978,TUR,Turquía,22659307792.5437,0.00595991879324828
1979,TUR,Turquía,21277089067.9919,0.00537676656530404
1980,TUR,Turquía,20443027286.1374,0.00515916454439885
1981,TUR,Turquía,22372850277.3015,0.00557621303337181
1982,TUR,Turquía,23809187135.7478,0.0060401846737519
1983,TUR,Turquía,25585351000.9376,0.00637071126603524
1984,TUR,Turquía,27951996601.2756,0.00660175460175511
1985,TUR,Turquía,29545260196.3025,0.00669841318962396
1986,TUR,Turquía,32647512120.3545,0.00725001603261304
1987,TUR,Turquía,35931851815.921,0.0076284112303856904
1988,TUR,Turquía,36497084441.2351,0.00733767207287954
1989,TUR,Turquía,37599486560.3742,0.00734773491850184
1990,TUR,Turquía,41239412212.4519,0.0079750188795358
1991,TUR,Turquía,42221053693.6818,0.00818233680455426
1992,TUR,Turquía,44656926820.6999,0.00870046142207416
1993,TUR,Turquía,48808178345.4505,0.00957328393119588
1994,TUR,Turquía,45078426454.192,0.00852122207063298
1995,TUR,Turquía,51350612100.0085,0.00924095293147207
1996,TUR,Turquía,55002775875.3357,0.00965708060426799
1997,TUR,Turquía,61298110026.0136,0.0102739498185338
1998,TUR,Turquía,62017695467.0584,0.0102511740860248
1999,TUR,Turquía,58546064812.2846,0.00935775609291198
2000,TUR,Turquía,62934741139.4323,0.00945215053317041
2001,TUR,Turquía,57513528216.7474,0.00870406180144425
2002,TUR,Turquía,60042518670.8515,0.00896717549401027
2003,TUR,Turquía,65886665798.301,0.00950173009500013
2004,TUR,Turquía,74765209033.8748,0.00892651628030544
2005,TUR,Turquía,81886298077.946,0.00936616783748058
2006,TUR,Turquía,89748751575.4666,0.00961720288532241
2007,TUR,Turquía,95772323977.9418,0.00967591871327416
2008,TUR,Turquía,96212963778.0698,0.00959194786510209
2009,TUR,Turquía,87595968127.8035,0.00929079008335897
2010,TUR,Turquía,95631511865.5479,0.00927809742378519
2011,TUR,Turquía,114981115372.104,0.0106881893171801
2012,TUR,Turquía,117473227447.853,0.0106674492589992
2013,TUR,Turquía,129001921549.327,0.011336368970707
2014,TUR,Turquía,136241787327.76,0.0114788299571169
2015,TUR,Turquía,144307461529.251,0.0117215744765305
2016,TUR,Turquía,150093713605.147,0.0118701368796473
2017,TUR,Turquía,164000959459.915,0.0125284985634366
2018,TUR,Turquía,166332045540.015,0.012209040345867
2019,TUR,Turquía,162576061863.736,0.0117528601796901
2020,TUR,Turquía,167481921542.855,0.0123681599584147
2021,TUR,Turquía,198708556483.283,0.0134368151452109
2022,TUR,Turquía,207303052768.196,0.0137212641160213
2023,TUR,Turquía,212578086141.006,0.0138523762631276
1970,TUV,Tuvalu,233857.501199573,8.321980881e-8
1971,TUV,Tuvalu,230010.862289659,7.935020827e-8
1972,TUV,Tuvalu,225316.511257712,7.309187359e-8
1973,TUV,Tuvalu,221128.755312391,6.580427956e-8
1974,TUV,Tuvalu,218195.874588814,6.409050621e-8
1975,TUV,Tuvalu,214361.57395465,6.486603612e-8
1976,TUV,Tuvalu,211721.182944411,5.986197202e-8
1977,TUV,Tuvalu,203288.334360584,5.531279331e-8
1978,TUV,Tuvalu,201379.530524155,5.296744541e-8
1979,TUV,Tuvalu,204136.772263544,5.158580519e-8
1980,TUV,Tuvalu,196232.292194135,4.9522738e-8
1981,TUV,Tuvalu,199173.882288829,4.964213252e-8
1982,TUV,Tuvalu,168049.493041145,4.263270167e-8
1983,TUV,Tuvalu,195598.685445389,4.870375821e-8
1984,TUV,Tuvalu,222513.54531996,5.255366343e-8
1985,TUV,Tuvalu,161711.973991832,3.666285598e-8
1986,TUV,Tuvalu,222946.83653302,4.9509688e-8
1987,TUV,Tuvalu,271863.019410443,5.771711742e-8
1988,TUV,Tuvalu,446739.207845295,8.981610064e-8
1989,TUV,Tuvalu,385388.220355883,7.531300937e-8
1990,TUV,Tuvalu,261714.424716609,5.061123246e-8
1991,TUV,Tuvalu,283166.331558177,5.487694156e-8
1992,TUV,Tuvalu,314628.934717563,6.129881977e-8
1993,TUV,Tuvalu,298182.013144441,5.848571226e-8
1994,TUV,Tuvalu,282450.711564748,5.339195323e-8
1995,TUV,Tuvalu,214520.519977531,3.860468155e-8
1996,TUV,Tuvalu,200575.365257705,3.52159039e-8
1997,TUV,Tuvalu,262898.899188492,4.406351348e-8
1998,TUV,Tuvalu,290835.658607433,4.807348845e-8
1999,TUV,Tuvalu,255017.644108728,4.076094474e-8
2000,TUV,Tuvalu,200575.365257705,3.012435598e-8
2001,TUV,Tuvalu,215423.391449971,3.260204287e-8
2002,TUV,Tuvalu,255763.02112014,3.819746316e-8
2003,TUV,Tuvalu,341620.001589406,4.926613011e-8
2004,TUV,Tuvalu,266525.626477707,3.182155677e-8
2005,TUV,Tuvalu,220485.713411602,2.521919107e-8
2006,TUV,Tuvalu,242090.034247714,2.594163077e-8
2007,TUV,Tuvalu,220506.761058468,2.227789205e-8
2008,TUV,Tuvalu,303009.182085919,3.02084892e-8
2009,TUV,Tuvalu,295878.384484051,3.13820832e-8
2010,TUV,Tuvalu,310097.158613129,3.008539332e-8
2011,TUV,Tuvalu,316112.430931122,2.93845602e-8
2012,TUV,Tuvalu,336455.344517153,3.055266628e-8
2013,TUV,Tuvalu,286278.480170575,2.515744293e-8
2014,TUV,Tuvalu,355594.187546288,2.996000927e-8
2015,TUV,Tuvalu,448070.29006431,3.639513314e-8
2016,TUV,Tuvalu,508046.648479124,4.017878639e-8
2017,TUV,Tuvalu,435468.555839249,3.32666784e-8
2018,TUV,Tuvalu,580624.741118999,4.261879223e-8
2019,TUV,Tuvalu,653202.833758874,4.722098374e-8
2020,TUV,Tuvalu,145156.18527975,1.071945498e-8
2021,TUV,Tuvalu,8431.39702197426,5.7013711e-10
2022,TUV,Tuvalu,72578.0926398748,4.8039002e-9
2023,TUV,Tuvalu,50719.7484795237,3.30508686e-9
1970,UGA,Uganda,389599103.285442,1.386415347947e-4
1971,UGA,Uganda,400390369.770858,1.3812851669732e-4
1972,UGA,Uganda,400198894.158039,1.2982309562159e-4
1973,UGA,Uganda,400229890.033231,1.1910183068771e-4
1974,UGA,Uganda,400742325.120674,1.1770973455223e-4
1975,UGA,Uganda,394296141.090113,1.1931442402888e-4
1976,UGA,Uganda,394985239.289127,1.116779861879e-4
1977,UGA,Uganda,402279630.383318,1.0945640397154e-4
1978,UGA,Uganda,380420058.164595,1.0005921958171e-4
1979,UGA,Uganda,338031211.283218,8.542122040514e-5
1980,UGA,Uganda,331189921.691301,8.358171603139e-5
1981,UGA,Uganda,318768913.286505,7.945001852112e-5
1982,UGA,Uganda,382323679.72575,9.699220798784e-5
1983,UGA,Uganda,410915354.314295,1.0231726260159e-4
1984,UGA,Uganda,395723460.991167,9.346270382351e-5
1985,UGA,Uganda,368068901.603287,8.344748256772e-5
1986,UGA,Uganda,355210135.299121,7.888132995774e-5
1987,UGA,Uganda,387622728.049204,8.22931583641e-5
1988,UGA,Uganda,449887753.465266,9.044910997884e-5
1989,UGA,Uganda,502163324.067201,9.813333448356e-5
1990,UGA,Uganda,528827632.856859,1.0226650017044e-4
1991,UGA,Uganda,591672317.160581,1.1466464603329e-4
1992,UGA,Uganda,638552229.625237,1.2440844982773e-4
1993,UGA,Uganda,718269818.022941,1.4088214598943e-4
1994,UGA,Uganda,847074853.145632,1.6012344489082e-4
1995,UGA,Uganda,979953787.858622,1.7635051381632e-4
1996,UGA,Uganda,1186982745.3158,2.0840380989807e-4
1997,UGA,Uganda,1341023719.1718,2.2476403253522e-4
1998,UGA,Uganda,1467956692.36034,2.4264493368871e-4
1999,UGA,Uganda,1606164307.92553,2.5672252929208e-4
2000,UGA,Uganda,1665741708.16736,2.5017726441577e-4
2001,UGA,Uganda,1803835455.54468,2.7299134258512e-4
2002,UGA,Uganda,1867342234.12328,2.7888213038753e-4
2003,UGA,Uganda,1983617519.78211,2.8606392592974e-4
2004,UGA,Uganda,2071243668.84744,2.4729403648252e-4
2005,UGA,Uganda,2268632643.96636,2.5948656373194e-4
2006,UGA,Uganda,2347564870.55609,2.5155790192367e-4
2007,UGA,Uganda,2525181940.36365,2.5512020776288e-4
2008,UGA,Uganda,2705896888.13407,2.6976429017603e-4
2009,UGA,Uganda,2835785007.10097,3.0077506745597e-4
2010,UGA,Uganda,4517309358.06879,4.3826595961867e-4
2011,UGA,Uganda,4604539762.7029,4.2801978866689e-4
2012,UGA,Uganda,4717125278.42223,4.2835031989096e-4
2013,UGA,Uganda,4432302234.16674,3.8949972925008e-4
2014,UGA,Uganda,4882622834.90157,4.11377436878e-4
2015,UGA,Uganda,5283836076.49019,4.291869417979e-4
2016,UGA,Uganda,5075455386.64874,4.0139156210469e-4
2017,UGA,Uganda,5393946490.8015,4.1205887504443e-4
2018,UGA,Uganda,5750094037.18676,4.2206617410746e-4
2019,UGA,Uganda,6215914208.78329,4.4935748687288e-4
2020,UGA,Uganda,5922687059.65066,4.3737700321672e-4
2021,UGA,Uganda,6250572897.73196,4.2266822357775e-4
2022,UGA,Uganda,6505573682.07109,4.3060000094523e-4
2023,UGA,Uganda,6674959934.18472,4.3496513788488e-4
1990,UKR,Ucrania,30404575509.5962,0.00587974102211107
1991,UKR,Ucrania,27101843719.7658,0.00525227093924239
1992,UKR,Ucrania,23881107330.289,0.00465273066993228
1993,UKR,Ucrania,18510268131.9253,0.00363062213089142
1994,UKR,Ucrania,11337172674.7505,0.00214307760083044
1995,UKR,Ucrania,10062616811.1642,0.00181084829404385
1996,UKR,Ucrania,9633644750.73524,0.00169142161263994
1997,UKR,Ucrania,9380964546.93053,0.00157230881936992
1998,UKR,Ucrania,9369453673.97255,0.00154871766807031
1999,UKR,Ucrania,9947104911.65193,0.00158990329909098
2000,UKR,Ucrania,10418888138.8484,0.00156480979016778
2001,UKR,Ucrania,11730775307.8626,0.00177532828230768
2002,UKR,Ucrania,12976458159.1021,0.00193799627629278
2003,UKR,Ucrania,15176795603.5781,0.0021886949929086
2004,UKR,Ucrania,16998921827.2286,0.00202956902547607
2005,UKR,Ucrania,16971229211.9564,0.0019411719046846
2006,UKR,Ucrania,18401020636.0786,0.00197179733029899
2007,UKR,Ucrania,20192225854.3446,0.00204002918475394
2008,UKR,Ucrania,19241020498.5929,0.00191823282691486
2009,UKR,Ucrania,15084949314.0239,0.00159997201344044
2010,UKR,Ucrania,15383677705.1093,0.00149251285167161
2011,UKR,Ucrania,15889587206.0321,0.00147703312565985
2012,UKR,Ucrania,15528507826.8777,0.00141010486312485
2013,UKR,Ucrania,13989053779.1172,0.00122932335647804
2014,UKR,Ucrania,12782320908.5881,0.00107695363548044
2015,UKR,Ucrania,10835215141.3682,8.8010543531759e-4
2016,UKR,Ucrania,11232537986.4124,8.8832343608547e-4
2017,UKR,Ucrania,11681587341.6983,8.9238959766511e-4
2018,UKR,Ucrania,11874735239.806,8.7162471409877e-4
2019,UKR,Ucrania,11977079395.044,8.6584050491383e-4
2020,UKR,Ucrania,11286769710.727,8.3350233810364e-4
2021,UKR,Ucrania,11510164988.583,7.7832561405316e-4
2022,UKR,Ucrania,6647523938.65779,4.3999560287175e-4
2023,UKR,Ucrania,7565561689.10439,4.9300005029615e-4
1970,URY,Uruguay,3669328957.18545,0.00130575608106096
1971,URY,Uruguay,3694719726.91408,0.0012746214545146
1972,URY,Uruguay,3747677618.19793,0.00121573326885328
1973,URY,Uruguay,3718659595.57617,0.00110661191621841
1974,URY,Uruguay,3798459157.75986,0.00111571848327424
1975,URY,Uruguay,4037132393.58578,0.00122164047798519
1976,URY,Uruguay,4140871824.3269,0.00117078862803927
1977,URY,Uruguay,4365036048.89428,0.00118768417049323
1978,URY,Uruguay,4616767394.91221,0.00121431594525793
1979,URY,Uruguay,4946121951.32214,0.00124989574705461
1980,URY,Uruguay,5063644942.87575,0.00127790160865383
1981,URY,Uruguay,4832951663.28214,0.00120456569996321
1982,URY,Uruguay,4016094327.19634,0.00101884836576599
1983,URY,Uruguay,3734619508.00593,9.2991425339978e-4
1984,URY,Uruguay,3901893916.84872,9.2155657030742e-4
1985,URY,Uruguay,3840929448.58152,8.7080405817557e-4
1986,URY,Uruguay,4291697032.29256,9.5305492732599e-4
1987,URY,Uruguay,4715593225.10036,0.00100113082121605
1988,URY,Uruguay,4674530380.75216,9.3980578322358e-4
1989,URY,Uruguay,4665545259.38651,9.1174622188521e-4
1990,URY,Uruguay,4597527050.94136,8.8908553889046e-4
1991,URY,Uruguay,4573510745.20538,8.8633518168492e-4
1992,URY,Uruguay,4643712254.17515,9.0472950556768e-4
1993,URY,Uruguay,4223846770.09529,8.284694447269e-4
1994,URY,Uruguay,4400190273.39278,8.3177256665604e-4
1995,URY,Uruguay,4274230628.16533,7.6918195203218e-4
1996,URY,Uruguay,4450574131.46283,7.814069824443e-4
1997,URY,Uruguay,4702493421.91772,7.8816755391421e-4
1998,URY,Uruguay,4727526409.83256,7.8143336121244e-4
1999,URY,Uruguay,4511126556.73736,7.2103944402679e-4
2000,URY,Uruguay,4345716909.51114,6.5268196324568e-4
2001,URY,Uruguay,4050711879.9858,6.1303223148417e-4
2002,URY,Uruguay,3820424162.87301,5.7056923474249e-4
2003,URY,Uruguay,4006866095.4828,5.7784317516741e-4
2004,URY,Uruguay,4306543855.18816,5.1417543442925e-4
2005,URY,Uruguay,4916179380.82749,5.6231338185738e-4
2006,URY,Uruguay,5151972425.80813,5.5206967460623e-4
2007,URY,Uruguay,5579778878.77914,5.6372743843561e-4
2008,URY,Uruguay,6033777385.87893,6.0153721330611e-4
2009,URY,Uruguay,6350046182.07575,6.7351211885944e-4
2010,URY,Uruguay,6512500273.97952,6.3183788309612e-4
2011,URY,Uruguay,6560127388.23977,6.0980347288695e-4
2012,URY,Uruguay,6224030952.985,5.6518864612688e-4
2013,URY,Uruguay,6221661053.34795,5.4674414508206e-4
2014,URY,Uruguay,6402849760.57095,5.3946168120759e-4
2015,URY,Uruguay,6634433001.66743,5.3889105743041e-4
2016,URY,Uruguay,6645027617.89132,5.2552092621887e-4
2017,URY,Uruguay,6449429674.45444,4.9269022984671e-4
2018,URY,Uruguay,6795450006.35213,4.9879698783549e-4
2019,URY,Uruguay,6637527429.22734,4.7983652033564e-4
2020,URY,Uruguay,5931567810.65554,4.3803282653166e-4
2021,URY,Uruguay,6392009625.42696,4.3223227657283e-4
2022,URY,Uruguay,6444790022.8623,4.2657676717802e-4
2023,URY,Uruguay,6344466122.29317,4.1342893573881e-4
1970,USA,Estados Unidos,780186486284.276,0.277634755758909
1971,USA,Estados Unidos,790485779883.369,0.272705430722778
1972,USA,Estados Unidos,847936852404.695,0.275067694283377
1973,USA,Estados Unidos,927249619090.705,0.275934231521336
1974,USA,Estados Unidos,891141227965.47,0.26175422663624
1975,USA,Estados Unidos,838194959346.712,0.253638669964847
1976,USA,Estados Unidos,902610928424.169,0.255203893135417
1977,USA,Estados Unidos,941021435179.245,0.256042848246424
1978,USA,Estados Unidos,980503059213.023,0.257894842284814
1979,USA,Estados Unidos,988322471766.265,0.249751232649844
1980,USA,Estados Unidos,921024248980.486,0.232436986135311
1981,USA,Estados Unidos,951789150824.73,0.237224090898931
1982,USA,Estados Unidos,903334430419.049,0.229168125345081
1983,USA,Estados Unidos,931407403352.42,0.231918946024561
1984,USA,Estados Unidos,1004986793598.23,0.237359652120073
1985,USA,Estados Unidos,1031521521439.39,0.233863479918017
1986,USA,Estados Unidos,1041007366175.03,0.231175964251554
1987,USA,Estados Unidos,1119329678787.66,0.237636154571482
1988,USA,Estados Unidos,1198444045492.65,0.240944983363789
1989,USA,Estados Unidos,1189167832684.94,0.232388545895381
1990,USA,Estados Unidos,1179251881062.84,0.228047770583031
1991,USA,Estados Unidos,1140760929067.84,0.221076674277935
1992,USA,Estados Unidos,1160806078583.83,0.226158610192279
1993,USA,Estados Unidos,1201322870156.42,0.235628645012083
1994,USA,Estados Unidos,1290139942211.7,0.243876501788522
1995,USA,Estados Unidos,1374478842566.23,0.247348449609944
1996,USA,Estados Unidos,1407958507182.49,0.24720150165045
1997,USA,Estados Unidos,1479817719786.91,0.2480267823464
1998,USA,Estados Unidos,1540634999756.12,0.254658246595306
1999,USA,Estados Unidos,1626862239163.93,0.260030799331714
2000,USA,Estados Unidos,1742977422665.46,0.261777273993248
2001,USA,Estados Unidos,1673412451742.71,0.253253205826339
2002,USA,Estados Unidos,1688200215022.02,0.252127790976188
2003,USA,Estados Unidos,1782654449494.47,0.257082388773485
2004,USA,Estados Unidos,1908454576552.91,0.227857997964058
2005,USA,Estados Unidos,1966251820359.23,0.224900196888937
2006,USA,Estados Unidos,2079451106876.25,0.22282764755921
2007,USA,Estados Unidos,2150161608757.13,0.217231743812842
2008,USA,Estados Unidos,2105798318917.22,0.209937485514583
2009,USA,Estados Unidos,1907725602306.28,0.202341254814574
2010,USA,Estados Unidos,2016342764990.78,0.195624059981724
2011,USA,Estados Unidos,2026860821971.7,0.188408958416355
2012,USA,Estados Unidos,2014780677320.15,0.182957181906536
2013,USA,Estados Unidos,2078654033608.81,0.182666961890389
2014,USA,Estados Unidos,2114358627003.81,0.178141843437155
2015,USA,Estados Unidos,2141414684580,0.17393938916563
2016,USA,Estados Unidos,2137230047814.36,0.169022490026402
2017,USA,Estados Unidos,2104055439346.64,0.160734764211476
2018,USA,Estados Unidos,2207091143457.43,0.162004048768791
2019,USA,Estados Unidos,2218860469139.69,0.160404653385551
2020,USA,Estados Unidos,2122560637044.66,0.156746287829552
2021,USA,Estados Unidos,2283291069629.21,0.154397780187687
2022,USA,Estados Unidos,2304733362838.99,0.152548912166196
2023,USA,Estados Unidos,2311701609474.19,0.150639047908603
1990,UZB,Uzbekistán,6679118916.95972,0.0012916309084865
1991,UZB,Uzbekistán,6949489528.24055,0.00134679405095701
1992,UZB,Uzbekistán,5632730816.75156,0.0010974189372422
1993,UZB,Uzbekistán,5278767052.77024,0.00103538254276032
1994,UZB,Uzbekistán,4697764989.6761,8.8802342631354e-4
1995,UZB,Uzbekistán,4453646801.82289,8.0146932599153e-4
1996,UZB,Uzbekistán,4533791701.6166,7.9601785925691e-4
1997,UZB,Uzbekistán,4647216958.68204,7.7890287007342e-4
1998,UZB,Uzbekistán,4675002532.12648,7.7275146147426e-4
1999,UZB,Uzbekistán,4731054608.56657,7.5619181632722e-4
2000,UZB,Uzbekistán,4792956033.45441,7.198526776603e-4
2001,UZB,Uzbekistán,4921698606.60045,7.4484682418523e-4
2002,UZB,Uzbekistán,5089149188.96546,7.6004962654585e-4
2003,UZB,Uzbekistán,5243723106.42811,7.5621434240917e-4
2004,UZB,Uzbekistán,5574908415.99548,6.6561053436028e-4
2005,UZB,Uzbekistán,5789622847.0565,6.6221798486513e-4
2006,UZB,Uzbekistán,6157082009.44442,6.5977415648622e-4
2007,UZB,Uzbekistán,6535561505.01584,6.6029056455497e-4
2008,UZB,Uzbekistán,7010464745.23392,6.9890802347102e-4
2009,UZB,Uzbekistán,7327372364.07915,7.7717136932535e-4
2010,UZB,Uzbekistán,7474485236.538,7.2516894132913e-4
2011,UZB,Uzbekistán,8082285329.0251,7.5129724940071e-4
2012,UZB,Uzbekistán,8588431119.19661,7.798938972636e-4
2013,UZB,Uzbekistán,9658900637.62663,8.4880023618612e-4
2014,UZB,Uzbekistán,10427457401.9055,8.7854844500535e-4
2015,UZB,Uzbekistán,11041283754.088,8.9684364528729e-4
2016,UZB,Uzbekistán,11778835167.9417,9.3152725965651e-4
2017,UZB,Uzbekistán,12275474862.218,9.3775835021495e-4
2018,UZB,Uzbekistán,12991119713.539,9.5356913459245e-4
2019,UZB,Uzbekistán,13851301674.2318,0.0010013307618461
2020,UZB,Uzbekistán,14941671573.5257,0.00110340854920378
2021,UZB,Uzbekistán,16182148317.7672,0.00109424847850735
2022,UZB,Uzbekistán,17060120554.8785,0.00112919909696846
2023,UZB,Uzbekistán,18206595911.9391,0.00118640929373882
1970,VCT,San Vicente y las Granadinas,17730181.5235078,6.30940769082e-6
1971,VCT,San Vicente y las Granadinas,18093318.3810975,6.24191643656e-6
1972,VCT,San Vicente y las Granadinas,22841821.799601,7.40980562152e-6
1973,VCT,San Vicente y las Granadinas,20720562.6064628,6.16609853677e-6
1974,VCT,San Vicente y las Granadinas,17955308.3715079,5.27399890085e-6
1975,VCT,San Vicente y las Granadinas,17274105.167517,5.22716226179e-6
1976,VCT,San Vicente y las Granadinas,20422910.9195978,5.77436657557e-6
1977,VCT,San Vicente y las Granadinas,15880141.6134562,4.32083323212e-6
1978,VCT,San Vicente y las Granadinas,24084881.25804,6.33487738271e-6
1979,VCT,San Vicente y las Granadinas,28584254.5261508,7.2233031285e-6
1980,VCT,San Vicente y las Granadinas,30172269.0655667,7.6145131838e-6
1981,VCT,San Vicente y las Granadinas,30701606.7412783,7.65207372034e-6
1982,VCT,San Vicente y las Granadinas,32289620.9026239,8.19159731011e-6
1983,VCT,San Vicente y las Granadinas,33348297.3882579,8.3036724361e-6
1984,VCT,San Vicente y las Granadinas,35994987.279097,8.50136311547e-6
1985,VCT,San Vicente y las Granadinas,36524325.3328789,8.28068600263e-6
1986,VCT,San Vicente y las Granadinas,38641677.9260767,8.58113731479e-6
1987,VCT,San Vicente y las Granadinas,42347044.3025498,8.9903707158200008e-06
1988,VCT,San Vicente y las Granadinas,44464396.139607,8.93948551743e-6
1989,VCT,San Vicente y las Granadinas,49886883.5105903,9.74895216607e-6
1990,VCT,San Vicente y las Granadinas,42295401.0399856,8.17922961834e-6
1991,VCT,San Vicente y las Granadinas,42766135.5578165,8.28797233489e-6
1992,VCT,San Vicente y las Granadinas,49894740.9446911,9.72093916127e-6
1993,VCT,San Vicente y las Granadinas,48207828.8977322,9.45553080219e-6
1994,VCT,San Vicente y las Granadinas,48744366.543372,9.21419855749e-6
1995,VCT,San Vicente y las Granadinas,49286875.8086827,8.86956709688e-6
1996,VCT,San Vicente y las Granadinas,52153349.280614,9.15679417575e-6
1997,VCT,San Vicente y las Granadinas,52733799.4082524,8.83851734794e-6
1998,VCT,San Vicente y las Granadinas,49765995.1686197,8.22603736233e-6
1999,VCT,San Vicente y las Granadinas,50319874.5187665,8.04291652875e-6
2000,VCT,San Vicente y las Granadinas,46034212.2673189,6.91386499966e-6
2001,VCT,San Vicente y las Granadinas,44206998.7269574,6.69025985548e-6
2002,VCT,San Vicente y las Granadinas,42960879.1678779,6.41608232637e-6
2003,VCT,San Vicente y las Granadinas,46408123.7490937,6.69266627376e-6
2004,VCT,San Vicente y las Granadinas,45319281.4159174,5.41084962643e-6
2005,VCT,San Vicente y las Granadinas,49169926.9587648,5.62406408962e-6
2006,VCT,San Vicente y las Granadinas,48430043.4705613,5.18961596262e-6
2007,VCT,San Vicente y las Granadinas,45379772.6566494,4.58473777407e-6
2008,VCT,San Vicente y las Granadinas,44913990.1030129,4.47769858202e-6
2009,VCT,San Vicente y las Granadinas,44074674.1378561,4.67474193343e-6
2010,VCT,San Vicente y las Granadinas,38793788.8219511,3.76374424189e-6
2011,VCT,San Vicente y las Granadinas,40304935.6294878,3.74658726374e-6
2012,VCT,San Vicente y las Granadinas,38657683.5303041,3.51040731994e-6
2013,VCT,San Vicente y las Granadinas,38820631.810026,3.41146085724e-6
2014,VCT,San Vicente y las Granadinas,39616469.6959065,3.33782114914e-6
2015,VCT,San Vicente y las Granadinas,37716666.6666667,3.06358876148e-6
2016,VCT,San Vicente y las Granadinas,37822148.2676931,2.99115843186e-6
2017,VCT,San Vicente y las Granadinas,39839153.0758513,3.04342592703e-6
2018,VCT,San Vicente y las Granadinas,44037245.1826532,3.23240480456e-6
2019,VCT,San Vicente y las Granadinas,37608407.0054096,2.71876649027e-6
2020,VCT,San Vicente y las Granadinas,35360275.7523815,2.6112761464e-6
2021,VCT,San Vicente y las Granadinas,34239303.8747607,2.31528629168e-6
2022,VCT,San Vicente y las Granadinas,35311216.9780776,2.33722816883e-6
2023,VCT,San Vicente y las Granadinas,34254991.521904,2.23218225389e-6
1970,VEN,Venezuela,19788182663.9496,0.00704176162674076
1971,VEN,Venezuela,20472546085.8395,0.00706271338512188
1972,VEN,Venezuela,21390335791.1648,0.00693894873107218
1973,VEN,Venezuela,22960658061.5479,0.00683271409013933
1974,VEN,Venezuela,24371826047.7706,0.0071587176966459
1975,VEN,Venezuela,25464685465.6724,0.00770564041284658
1976,VEN,Venezuela,28531058007.1638,0.00806686120166152
1977,VEN,Venezuela,29523119711.7639,0.00803295586851356
1978,VEN,Venezuela,30886541412.7385,0.00812387034544786
1979,VEN,Venezuela,31905128831.3653,0.00806249526963104
1980,VEN,Venezuela,32706205394.973,0.00825399745809629
1981,VEN,Venezuela,31899823688.56,0.00795071751742246
1982,VEN,Venezuela,33194278533.065,0.0084211011198545
1983,VEN,Venezuela,32626628252.8927,0.00812397798161261
1984,VEN,Venezuela,34112068238.3903,0.00805665179058803
1985,VEN,Venezuela,35809713936.1018,0.0081186714401068
1986,VEN,Venezuela,38372097911.0851,0.00852127182110511
1987,VEN,Venezuela,39316413330.4371,0.00834696108970093
1988,VEN,Venezuela,42016731018.3594,0.00844738692164622
1989,VEN,Venezuela,37045812209.748,0.00723953523994925
1990,VEN,Venezuela,39305803044.8264,0.00760109091135781
1991,VEN,Venezuela,43146726435.8986,0.00836172991498122
1992,VEN,Venezuela,44228975568.1897,0.00861708413599393
1993,VEN,Venezuela,43767428144.1244,0.00858458624692704
1994,VEN,Venezuela,42701094440.2494,0.00807183251514315
1995,VEN,Venezuela,46106996121.2831,0.00829732234035574
1996,VEN,Venezuela,44748879563.1139,0.00785675868198232
1997,VEN,Venezuela,47014175540.9976,0.0078798723168294
1998,VEN,Venezuela,46229014405.8061,0.00764139445895706
1999,VEN,Venezuela,42844333295.9938,0.00684805754635813
2000,VEN,Venezuela,44897423561.6636,0.00674313103340087
2001,VEN,Venezuela,45019441846.1866,0.00681321449484002
2002,VEN,Venezuela,38833645335.1504,0.00579969195998267
2003,VEN,Venezuela,35952952791.8462,0.00518489210840007
2004,VEN,Venezuela,44536673850.8999,0.00531741099019178
2005,VEN,Venezuela,47210465824.7955,0.00539994061252802
2006,VEN,Venezuela,50674724076.688,0.00543014910010694
2007,VEN,Venezuela,52314013203.5407,0.00528530705216254
2008,VEN,Venezuela,53003681768.236,0.00528420009336897
2009,VEN,Venezuela,49592474944.3969,0.00525998267123878
2010,VEN,Venezuela,48430648670.0257,0.00469870514323105
2011,VEN,Venezuela,50149514938.9585,0.00466170038529983
2012,VEN,Venezuela,50908150360.1234,0.0046228414987337
2013,VEN,Venezuela,51327256641.7459,0.00451051203390417
2014,VEN,Venezuela,47693233820.0822,0.00401831575953051
2015,VEN,Venezuela,44160008711.7202,0.00358695818991828
2016,VEN,Venezuela,33390568816.8629,0.00264068769321099
2017,VEN,Venezuela,25151682040.1568,0.00192140834630384
2018,VEN,Venezuela,16079887843.011,0.00118028969580073
2019,VEN,Venezuela,8138089063.40446,5.8831430528944e-4
2020,VEN,Venezuela,5713638801.36024,4.219392635864e-4
2021,VEN,Venezuela,3798482248.62946,2.5685609472732e-4
2022,VEN,Venezuela,2456281118.87631,1.625797667967e-4
2023,VEN,Venezuela,1543796556.35639,1.0059950750607e-4
1970,VGB,Islas Vírgenes Británicas,805308.516675606,2.8657460398e-7
1971,VGB,Islas Vírgenes Británicas,673404.569015112,2.3231421452e-7
1972,VGB,Islas Vírgenes Británicas,624807.661520869,2.0268537962e-7
1973,VGB,Islas Vírgenes Británicas,708115.673741917,2.1072357457e-7
1974,VGB,Islas Vírgenes Británicas,756711.609181363,2.2226831823e-7
1975,VGB,Islas Vírgenes Británicas,909442.802910818,2.7519834182e-7
1976,VGB,Islas Vírgenes Británicas,837242.460848924,2.3672163584e-7
1977,VGB,Islas Vírgenes Británicas,846962.036758732,2.3045019395e-7
1978,VGB,Islas Vírgenes Británicas,817756.650399078,2.1508879589e-7
1979,VGB,Islas Vírgenes Británicas,856697.165545283,2.1648923222e-7
1980,VGB,Islas Vírgenes Británicas,1051401.6853859,2.6534007029e-7
1981,VGB,Islas Vírgenes Británicas,1109812.45810521,2.7660984705e-7
1982,VGB,Islas Vírgenes Británicas,1216899.84681207,3.0871695712e-7
1983,VGB,Islas Vírgenes Británicas,1285045.74831792,3.1997432538e-7
1984,VGB,Islas Vírgenes Británicas,1401868.26581133,3.3109585719e-7
1985,VGB,Islas Vírgenes Británicas,1416625.0296764,3.2117299764e-7
1986,VGB,Islas Vírgenes Británicas,1733890.10647393,3.8504407393e-7
1987,VGB,Islas Vírgenes Británicas,2383176.05187927,5.0595352144e-7
1988,VGB,Islas Vírgenes Británicas,2479093.55892,4.984172257e-7
1989,VGB,Islas Vírgenes Británicas,2641415.04527134,5.1618836686e-7
1990,VGB,Islas Vírgenes Británicas,3771317.93190979,7.2931038766e-7
1991,VGB,Islas Vírgenes Británicas,2454860.23284424,4.7574590106e-7
1992,VGB,Islas Vírgenes Británicas,6427943.69063613,1.25234941329e-6
1993,VGB,Islas Vírgenes Británicas,10211644.628598,2.00292198455e-6
1994,VGB,Islas Vírgenes Británicas,13575059.2062691,2.56610763102e-6
1995,VGB,Islas Vírgenes Británicas,17874301.0701914,3.2166232907e-6
1996,VGB,Islas Vírgenes Británicas,20387750.9338375,3.57956759408e-6
1997,VGB,Islas Vírgenes Británicas,28782707.7725087,4.82416334159e-6
1998,VGB,Islas Vírgenes Británicas,31181266.5915419,5.15408690447e-6
1999,VGB,Islas Vírgenes Británicas,29981987.1820253,4.79219438795e-6
2000,VGB,Islas Vírgenes Británicas,28787705.1062173,4.32361708719e-6
2001,VGB,Islas Vírgenes Británicas,27932275.5001266,4.2272533045e-6
2002,VGB,Islas Vírgenes Británicas,27825037.4429263,4.15558839638e-6
2003,VGB,Islas Vírgenes Británicas,26845451.1659028,3.87146971494e-6
2004,VGB,Islas Vírgenes Británicas,26608655.7013207,3.17691345191e-6
2005,VGB,Islas Vírgenes Británicas,26108716.2548435,2.98631913035e-6
2006,VGB,Islas Vírgenes Británicas,23829296.3598837,2.55347482482e-6
2007,VGB,Islas Vírgenes Británicas,22042092.9360431,2.2269220445e-6
2008,VGB,Islas Vírgenes Británicas,22138934.8671952,2.2071402927e-6
2009,VGB,Islas Vírgenes Británicas,24737666.0142992,2.62377900493e-6
2010,VGB,Islas Vírgenes Británicas,23335120.2262947,2.26395583037e-6
2011,VGB,Islas Vírgenes Británicas,22174653.0206912,2.06126796353e-6
2012,VGB,Islas Vírgenes Británicas,21300539.5493577,1.93424859236e-6
2013,VGB,Islas Vírgenes Británicas,23160713.182659,2.03530604125e-6
2014,VGB,Islas Vírgenes Británicas,25377566.7706447,2.13814556751e-6
2015,VGB,Islas Vírgenes Británicas,27457000,2.23023305234e-6
2016,VGB,Islas Vírgenes Británicas,29842082.2513351,2.36005621147e-6
2017,VGB,Islas Vírgenes Británicas,26446694.8472989,2.02033804858e-6
2018,VGB,Islas Vírgenes Británicas,27965044.43937,2.05267935427e-6
2019,VGB,Islas Vírgenes Británicas,27742443.8909806,2.0055416545e-6
2020,VGB,Islas Vírgenes Británicas,23870749.6366787,1.76280070776e-6
2021,VGB,Islas Vírgenes Británicas,23211790.7739938,1.56959794454e-6
2022,VGB,Islas Vírgenes Británicas,22074178.5207646,1.46107657163e-6
2023,VGB,Islas Vírgenes Británicas,21290564.3230364,1.38737210975e-6
1970,VNM,Vietnam,1684024922.86872,5.9927191302595e-4
1971,VNM,Vietnam,1748119479.08919,6.0307432167879e-4
1972,VNM,Vietnam,1782357117.84337,5.7819029967192e-4
1973,VNM,Vietnam,1757049509.41042,5.2286902700434e-4
1974,VNM,Vietnam,1800731200.97145,5.2892738894613e-4
1975,VNM,Vietnam,1854282446.56854,5.6110780462503e-4
1976,VNM,Vietnam,2058469432.33585,5.8201091576579e-4
1977,VNM,Vietnam,2337942454.58578,6.3613157227853e-4
1978,VNM,Vietnam,2377860204.75301,6.2543189102573e-4
1979,VNM,Vietnam,2539719401.99631,6.4179260246883e-4
1980,VNM,Vietnam,2451295789.33145,6.1862845199687e-4
1981,VNM,Vietnam,2586077370.85393,6.4455436665099e-4
1982,VNM,Vietnam,2811378545.21967,7.1322240041763e-4
1983,VNM,Vietnam,3005127339.7173,7.4827187628991e-4
1984,VNM,Vietnam,3219157047.51222,7.6030650530403e-4
1985,VNM,Vietnam,3500454189.37108,7.9361252383528e-4
1986,VNM,Vietnam,3535926177.39025,7.8522128674646e-4
1987,VNM,Vietnam,3475082651.55491,7.3776769595531e-4
1988,VNM,Vietnam,4234922825.35495,8.5142348826358e-4
1989,VNM,Vietnam,3711930072.95017,7.2538964510215e-4
1990,VNM,Vietnam,3494822157.24605,6.7584068708529e-4
1991,VNM,Vietnam,3854324738.31079,7.46958694868e-4
1992,VNM,Vietnam,4308757096.28267,8.3947054941359e-4
1993,VNM,Vietnam,4757036598.34389,9.3304982014927e-4
1994,VNM,Vietnam,5240475277.03743,9.9061251919864e-4
1995,VNM,Vietnam,5950451025.39503,0.00107083120527586
1996,VNM,Vietnam,6759039984.15666,0.00118671454114265
1997,VNM,Vietnam,7625891438.48631,0.00127814749797906
1998,VNM,Vietnam,8403577654.66625,0.00138906382822899
1999,VNM,Vietnam,9074974182.98565,0.00145050560146331
2000,VNM,Vietnam,10135294127.1591,0.00152221688773804
2001,VNM,Vietnam,11285356423.1209,0.00170791886367992
2002,VNM,Vietnam,12593950182.1921,0.00188086982269389
2003,VNM,Vietnam,14046575916.2868,0.00202570234050192
2004,VNM,Vietnam,15572620268.1074,0.00185927719786475
2005,VNM,Vietnam,17584644692.7572,0.00201133446523679
2006,VNM,Vietnam,22096204159.8786,0.00236776194287639
2007,VNM,Vietnam,27431710884.2885,0.0027714374430712
2008,VNM,Vietnam,33284220986.4174,0.00331826918011461
2009,VNM,Vietnam,37633005424.425,0.00399151195057418
2010,VNM,Vietnam,33184832424.4656,0.00321956750677596
2011,VNM,Vietnam,37363245304.2114,0.00347313937617741
2012,VNM,Vietnam,40494959243.6614,0.00367724572110488
2013,VNM,Vietnam,43127194785.025,0.00378991093219994
2014,VNM,Vietnam,45929759124.3013,0.00386973707039567
2015,VNM,Vietnam,50148764986.0912,0.00407340325622277
2016,VNM,Vietnam,55735447392.9275,0.00440782877384776
2017,VNM,Vietnam,62493948698.5184,0.00477409003624907
2018,VNM,Vietnam,69668487506.0024,0.00511377932036364
2019,VNM,Vietnam,76353057774.9554,0.00551967369632182
2020,VNM,Vietnam,80164709285.1846,0.00591998191999051
2021,VNM,Vietnam,84465595988.8999,0.00571162419736262
2022,VNM,Vietnam,91387100505.0103,0.00604885710114835
2023,VNM,Vietnam,94696999920.957,0.00617080762042582
1970,VUT,Vanuatu,3936758.76312516,1.40092282665e-6
1971,VUT,Vanuatu,4039864.34530401,1.39369103706e-6
1972,VUT,Vanuatu,4152343.14499867,1.34700532419e-6
1973,VUT,Vanuatu,4855335.80101113,1.44486805434e-6
1974,VUT,Vanuatu,6533144.87896479,1.91897561422e-6
1975,VUT,Vanuatu,6233201.36573612,1.88617324215e-6
1976,VUT,Vanuatu,6355053.41453075,1.79682554398e-6
1977,VUT,Vanuatu,6294127.39802948,1.71257130387e-6
1978,VUT,Vanuatu,7400169.14944946,1.9464145856e-6
1979,VUT,Vanuatu,7686052.82850838,1.94228222363e-6
1980,VUT,Vanuatu,6804968.70806189,1.71735588829e-6
1981,VUT,Vanuatu,7088040.41712845,1.76662440704e-6
1982,VUT,Vanuatu,7843523.14808091,1.98983392575e-6
1983,VUT,Vanuatu,7009796.15426131,1.74542797286e-6
1984,VUT,Vanuatu,9444066.18799478,2.2305171364e-6
1985,VUT,Vanuatu,10503424.4556986,2.3813050365e-6
1986,VUT,Vanuatu,10525963.9912933,2.3374953477e-6
1987,VUT,Vanuatu,13253248.0193421,2.81369372632e-6
1988,VUT,Vanuatu,15417043.6259391,3.09956842285e-6
1989,VUT,Vanuatu,17445601.9873837,3.40923960999e-6
1990,VUT,Vanuatu,19631937.1295753,3.79649128953e-6
1991,VUT,Vanuatu,22584616.5293634,4.37684337263e-6
1992,VUT,Vanuatu,20961769.8402077,4.08395926046e-6
1993,VUT,Vanuatu,19474160.3646203,3.81968089799e-6
1994,VUT,Vanuatu,20263044.1736034,3.83034441998e-6
1995,VUT,Vanuatu,20871611.6820368,3.75601328338e-6
1996,VUT,Vanuatu,21097007.053776,3.70409482766e-6
1997,VUT,Vanuatu,21254783.818731,3.56243581188e-6
1998,VUT,Vanuatu,20713834.9170818,3.42387968667e-6
1999,VUT,Vanuatu,21351944.5657861,3.4128047717e-6
2000,VUT,Vanuatu,22762058.2916855,3.41862693835e-6
2001,VUT,Vanuatu,22865796.346813,3.46049548189e-6
2002,VUT,Vanuatu,20715041.1795965,3.09373113811e-6
2003,VUT,Vanuatu,20640253.2826936,2.97659797181e-6
2004,VUT,Vanuatu,21019263.2894148,2.50957361555e-6
2005,VUT,Vanuatu,20592877.0318534,2.35541656008e-6
2006,VUT,Vanuatu,27730898.8251032,2.9715586625e-6
2007,VUT,Vanuatu,17244955.3058159,1.74226518499e-6
2008,VUT,Vanuatu,16486935.2923734,1.64366440414e-6
2009,VUT,Vanuatu,18824163.6671543,1.9965685278e-6
2010,VUT,Vanuatu,34710999.7822191,3.36763511706e-6
2011,VUT,Vanuatu,32073721.8187839,2.98144621224e-6
2012,VUT,Vanuatu,27651938.4070363,2.51100319858e-6
2013,VUT,Vanuatu,25993769.6276309,2.28426801631e-6
2014,VUT,Vanuatu,28552087.1729992,2.40560961514e-6
2015,VUT,Vanuatu,24919907.9419208,2.02415421762e-6
2016,VUT,Vanuatu,25662135.8717498,2.02948583325e-6
2017,VUT,Vanuatu,26167482.5473781,1.99900822887e-6
2018,VUT,Vanuatu,27178175.8986347,1.99492193459e-6
2019,VUT,Vanuatu,28552087.1729992,2.06407194599e-6
2020,VUT,Vanuatu,23593372.9183965,1.74231706637e-6
2021,VUT,Vanuatu,25472630.8683892,1.72247757367e-6
2022,VUT,Vanuatu,25434898.132368,1.68352057713e-6
2023,VUT,Vanuatu,25290860.9855033,1.64804627207e-6
1970,WSM,Samoa,53431504.4010569,1.901397029429e-5
1971,WSM,Samoa,60651991.0843938,2.092400366177e-5
1972,WSM,Samoa,61614704.3314099,1.998759059277e-5
1973,WSM,Samoa,66107435.4967408,1.967248520363e-5
1974,WSM,Samoa,59047480.4681694,1.734397096636e-5
1975,WSM,Samoa,56801008.2876401,1.718804442103e-5
1976,WSM,Samoa,62096040.9678185,1.755701255573e-5
1977,WSM,Samoa,61614956.6416763,1.676483489465e-5
1978,WSM,Samoa,65465221.1923395,1.721885794837e-5
1979,WSM,Samoa,74130241.7477892,1.873287290539e-5
1980,WSM,Samoa,69638688.7467514,1.757457194924e-5
1981,WSM,Samoa,63329018.9141295,1.578413551615e-5
1982,WSM,Samoa,62690578.088141,1.590405698429e-5
1983,WSM,Samoa,62963807.3256079,1.567788679807e-5
1984,WSM,Samoa,63757310.2183902,1.505832023858e-5
1985,WSM,Samoa,66282502.2860327,1.502737104375e-5
1986,WSM,Samoa,69932284.6236573,1.552982606606e-5
1987,WSM,Samoa,70184280.2543817,1.490027718114e-5
1988,WSM,Samoa,69337631.0193789,1.394020389627e-5
1989,WSM,Samoa,71827906.6988327,1.403669215872e-5
1990,WSM,Samoa,68313054.0459652,1.321061253076e-5
1991,WSM,Samoa,67629206.3984649,1.310637457301e-5
1992,WSM,Samoa,66714460.9006725,1.299790726064e-5
1993,WSM,Samoa,68306976.6782378,1.339779734441e-5
1994,WSM,Samoa,71170458.7859989,1.345342621487e-5
1995,WSM,Samoa,69253527.0241539,1.246272551381e-5
1996,WSM,Samoa,72080312.8172987,1.265545928873e-5
1997,WSM,Samoa,67611482.3544562,1.133211083623e-5
1998,WSM,Samoa,67987030.0672964,1.123787131338e-5
1999,WSM,Samoa,74391129.7035396,1.189036444163e-5
2000,WSM,Samoa,81641378.682384,1.226169500454e-5
2001,WSM,Samoa,97756569.9312714,1.479441885346e-5
2002,WSM,Samoa,102600501.083654,1.532308636208e-5
2003,WSM,Samoa,115286336.75424,1.662581710893e-5
2004,WSM,Samoa,108857625.0467,1.299694570203e-5
2005,WSM,Samoa,110339401.547481,1.262063835145e-5
2006,WSM,Samoa,92236804.0240379,9.88381500824e-6
2007,WSM,Samoa,105281168.284813,1.063660130662e-5
2008,WSM,Samoa,87843425.936248,8.75754709953e-6
2009,WSM,Samoa,70483129.0848908,7.47573171165e-6
2010,WSM,Samoa,70336639.1197017,6.82400787652e-6
2011,WSM,Samoa,70108354.6363933,6.51699511389e-6
2012,WSM,Samoa,63025431.2068118,5.72318139231e-6
2013,WSM,Samoa,57408833.6053806,5.04494593655e-6
2014,WSM,Samoa,53319749.0059259,4.4923686352e-6
2015,WSM,Samoa,51878929.2956726,4.21393826111e-6
2016,WSM,Samoa,55433251.5269358,4.38392966303e-6
2017,WSM,Samoa,48558039.6227776,3.70948640581e-6
2018,WSM,Samoa,38192427.6700834,2.80338577462e-6
2019,WSM,Samoa,42889850.374583,3.1005697198e-6
2020,WSM,Samoa,37479685.9838695,2.76778978393e-6
2021,WSM,Samoa,37327070.9398123,2.52408331582e-6
2022,WSM,Samoa,41930081.0338944,2.77532679133e-6
2023,WSM,Samoa,33010276.9697177,2.15107203868e-6
1970,YDR,Yemen Democrático,173786945.91704,6.184328635779e-5
1971,YDR,Yemen Democrático,98683840.8268713,3.404440662049e-5
1972,YDR,Yemen Democrático,173725931.143742,5.635607319274e-5
1973,YDR,Yemen Democrático,117879237.394765,3.507892169828e-5
1974,YDR,Yemen Democrático,143246052.000793,4.207555254262e-5
1975,YDR,Yemen Democrático,72242796.2009433,2.186074556834e-5
1976,YDR,Yemen Democrático,119970500.691294,3.392041673069e-5
1977,YDR,Yemen Democrático,175899920.881107,4.786067040028e-5
1978,YDR,Yemen Democrático,201346420.279854,5.29587366554e-5
1979,YDR,Yemen Democrático,144312999.754926,3.646820810598e-5
1980,YDR,Yemen Democrático,116020682.291345,2.927989979744e-5
1981,YDR,Yemen Democrático,112242522.914539,2.797534562726e-5
1982,YDR,Yemen Democrático,123999640.262055,3.145763534014e-5
1983,YDR,Yemen Democrático,134059373.00279,3.338056835238e-5
1984,YDR,Yemen Democrático,133660452.744434,3.156817459465e-5
1985,YDR,Yemen Democrático,173560048.303735,3.934901601898e-5
1986,YDR,Yemen Democrático,161163978.471605,3.578960085814e-5
1987,YDR,Yemen Democrático,150675609.209203,3.198876348831e-5
1988,YDR,Yemen Democrático,93123919.362438,1.872239366196e-5
1989,YDR,Yemen Democrático,157796360.512764,3.083674630211e-5
1990,YDR,Yemen Democrático,146194870.884705,2.827166520682e-5
1989,YEM,Yemen,586772672.985738,1.1466779078477e-4
1990,YEM,Yemen,626086132.281879,1.2107468213758e-4
1991,YEM,Yemen,736307731.936161,1.4269463519809e-4
1992,YEM,Yemen,804299550.628895,1.5670082359529e-4
1993,YEM,Yemen,852644734.584934,1.672385738072e-4
1994,YEM,Yemen,807080188.656614,1.5256321165824e-4
1995,YEM,Yemen,948576746.677181,1.7070396455763e-4
1996,YEM,Yemen,2115939149.37632,3.7150479396834e-4
1997,YEM,Yemen,2132433388.60984,3.5740928417933e-4
1998,YEM,Yemen,2199905600.67228,3.6363194593857e-4
1999,YEM,Yemen,2188953298.18944,3.4987306369622e-4
2000,YEM,Yemen,2310986062.9681,3.4708632707073e-4
2001,YEM,Yemen,2381001521.5303,3.6033929816703e-4
2002,YEM,Yemen,2398310937.43123,3.5818076158738e-4
2003,YEM,Yemen,2533540139.27223,3.6537005320482e-4
2004,YEM,Yemen,2749595554.23028,3.2828517162269e-4
2005,YEM,Yemen,2813532492.90499,3.2181229538144e-4
2006,YEM,Yemen,2982401092.79755,3.1958501807931e-4
2007,YEM,Yemen,3086015344.93416,3.1178144567502e-4
2008,YEM,Yemen,3262269338.42152,3.2523182102818e-4
2009,YEM,Yemen,3499588146.50475,3.7118076941565e-4
2010,YEM,Yemen,3895203588.72603,3.7790972532661e-4
2011,YEM,Yemen,3376285160.94451,3.1384610309421e-4
2012,YEM,Yemen,3449852015.83279,3.1327241218675e-4
2013,YEM,Yemen,3706635840.09785,3.2572996602479e-4
2014,YEM,Yemen,3403462709.03076,2.8675320889887e-4
2015,YEM,Yemen,2547444784.90831,2.0691974936513e-4
2016,YEM,Yemen,2326833518.68593,1.8401724962054e-4
2017,YEM,Yemen,2136213342.0491,1.631913976308e-4
2018,YEM,Yemen,2044997032.34862,1.5010607964366e-4
2019,YEM,Yemen,1915645265.29147,1.3848478489857e-4
2020,YEM,Yemen,1892657522.10806,1.3976846434699e-4
2021,YEM,Yemen,1817807283.17336,1.229214326041e-4
2022,YEM,Yemen,1747831484.08606,1.1568791247015e-4
2023,YEM,Yemen,1695226426.93958,1.1046723932582e-4
1970,YMD,República Arábica de Yemen,101727813.617906,3.620054587487e-5
1971,YMD,República Arábica de Yemen,113517840.395014,3.916190821827e-5
1972,YMD,República Arábica de Yemen,133199171.013589,4.320933657649e-5
1973,YMD,República Arábica de Yemen,156653705.317522,4.661756543415e-5
1974,YMD,República Arábica de Yemen,159987212.243179,4.699292064851e-5
1975,YMD,República Arábica de Yemen,184085857.27523,5.570457263906e-5
1976,YMD,República Arábica de Yemen,207941902.355959,5.879341957433e-5
1977,YMD,República Arábica de Yemen,248693014.043714,6.766696833277e-5
1978,YMD,República Arábica de Yemen,286888775.292062,7.545834228871e-5
1979,YMD,República Arábica de Yemen,323371419.765885,8.171665928624e-5
1980,YMD,República Arábica de Yemen,343273321.020616,8.663117854607e-5
1981,YMD,República Arábica de Yemen,371997809.735472,9.271679778491e-5
1982,YMD,República Arábica de Yemen,441876441.105079,1.121002280354e-4
1983,YMD,República Arábica de Yemen,538560920.840526,1.3410080345269e-4
1984,YMD,República Arábica de Yemen,595479469.887841,1.4064144993504e-4
1985,YMD,República Arábica de Yemen,692785884.493887,1.5706634754429e-4
1986,YMD,República Arábica de Yemen,766733484.999176,1.7026810614213e-4
1987,YMD,República Arábica de Yemen,762001711.60875,1.6177464062215e-4
1988,YMD,República Arábica de Yemen,817501621.319185,1.6435720573641e-4
1989,YMD,República Arábica de Yemen,859934283.596231,1.6804934697847e-4
1990,YMD,República Arábica de Yemen,896134791.556366,1.732976174455e-4
1970,YUG,Yugoslavia,14922004759.0985,0.00531009857201763
1971,YUG,Yugoslavia,16069276292.7296,0.00554365306034817
1972,YUG,Yugoslavia,16626479121.1903,0.00539357059779468
1973,YUG,Yugoslavia,17326416038.3923,0.00515605635865464
1974,YUG,Yugoslavia,20524442117.821,0.00602862857771258
1975,YUG,Yugoslavia,20434406444.7346,0.00618347272835328
1976,YUG,Yugoslavia,20456428608.9921,0.00578384335516064
1977,YUG,Yugoslavia,22276946970.6378,0.00606134221747051
1978,YUG,Yugoslavia,24608363573.8421,0.00647256526446449
1979,YUG,Yugoslavia,25544368510.355,0.00645511733768593
1980,YUG,Yugoslavia,27440783646.1551,0.00692517385396067
1981,YUG,Yugoslavia,28926455169.1697,0.00720963463860558
1982,YUG,Yugoslavia,29112653166.813,0.00738562809674501
1983,YUG,Yugoslavia,29164417997.4818,0.00726189319416058
1984,YUG,Yugoslavia,31116341516.9042,0.0073491154756949
1985,YUG,Yugoslavia,34956287120.2628,0.00792518506017266
1986,YUG,Yugoslavia,34334240058.3202,0.0076245868283241
1987,YUG,Yugoslavia,37343964502.884,0.00792820586203965
1988,YUG,Yugoslavia,39277984073.3981,0.0078967668575947
1989,YUG,Yugoslavia,42278771898.5239,0.0082621662423857
1990,YUG,Yugoslavia,24828741837.5831,0.00480146719574384
1970,ZAF,Sudáfrica,12485090036.8304,0.00444290561800424
1971,ZAF,Sudáfrica,13278610474.511,0.00458091629350472
1972,ZAF,Sudáfrica,13782911697.5842,0.00447112745532191
1973,ZAF,Sudáfrica,15061508150.9309,0.00448205703363347
1974,ZAF,Sudáfrica,16038629319.8756,0.00471101423902703
1975,ZAF,Sudáfrica,16655638321.7714,0.00504001354844965
1976,ZAF,Sudáfrica,17073185796.1707,0.00482726648459046
1977,ZAF,Sudáfrica,16501356031.9092,0.00448985967841801
1978,ZAF,Sudáfrica,17698725983.7134,0.00465517175425789
1979,ZAF,Sudáfrica,19160082065.4521,0.00484179430319635
1980,ZAF,Sudáfrica,20728017891.0376,0.00523108703433678
1981,ZAF,Sudáfrica,22638643039.4837,0.00564245926692212
1982,ZAF,Sudáfrica,21456533096.0678,0.00544333670947262
1983,ZAF,Sudáfrica,21070947529.0045,0.00524663205926498
1984,ZAF,Sudáfrica,22469941844.1053,0.0053069927020427
1985,ZAF,Sudáfrica,21730732617.3931,0.00492672682580586
1986,ZAF,Sudáfrica,21695165983.6192,0.00481783422367966
1987,ZAF,Sudáfrica,22173513176.5438,0.00470748565366464
1988,ZAF,Sudáfrica,23616364996.1158,0.00474802698757886
1989,ZAF,Sudáfrica,24057583507.2323,0.00470136064509881
1990,ZAF,Sudáfrica,23516874547.5131,0.00454777380283474
1991,ZAF,Sudáfrica,24554389431.0817,0.00475858053692686
1992,ZAF,Sudáfrica,25309035027.1873,0.00493093230011289
1993,ZAF,Sudáfrica,26336762320.065,0.00516571837067762
1994,ZAF,Sudáfrica,27047854902.7122,0.00511288428389311
1995,ZAF,Sudáfrica,28805965471.3783,0.0051838636421351
1996,ZAF,Sudáfrica,29209248987.9533,0.00512839701956364
1997,ZAF,Sudáfrica,29997898710.6693,0.00502783700646045
1998,ZAF,Sudáfrica,29937902913.2194,0.00494856592497757
1999,ZAF,Sudáfrica,30117530330.6785,0.0048138590332075
2000,ZAF,Sudáfrica,32557050287.4781,0.00488973394760543
2001,ZAF,Sudáfrica,33598875896.6461,0.00508483310502772
2002,ZAF,Sudáfrica,34539644421.8023,0.00515839541523719
2003,ZAF,Sudáfrica,34020086304.1595,0.00490614715366382
2004,ZAF,Sudáfrica,35685246667.6162,0.00426060382177042
2005,ZAF,Sudáfrica,37899219547.1376,0.00433491877786594
2006,ZAF,Sudáfrica,40339241164.0455,0.00432263022832536
2007,ZAF,Sudáfrica,42498330500.9771,0.00429362444490774
2008,ZAF,Sudáfrica,43482193237.931,0.00433495564652375
2009,ZAF,Sudáfrica,38861354873.362,0.00412179576526337
2010,ZAF,Sudáfrica,41157024433.92,0.00399302358523713
2011,ZAF,Sudáfrica,42405736215.1462,0.00394186936989695
2012,ZAF,Sudáfrica,43294751020.201,0.003931487792774
2013,ZAF,Sudáfrica,43735697420.2103,0.00384338463483366
2014,ZAF,Sudáfrica,43453503245.1534,0.00366110416323431
2015,ZAF,Sudáfrica,43372940777.3464,0.00352302750114387
2016,ZAF,Sudáfrica,43567890507.1567,0.00344555952048683
2017,ZAF,Sudáfrica,43485824026.7392,0.0033220054665718
2018,ZAF,Sudáfrica,44145522959.8732,0.00324035256800125
2019,ZAF,Sudáfrica,43837090447.5549,0.0031690470836129
2020,ZAF,Sudáfrica,38692957247.289,0.00285738711432276
2021,ZAF,Sudáfrica,41281732003.3983,0.00279150033406068
2022,ZAF,Sudáfrica,41129681654.417,0.00272234883882383
2023,ZAF,Sudáfrica,41315051317.339,0.00269224192656707
1970,ZMB,Zambia,395414079.785558,1.4071083439004e-4
1971,ZMB,Zambia,433810336.323781,1.4965789091946e-4
1972,ZMB,Zambia,456713366.38544,1.4815618908857e-4
1973,ZMB,Zambia,482984489.370836,1.4372823797108e-4
1974,ZMB,Zambia,534516307.244882,1.5700306330431e-4
1975,ZMB,Zambia,509592421.460355,1.542031988645e-4
1976,ZMB,Zambia,490731102.53068,1.3874913753494e-4
1977,ZMB,Zambia,475911494.732989,1.2949092344685e-4
1978,ZMB,Zambia,495446432.184661,1.3031379992979e-4
1979,ZMB,Zambia,464796788.806283,1.1745515684632e-4
1980,ZMB,Zambia,457386985.064312,1.1542980808979e-4
1981,ZMB,Zambia,499151334.212522,1.244085639944e-4
1982,ZMB,Zambia,499488143.473521,1.2671581821454e-4
1983,ZMB,Zambia,542936538.926723,1.3519032532154e-4
1984,ZMB,Zambia,551019961.347566,1.3014092042781e-4
1985,ZMB,Zambia,594131547.53977,1.3469973078491e-4
1986,ZMB,Zambia,557756146.724415,1.2386061734607e-4
1987,ZMB,Zambia,583353651.030938,1.2384726413791e-4
1988,ZMB,Zambia,631180566.877123,1.2689769852645e-4
1989,ZMB,Zambia,640948035.60296,1.2525480247138e-4
1990,ZMB,Zambia,685070049.735035,1.3248119425891e-4
1991,ZMB,Zambia,632864613.182117,1.2264761212046e-4
1992,ZMB,Zambia,708817099.188498,1.3809807942129e-4
1993,ZMB,Zambia,653039573.507147,1.2808782190646e-4
1994,ZMB,Zambia,596722599.489081,1.1279909670269e-4
1995,ZMB,Zambia,595640159.314394,1.0719020574864e-4
1996,ZMB,Zambia,630278244.904379,1.1066073879532e-4
1997,ZMB,Zambia,664069203.401132,1.1130218646026e-4
1998,ZMB,Zambia,678564489.218681,1.1216286989041e-4
1999,ZMB,Zambia,700166230.096131,1.1191161740316e-4
2000,ZMB,Zambia,728246924.482941,1.0937519454129e-4
2001,ZMB,Zambia,762445758.987546,1.1538806976797e-4
2002,ZMB,Zambia,810402564.987813,1.2103126554165e-4
2003,ZMB,Zambia,877630965.648411,1.2656601237242e-4
2004,ZMB,Zambia,925174071.171432,1.1046021960142e-4
2005,ZMB,Zambia,959568069.796409,1.0975554890325e-4
2006,ZMB,Zambia,1024137787.17496,1.0974348622002e-4
2007,ZMB,Zambia,1065972399.08366,1.0769564583713e-4
2008,ZMB,Zambia,1098109517.00381,1.094759876805e-4
2009,ZMB,Zambia,1138115315.33292,1.2071320988183e-4
2010,ZMB,Zambia,1155748043.32928,1.1212980673602e-4
2011,ZMB,Zambia,1278220658.45655,1.1881833240616e-4
2012,ZMB,Zambia,1339715810.40979,1.2165623384587e-4
2013,ZMB,Zambia,1422922516.01182,1.2504290218707e-4
2014,ZMB,Zambia,1515996683.49614,1.2772783216313e-4
2015,ZMB,Zambia,1598125854.10311,1.2980999750966e-4
2016,ZMB,Zambia,1628763999.45683,1.288105354569e-4
2017,ZMB,Zambia,1700073891.0827,1.2987346764499e-4
2018,ZMB,Zambia,1769289851.76327,1.2986872802279e-4
2019,ZMB,Zambia,1812223461.10257,1.3100827211907e-4
2020,ZMB,Zambia,1829998459.38797,1.3514123471273e-4
2021,ZMB,Zambia,1906255739.05562,1.289023806448e-4
2022,ZMB,Zambia,2167126793.47317,1.4344081627877e-4
2023,ZMB,Zambia,2208472103.36094,1.4391223054893e-4
1990,ZPM,Zanzibar,26529555.0939801,5.13037629271e-6
1991,ZPM,Zanzibar,29581929.0549165,5.73290540335e-6
1992,ZPM,Zanzibar,28285651.084905,5.51086323182e-6
1993,ZPM,Zanzibar,26228427.7706581,5.14446952599e-6
1994,ZPM,Zanzibar,25761897.2471102,4.86979836411e-6
1995,ZPM,Zanzibar,27238867.3182142,4.90185180858e-6
1996,ZPM,Zanzibar,41783212.2512365,7.33606335669e-6
1997,ZPM,Zanzibar,47879304.1803157,8.02487333273e-6
1998,ZPM,Zanzibar,46666935.9697184,7.71378041515e-6
1999,ZPM,Zanzibar,45974303.0511505,7.34833871198e-6
2000,ZPM,Zanzibar,45580859.1797182,6.84577603081e-6
2001,ZPM,Zanzibar,41864952.1101376,6.33581596851e-6
2002,ZPM,Zanzibar,48323873.6673488,7.2170299534e-6
2003,ZPM,Zanzibar,54448101.6097811,7.85213759738e-6
2004,ZPM,Zanzibar,51648678.4243768,6.16654156082e-6
2005,ZPM,Zanzibar,52876282.541931,6.0479976325e-6
2006,ZPM,Zanzibar,54738150.2939336,5.86557347821e-6
2007,ZPM,Zanzibar,55014852.5494915,5.55817400248e-6
2008,ZPM,Zanzibar,54772944.2798906,5.46058665402e-6
2009,ZPM,Zanzibar,57327154.0446247,6.08035467486e-6
2010,ZPM,Zanzibar,59332228.5170517,5.75636822855e-6
2011,ZPM,Zanzibar,64119361.5941048,5.96028202889e-6
2012,ZPM,Zanzibar,70537524.5918826,6.40533575851e-6
2013,ZPM,Zanzibar,74765748.7090322,6.57022859471e-6
2014,ZPM,Zanzibar,81544967.8992364,6.87043849565e-6
2015,ZPM,Zanzibar,90446835.9425512,7.34667017514e-6
2016,ZPM,Zanzibar,97701604.8048386,7.72671549353e-6
2017,ZPM,Zanzibar,106118382.052766,8.10668426258e-6
2018,ZPM,Zanzibar,108317359.892314,7.95066887315e-6
2019,ZPM,Zanzibar,125323658.936422,9.05982974247e-6
2020,ZPM,Zanzibar,139394304.988979,1.029395319514e-5
2021,ZPM,Zanzibar,145760242.890773,9.85641219435e-6
2022,ZPM,Zanzibar,155129625.97602,1.026793644286e-5
2023,ZPM,Zanzibar,162760013.797883,1.060604596009e-5
1970,ZWE,Zimbabwe,790902617.367467,2.8144816510175e-4
1971,ZWE,Zimbabwe,827903909.396114,2.8561410964565e-4
1972,ZWE,Zimbabwe,982075959.85566,3.1858194289178e-4
1973,ZWE,Zimbabwe,1059161984.74525,3.1518918131656e-4
1974,ZWE,Zimbabwe,1134706289.55887,3.3329640461238e-4
1975,ZWE,Zimbabwe,1123914246.30566,3.4009762455466e-4
1976,ZWE,Zimbabwe,1059161984.74525,2.9946708316498e-4
1977,ZWE,Zimbabwe,1006743488.55512,2.7392518451409e-4
1978,ZWE,Zimbabwe,969742195.846111,2.5506448787155e-4
1979,ZWE,Zimbabwe,1074579190.26746,2.715484925376e-4
1980,ZWE,Zimbabwe,1236459843.14793,3.1204281509067e-4
1981,ZWE,Zimbabwe,1358255762.48709,3.385318987772e-4
1982,ZWE,Zimbabwe,1352088880.14213,3.4301324462786e-4
1983,ZWE,Zimbabwe,1313545868.03752,3.2707080937267e-4
1984,ZWE,Zimbabwe,1247251886.40115,2.9457827281721e-4
1985,ZWE,Zimbabwe,1390631892.92711,3.1527991128202e-4
1986,ZWE,Zimbabwe,1433600855.98152,3.1835899629711e-4
1987,ZWE,Zimbabwe,1451960321.51905,3.0825437217913e-4
1988,ZWE,Zimbabwe,1528913828.69866,3.073853288403e-4
1989,ZWE,Zimbabwe,1624617427.73413,3.1748460670602e-4
1990,ZWE,Zimbabwe,1719930400.45126,3.3260603580923e-4
1991,ZWE,Zimbabwe,1898056283.28755,3.6783865927494e-4
1992,ZWE,Zimbabwe,1789071367.65667,3.4856286636408e-4
1993,ZWE,Zimbabwe,1760946229.1925,3.4539371906716e-4
1994,ZWE,Zimbabwe,1807040206.87586,3.4158669910537e-4
1995,ZWE,Zimbabwe,1676570811.07851,3.0171231301552e-4
1996,ZWE,Zimbabwe,1922665780.12407,3.3757093379812e-4
1997,ZWE,Zimbabwe,1907431329.89585,3.1969752015735e-4
1998,ZWE,Zimbabwe,1843368512.31294,3.0469838297125e-4
1999,ZWE,Zimbabwe,1761336856.19121,2.8152465499671e-4
2000,ZWE,Zimbabwe,1535296473.63931,2.3058573244519e-4
2001,ZWE,Zimbabwe,1436611861.59149,2.1741595091951e-4
2002,ZWE,Zimbabwe,1289148812.24731,1.9253062485082e-4
2003,ZWE,Zimbabwe,1187036780.3387,1.7118642995449e-4
2004,ZWE,Zimbabwe,1082863688.25504,1.292874114507e-4
2005,ZWE,Zimbabwe,1115092409.80289,1.27544447724e-4
2006,ZWE,Zimbabwe,1080106539.643,1.1574092727936e-4
2007,ZWE,Zimbabwe,1025455571.73495,1.0360221350028e-4
2008,ZWE,Zimbabwe,956503025.915976,9.535853378928e-5
2009,ZWE,Zimbabwe,1208731869.32442,1.2820309319002e-4
2010,ZWE,Zimbabwe,2093454223.61253,2.0310535575574e-4
2011,ZWE,Zimbabwe,2383354217.3159,2.2154717322173e-4
2012,ZWE,Zimbabwe,2510749542.96913,2.2799487111706e-4
2013,ZWE,Zimbabwe,2495654856.35442,2.1931196012729e-4
2014,ZWE,Zimbabwe,2368598249.81606,1.9956238889434e-4
2015,ZWE,Zimbabwe,2373335446,1.9277747590646e-4
2016,ZWE,Zimbabwe,2386507596.42536,1.8873656433346e-4
2017,ZWE,Zimbabwe,2417532195.76809,1.8468214296725e-4
2018,ZWE,Zimbabwe,2451085448.74797,1.7991362420738e-4
2019,ZWE,Zimbabwe,2186340126.8579702,1.5805371050102e-4
2020,ZWE,Zimbabwe,1781972860.78663,1.3159465320633e-4
2021,ZWE,Zimbabwe,1803333953.08155,1.2194273563996e-4
2022,ZWE,Zimbabwe,1827736744.36158,1.209767934869e-4
2023,ZWE,Zimbabwe,1866652052.34956,1.2163796866782e-4
